mod,n,mean_pt,sum_pt,std_pt,hhmm
0,1109,0.26871055004508565,298.0,3.357184797089814,00:00
1,1159,-0.028472821397756688,-33.0,4.664389439160304,00:01
2,1148,-0.08623693379790941,-99.0,5.138064401320145,00:02
3,1136,-0.125,-142.0,4.44607930039203,00:03
4,1123,-0.06500445235975066,-73.0,5.048980648870798,00:04
5,1121,0.21231043710972347,238.0,4.4313685120126305,00:05
6,1136,0.06073943661971831,69.0,4.209158148155979,00:06
7,1132,-0.06802120141342756,-77.0,5.637891445706726,00:07
8,1134,-0.008818342151675485,-10.0,4.184820193262414,00:08
9,1113,0.09254267744833783,103.0,3.8271404064716337,00:09
10,1119,-0.1260053619302949,-141.0,4.1976261759937605,00:10
11,1130,0.06637168141592921,75.0,4.286880528127549,00:11
12,1111,-0.08370837083708371,-93.0,4.00531348904258,00:12
13,1111,0.18271827182718273,203.0,4.271412217764902,00:13
14,1105,-0.21900452488687783,-242.0,3.625968249621349,00:14
15,1107,-0.053297199638663056,-59.0,3.6597927125883962,00:15
16,1124,0.1290035587188612,145.0,4.618702011077238,00:16
17,1121,-0.045495093666369314,-51.0,3.873061698429546,00:17
18,1104,-0.07971014492753623,-88.0,3.971907871177619,00:18
19,1110,0.3162162162162162,351.0,4.758553412056076,00:19
20,1100,-0.013636363636363636,-15.0,3.7256696858848923,00:20
21,1114,0.13285457809694792,148.0,4.0701770220118965,00:21
22,1122,-0.23529411764705882,-264.0,4.190797695931627,00:22
23,1112,-0.024280575539568347,-27.0,3.986740447026065,00:23
24,1113,-0.07097933513027853,-79.0,3.54764495707773,00:24
25,1117,-0.07699194270367055,-86.0,3.7628368927071247,00:25
26,1128,0.03546099290780142,40.0,4.57807955229259,00:26
27,1114,-0.32944344703770195,-367.0,4.354268413709903,00:27
28,1105,0.046153846153846156,51.0,3.9257887320051887,00:28
29,1114,-0.0807899461400359,-90.0,3.9836513278560632,00:29
30,1106,-0.045207956600361664,-50.0,3.9793288961208293,00:30
31,1150,0.06434782608695652,74.0,4.891088703343768,00:31
32,1139,0.09394205443371378,107.0,4.5638362405308515,00:32
33,1117,-0.22649955237242614,-253.0,4.088152259977781,00:33
34,1127,-0.029281277728482696,-33.0,4.198666975067995,00:34
35,1101,0.1271571298819255,140.0,4.129516590883086,00:35
36,1130,-0.07699115044247788,-87.0,5.314410591770251,00:36
37,1128,0.22695035460992907,256.0,4.063810101003552,00:37
38,1124,-0.1610320284697509,-181.0,4.105233417173843,00:38
39,1112,0.18345323741007194,204.0,4.690279080971328,00:39
40,1112,-0.24820143884892087,-276.0,3.5606480567515146,00:40
41,1121,0.16681534344335414,187.0,3.795886581313112,00:41
42,1127,-0.1668145519077196,-188.0,3.9457510101325624,00:42
43,1107,-0.07136404697380307,-79.0,3.812675423917649,00:43
44,1118,0.08407871198568873,94.0,4.0129709791803085,00:44
45,1106,0.1763110307414105,195.0,3.7439083975970435,00:45
46,1116,0.17383512544802868,194.0,4.313112345364277,00:46
47,1119,0.13941018766756033,156.0,3.984793547479228,00:47
48,1106,-0.11211573236889692,-124.0,3.6292050223549253,00:48
49,1117,0.13160250671441362,147.0,3.845079529395619,00:49
50,1110,-0.27837837837837837,-309.0,3.5307461949976795,00:50
51,1118,0.04025044722719141,45.0,4.169118330572952,00:51
52,1108,-0.16696750902527077,-185.0,3.913254410596234,00:52
53,1121,0.05798394290811775,65.0,3.857186132461879,00:53
54,1117,-0.046553267681289166,-52.0,3.6548660584336212,00:54
55,1096,-0.05200729927007299,-57.0,3.420330778409689,00:55
56,1133,0.05472197705207414,62.0,3.6598537350119464,00:56
57,1125,-0.05688888888888889,-64.0,3.8013809898264825,00:57
58,1126,-0.056838365896980464,-64.0,3.8034326419500575,00:58
59,1125,0.0951111111111111,107.0,3.5022645331869398,00:59
60,1120,-0.08928571428571429,-100.0,3.56468020674814,01:00
61,1167,0.181662382176521,212.0,5.487666474965647,01:01
62,1161,-0.025839793281653745,-30.0,5.64825459813438,01:02
63,1155,0.2649350649350649,306.0,5.3549026654495195,01:03
64,1144,-0.08828671328671328,-101.0,4.769772407632327,01:04
65,1154,0.08145580589254767,94.0,4.564308074581848,01:05
66,1154,-0.10745233968804159,-124.0,5.041430769762969,01:06
67,1149,0.18276762402088773,210.0,5.006060682122946,01:07
68,1147,0.05754141238012206,66.0,4.622975691776507,01:08
69,1136,0.043133802816901406,49.0,4.585832083439114,01:09
70,1148,-0.1672473867595819,-192.0,4.422330639379521,01:10
71,1157,0.015557476231633534,18.0,4.843906024648871,01:11
72,1146,0.05759162303664921,66.0,5.168446334579853,01:12
73,1141,0.03856266432953549,44.0,4.4972021753461515,01:13
74,1141,0.03856266432953549,44.0,4.4833320200972615,01:14
75,1132,0.22173144876325088,251.0,4.3430835088215956,01:15
76,1137,0.3051890941072999,347.0,5.144830184472957,01:16
77,1153,-0.0745880312228968,-86.0,4.975249978828782,01:17
78,1140,-0.12543859649122807,-143.0,4.2109709007385945,01:18
79,1137,0.09762532981530343,111.0,5.318894336383394,01:19
80,1138,-0.10193321616871705,-116.0,4.929598982418558,01:20
81,1142,0.11996497373029773,137.0,4.631993000578139,01:21
82,1148,-0.15766550522648085,-181.0,5.36906948987035,01:22
83,1151,-0.2710686359687228,-312.0,4.321777672246514,01:23
84,1134,-0.24338624338624337,-276.0,4.529868063756876,01:24
85,1141,-0.20508326029798424,-234.0,4.483694681559798,01:25
86,1143,-0.08923884514435695,-102.0,5.669757053159537,01:26
87,1148,-0.032229965156794424,-37.0,4.662806842145308,01:27
88,1139,0.09394205443371378,107.0,4.72931145296384,01:28
89,1148,0.16986062717770034,195.0,4.6904043449000925,01:29
90,1146,0.1823734729493892,209.0,4.617309746616961,01:30
91,1167,0.013710368466152529,16.0,6.0621269409438385,01:31
92,1161,-0.22652885443583118,-263.0,5.098801660370406,01:32
93,1152,-0.2578125,-297.0,4.916013098535191,01:33
94,1149,0.08268059181897303,95.0,5.180971057712175,01:34
95,1153,-0.009540329575021683,-11.0,5.092793030111029,01:35
96,1161,0.04478897502153316,52.0,4.984430152233959,01:36
97,1158,0.024179620034542316,28.0,5.203825048415777,01:37
98,1150,-0.004347826086956522,-5.0,4.964011322314602,01:38
99,1141,-0.2112182296231376,-241.0,5.616087200572951,01:39
100,1142,0.005253940455341506,6.0,5.011290362006339,01:40
101,1154,0.1265164644714038,146.0,5.153290160306472,01:41
102,1151,0.2519548218940052,290.0,5.1327535708259715,01:42
103,1145,0.2410480349344978,276.0,4.558043564779185,01:43
104,1140,-0.1482456140350877,-169.0,4.4058730947626845,01:44
105,1141,-0.04382120946538125,-50.0,4.289298079771175,01:45
106,1163,0.03955288048151333,46.0,5.124288336256681,01:46
107,1153,-0.20381613183000868,-235.0,4.511857757564673,01:47
108,1150,-0.1373913043478261,-158.0,4.838046575667874,01:48
109,1137,0.05013192612137203,57.0,5.037722357323956,01:49
110,1136,-0.14348591549295775,-163.0,5.336897727435426,01:50
111,1154,0.04679376083188908,54.0,5.080059237189285,01:51
112,1153,0.0823937554206418,95.0,5.41676062364305,01:52
113,1148,0.10540069686411149,121.0,4.717313684796331,01:53
114,1146,-0.037521815008726006,-43.0,4.559302268112166,01:54
115,1142,0.16199649737302976,185.0,4.45613843117324,01:55
116,1154,0.11265164644714037,130.0,4.656953067175099,01:56
117,1151,-0.010425716768027803,-12.0,5.195974603428812,01:57
118,1148,-0.12630662020905922,-145.0,4.927785882663632,01:58
119,1157,0.1313742437337943,152.0,4.66100208226284,01:59
120,1164,0.16752577319587628,195.0,4.955028406847207,02:00
121,1173,-0.742540494458653,-871.0,8.937126193492036,02:01
122,1174,0.07836456558773425,92.0,8.252142787160254,02:02
123,1171,-0.14773697694278395,-173.0,7.16159280754052,02:03
124,1173,-0.11253196930946291,-132.0,6.95322903479258,02:04
125,1173,-0.16879795396419436,-198.0,6.9556480110419034,02:05
126,1172,0.08191126279863481,96.0,6.902278520733014,02:06
127,1168,0.3647260273972603,426.0,6.775417200833803,02:07
128,1171,0.3031596925704526,355.0,6.479116901227792,02:08
129,1166,0.15866209262435677,185.0,6.152681645213856,02:09
130,1168,-0.19006849315068494,-222.0,6.1411423031125425,02:10
131,1173,-0.011082693947144074,-13.0,6.414763789512268,02:11
132,1169,-0.05132591958939264,-60.0,6.307266441960742,02:12
133,1170,0.23333333333333334,273.0,6.166169185923043,02:13
134,1166,0.03945111492281304,46.0,5.395291640616634,02:14
135,1167,0.07883461868037704,92.0,6.24999123258949,02:15
136,1171,-0.18360375747224594,-215.0,6.408963087468433,02:16
137,1169,0.033361847733105215,39.0,6.931273361926762,02:17
138,1169,0.059880239520958084,70.0,6.067387585191245,02:18
139,1167,-0.207369323050557,-242.0,5.725557087789961,02:19
140,1164,0.16924398625429554,197.0,5.639016133450693,02:20
141,1171,0.44150298889837747,517.0,5.9880752550766365,02:21
142,1169,-0.06672369546621043,-78.0,6.016017116414686,02:22
143,1166,0.14751286449399656,172.0,5.908067357712491,02:23
144,1162,-0.09466437177280551,-110.0,5.958483042813365,02:24
145,1171,0.5089666951323655,596.0,5.576404491339072,02:25
146,1174,0.28023850085178875,329.0,6.249214889015065,02:26
147,1166,0.14150943396226415,165.0,5.979625703717862,02:27
148,1167,-0.08483290488431877,-99.0,5.8803537733285705,02:28
149,1167,0.15081405312767782,176.0,5.755261350560029,02:29
150,1169,0.03421727972626176,40.0,6.080695319830791,02:30
151,1175,-0.26893617021276595,-316.0,6.678745060218849,02:31
152,1173,-0.21057118499573743,-247.0,6.268929621425332,02:32
153,1163,-0.1298366294067068,-151.0,6.010561177657294,02:33
154,1173,-0.17902813299232737,-210.0,6.28520148903281,02:34
155,1168,-0.015410958904109588,-18.0,5.3896758238780045,02:35
156,1170,0.14615384615384616,171.0,5.704890199809282,02:36
157,1169,0.04448246364414029,52.0,5.762396324201115,02:37
158,1172,0.10494880546075085,123.0,5.438899906422462,02:38
159,1167,0.2416452442159383,282.0,5.349520749372633,02:39
160,1167,-0.2390745501285347,-279.0,5.034895230616848,02:40
161,1166,-0.05660377358490566,-66.0,5.336590362402643,02:41
162,1166,0.007718696397941681,9.0,5.422487791316882,02:42
163,1170,0.18547008547008548,217.0,5.3146305311867374,02:43
164,1170,0.05042735042735043,59.0,5.382068315739045,02:44
165,1170,0.2709401709401709,317.0,5.468715908865964,02:45
166,1171,-0.36122971818958155,-423.0,6.281175228186561,02:46
167,1170,-0.14957264957264957,-175.0,6.349449151075341,02:47
168,1169,-0.12403763900769889,-145.0,5.451295446008956,02:48
169,1164,0.0627147766323024,73.0,5.348429090999483,02:49
170,1165,-0.1407725321888412,-164.0,5.652061730747425,02:50
171,1170,-0.11538461538461539,-135.0,5.555646106315349,02:51
172,1165,-0.13648068669527896,-159.0,5.6131977804105935,02:52
173,1168,0.09332191780821918,109.0,5.200094580162778,02:53
174,1166,-0.14493996569468268,-169.0,5.609962409565345,02:54
175,1171,0.10930828351836037,128.0,5.56669035306719,02:55
176,1169,-0.3618477331052181,-423.0,6.371755043658225,02:56
177,1166,0.2281303602058319,266.0,5.632623956806069,02:57
178,1168,-0.4075342465753425,-476.0,6.300393324226452,02:58
179,1170,-0.08632478632478632,-101.0,5.6650354985483355,02:59
180,1173,-1.1892583120204603,-1395.0,8.553784098377038,03:00
181,1175,0.8221276595744681,966.0,16.924972846685215,03:01
182,1175,0.6587234042553192,774.0,10.843008097571857,03:02
183,1175,0.11574468085106383,136.0,18.898821852073905,03:03
184,1174,0.23850085178875638,280.0,9.859076065780377,03:04
185,1175,0.6553191489361702,770.0,8.35882890484116,03:05
186,1174,0.09369676320272573,110.0,9.598046714295226,03:06
187,1175,-0.23829787234042554,-280.0,9.587989212257447,03:07
188,1172,0.1075085324232082,126.0,10.204587552137294,03:08
189,1172,0.1766211604095563,207.0,8.473016365869341,03:09
190,1173,-0.2514919011082694,-295.0,8.067484662468095,03:10
191,1174,-0.17120954003407154,-201.0,10.0202091992961,03:11
192,1174,0.19420783645655879,228.0,9.237775988389691,03:12
193,1172,-0.28071672354948807,-329.0,8.845511736491183,03:13
194,1173,-0.22847399829497017,-268.0,9.622604261410782,03:14
195,1173,-0.011082693947144074,-13.0,9.30277839910285,03:15
196,1173,0.05029838022165388,59.0,10.194358357299228,03:16
197,1173,0.3410059676044331,400.0,9.22174670535608,03:17
198,1174,0.05366269165247019,63.0,8.402472906122913,03:18
199,1174,-0.19165247018739354,-225.0,8.30974726263107,03:19
200,1175,-0.25957446808510637,-305.0,8.423209083645567,03:20
201,1175,-0.33702127659574466,-396.0,9.638285188516987,03:21
202,1171,0.21605465414175917,253.0,8.150839617623694,03:22
203,1172,-0.15699658703071673,-184.0,8.533207981327593,03:23
204,1175,0.4876595744680851,573.0,8.535104934232256,03:24
205,1175,-0.14297872340425533,-168.0,7.9467981602906415,03:25
206,1174,-1.0357751277683134,-1216.0,8.802100880965796,03:26
207,1175,0.07659574468085106,90.0,8.6911371950737,03:27
208,1173,0.2932651321398124,344.0,8.247614030536948,03:28
209,1175,-0.19914893617021276,-234.0,7.928309483632627,03:29
210,1174,-0.18568994889267462,-218.0,7.045069838483225,03:30
211,1174,-0.7555366269165247,-887.0,10.735161015192157,03:31
212,1174,-0.005110732538330494,-6.0,8.808949245873322,03:32
213,1173,0.46121057118499575,541.0,8.73781379984969,03:33
214,1174,-0.19420783645655879,-228.0,8.132833720484733,03:34
215,1172,-0.05887372013651877,-69.0,8.190355793347104,03:35
216,1174,0.2887563884156729,339.0,8.397372604172412,03:36
217,1174,0.13287904599659284,156.0,7.964610067568254,03:37
218,1174,0.009369676320272573,11.0,8.468934099734394,03:38
219,1174,0.1695059625212947,199.0,8.10750803525582,03:39
220,1173,0.023017902813299233,27.0,7.658249612687308,03:40
221,1175,-0.13446808510638297,-158.0,7.789979259766495,03:41
222,1173,0.37681159420289856,442.0,7.589480396726029,03:42
223,1174,-0.3424190800681431,-402.0,7.724163408837332,03:43
224,1175,0.0825531914893617,97.0,7.434380304466248,03:44
225,1175,0.09361702127659574,110.0,7.113565401063845,03:45
226,1172,0.01962457337883959,23.0,7.8207146075350735,03:46
227,1173,0.12020460358056266,141.0,7.6403841700053885,03:47
228,1172,0.40102389078498296,470.0,7.772903885777367,03:48
229,1171,0.34585824081981215,405.0,7.414753565561487,03:49
230,1172,-0.25853242320819114,-303.0,7.318347535744906,03:50
231,1173,-0.0025575447570332483,-3.0,7.823729565023704,03:51
232,1174,0.4505962521294719,529.0,6.831839267515938,03:52
233,1174,-0.02129471890971039,-25.0,7.514831463739692,03:53
234,1172,-0.8924914675767918,-1046.0,7.023837290684304,03:54
235,1171,0.2920580700256191,342.0,7.85379847889239,03:55
236,1175,0.20170212765957446,237.0,7.71120540206029,03:56
237,1175,0.4187234042553192,492.0,7.440507259840304,03:57
238,1174,0.4250425894378194,499.0,6.98524225300905,03:58
239,1173,0.059676044330775786,70.0,6.763043438441992,03:59
240,1171,-0.5038428693424424,-590.0,6.351171418102841,04:00
241,1174,0.30579216354344124,359.0,12.24846565937018,04:01
242,1174,0.590289608177172,693.0,10.738380357566927,04:02
243,1173,-0.0034100596760443308,-4.0,10.066078031096518,04:03
244,1174,-0.30153321976149916,-354.0,9.614090666059509,04:04
245,1173,-0.04774083546462063,-56.0,9.058273918162474,04:05
246,1173,0.12531969309462915,147.0,8.67554023089512,04:06
247,1174,-0.049403747870528106,-58.0,8.691802420194534,04:07
248,1174,0.5502555366269165,646.0,9.241042985911664,04:08
249,1175,-0.20425531914893616,-240.0,7.783647008470635,04:09
250,1174,0.3270868824531516,384.0,8.252639074506094,04:10
251,1172,0.06655290102389079,78.0,8.354384341354809,04:11
252,1173,-0.29752770673486784,-349.0,8.095060371298905,04:12
253,1174,0.12691652470187392,149.0,7.5501217752874945,04:13
254,1174,0.007666098807495741,9.0,7.82169862074856,04:14
255,1172,-0.21331058020477817,-250.0,6.770526392400138,04:15
256,1174,0.21039182282793867,247.0,8.419268750393755,04:16
257,1174,0.2061328790459966,242.0,8.62272201249404,04:17
258,1172,-0.16552901023890784,-194.0,8.571290797588063,04:18
259,1174,-0.16609880749574105,-195.0,7.6725732871152,04:19
260,1173,-0.12020460358056266,-141.0,7.394424794859897,04:20
261,1173,0.2659846547314578,312.0,7.597209204888072,04:21
262,1173,-0.236999147485081,-278.0,7.742998281448739,04:22
263,1172,0.15870307167235495,186.0,7.973722922232566,04:23
264,1174,-0.18228279386712096,-214.0,6.844951436811216,04:24
265,1175,0.09276595744680852,109.0,7.647854834496969,04:25
266,1174,-0.022998296422487224,-27.0,7.3098736812713545,04:26
267,1172,0.26023890784982934,305.0,7.867260589483493,04:27
268,1173,0.37595907928388744,441.0,12.065846152839404,04:28
269,1173,-0.38704177323103156,-454.0,7.082900323474894,04:29
270,1174,0.002555366269165247,3.0,6.789302071682087,04:30
271,1175,1.0561702127659574,1241.0,8.817682635357507,04:31
272,1173,-0.36828644501278773,-432.0,7.99599410454554,04:32
273,1174,0.1465076660988075,172.0,8.122506210849886,04:33
274,1175,-0.10893617021276596,-128.0,7.597075121421531,04:34
275,1174,-0.36712095400340716,-431.0,6.632142331753089,04:35
276,1175,-0.414468085106383,-487.0,7.550237991812546,04:36
277,1173,0.16879795396419436,198.0,7.121721927494468,04:37
278,1171,0.15542271562766866,182.0,6.819135535968682,04:38
279,1172,-0.04010238907849829,-47.0,7.077171005029227,04:39
280,1171,-0.47651579846285225,-558.0,6.588004132379885,04:40
281,1174,0.12862010221465076,151.0,7.135969569152592,04:41
282,1171,0.08625106746370624,101.0,8.091585195511907,04:42
283,1169,-0.12489307100085544,-146.0,7.403359428791655,04:43
284,1172,-0.21075085324232082,-247.0,6.5553509110687225,04:44
285,1173,0.2668371696504689,313.0,6.634630932912176,04:45
286,1173,-0.03410059676044331,-40.0,7.3784019732792725,04:46
287,1172,-0.20733788395904437,-243.0,6.828546656497565,04:47
288,1172,0.0034129692832764505,4.0,6.6892719308675295,04:48
289,1173,0.043478260869565216,51.0,6.7302221061316505,04:49
290,1170,-0.2341880341880342,-274.0,6.489435547099555,04:50
291,1172,0.08617747440273038,101.0,8.253886390200952,04:51
292,1173,-0.21312872975277067,-250.0,6.774067056501158,04:52
293,1172,0.017064846416382253,20.0,7.220668378942538,04:53
294,1171,-0.3842869342442357,-450.0,7.153331115706284,04:54
295,1173,-0.014492753623188406,-17.0,6.439714768500917,04:55
296,1171,-0.06917164816396243,-81.0,7.059660114848193,04:56
297,1171,-0.13919726729291204,-163.0,6.855673977068611,04:57
298,1173,0.06308610400682012,74.0,6.6506775315185305,04:58
299,1173,0.03751065643648764,44.0,5.584775557707147,04:59
300,1171,-0.05550811272416738,-65.0,5.576307632676878,05:00
301,1174,-0.5221465076660988,-613.0,8.038108519325768,05:01
302,1174,0.46592844974446335,547.0,7.563436587138411,05:02
303,1172,-0.006825938566552901,-8.0,7.5768730660479,05:03
304,1172,-0.10324232081911262,-121.0,6.83766304627529,05:04
305,1172,-0.05204778156996587,-61.0,6.956239026081531,05:05
306,1172,0.05716723549488054,67.0,7.086700464964014,05:06
307,1172,-0.2354948805460751,-276.0,6.824192373330573,05:07
308,1173,-0.11082693947144075,-130.0,7.129446250430112,05:08
309,1171,-0.2929120409906063,-343.0,6.994046990665791,05:09
310,1173,-0.11082693947144075,-130.0,6.39282824613094,05:10
311,1174,0.3143100511073254,369.0,6.5380400163867955,05:11
312,1171,0.15627668659265584,183.0,6.727568067882661,05:12
313,1170,-0.0017094017094017094,-2.0,6.643815765230392,05:13
314,1171,0.02391118701964133,28.0,7.0517822495217235,05:14
315,1173,0.06564364876385337,77.0,6.20854479983905,05:15
316,1173,0.20971867007672634,246.0,6.872585471576956,05:16
317,1171,0.0631938514090521,74.0,6.548525224133096,05:17
318,1168,0.16267123287671234,190.0,6.944083958824909,05:18
319,1172,0.12457337883959044,146.0,6.410775800108482,05:19
320,1173,0.14578005115089515,171.0,6.073221562409894,05:20
321,1170,-0.020512820512820513,-24.0,6.707216068112921,05:21
322,1169,-0.0932420872540633,-109.0,6.581342753739526,05:22
323,1173,-0.2259164535379369,-265.0,6.34429765594902,05:23
324,1169,-0.1804961505560308,-211.0,6.6679382192766,05:24
325,1171,-0.018787361229718188,-22.0,6.305308215356612,05:25
326,1171,-0.07429547395388557,-87.0,7.540009311799439,05:26
327,1171,0.4560204953031597,534.0,6.841332719637026,05:27
328,1164,0.08247422680412371,96.0,6.349120796421766,05:28
329,1170,0.12393162393162394,145.0,6.1923149696287245,05:29
330,1171,0.035866780529461996,42.0,5.813518992214239,05:30
331,1171,-0.15286080273270708,-179.0,7.27069036543362,05:31
332,1170,-0.20341880341880342,-238.0,6.966348682397728,05:32
333,1170,0.6068376068376068,710.0,6.991571688717914,05:33
334,1173,0.1815856777493606,213.0,11.799893064052373,05:34
335,1172,0.15699658703071673,184.0,5.749326075531755,05:35
336,1172,0.23464163822525597,275.0,6.779337267845129,05:36
337,1172,0.07849829351535836,92.0,6.4785514978791126,05:37
338,1171,0.011955593509820665,14.0,6.3544743386926426,05:38
339,1169,-0.0051325919589392645,-6.0,6.126378039308446,05:39
340,1171,0.06831767719897523,80.0,6.367152256003594,05:40
341,1171,-0.09479077711357814,-111.0,6.686028181275025,05:41
342,1170,0.5230769230769231,612.0,5.953618629413287,05:42
343,1173,-0.09548167092924126,-112.0,6.074993929185295,05:43
344,1172,-0.27986348122866894,-328.0,5.739595701784765,05:44
345,1169,0.023096663815226688,27.0,5.9990279171219365,05:45
346,1170,-0.002564102564102564,-3.0,6.822382545665015,05:46
347,1168,-0.1917808219178082,-224.0,6.495205607474478,05:47
348,1170,-0.046153846153846156,-54.0,5.849956511160597,05:48
349,1171,0.06404782237403928,75.0,6.190991277884285,05:49
350,1169,0.0872540633019675,102.0,5.775561118854396,05:50
351,1175,0.19829787234042554,233.0,6.648948412181987,05:51
352,1172,-0.08959044368600683,-105.0,6.296651205137306,05:52
353,1173,-0.3256606990622336,-382.0,6.311563525842812,05:53
354,1173,0.26854219948849106,315.0,5.812368329982175,05:54
355,1169,-0.23182207014542344,-271.0,5.694128210525553,05:55
356,1174,0.5485519591141397,644.0,10.80197372867868,05:56
357,1173,-0.060528559249786874,-71.0,6.632908858499778,05:57
358,1172,-0.3267918088737201,-383.0,6.2966678686967015,05:58
359,1173,-0.023870417732310314,-28.0,6.182335539292209,05:59
360,1174,0.01788756388415673,21.0,6.395372391947016,06:00
361,1173,-0.4629156010230179,-543.0,11.181470717059288,06:01
362,1176,-0.08418367346938775,-99.0,8.02902531464789,06:02
363,1172,0.6331058020477816,742.0,12.364940226027661,06:03
364,1173,-0.32395566922421143,-380.0,7.814994821898001,06:04
365,1172,-0.029863481228668942,-35.0,6.928570213806677,06:05
366,1173,-0.23529411764705882,-276.0,7.799594088038491,06:06
367,1173,-0.36061381074168797,-423.0,7.5136088340857965,06:07
368,1174,0.21890971039182283,257.0,6.5956623869492175,06:08
369,1168,-0.2285958904109589,-267.0,7.075426953804921,06:09
370,1173,0.0792838874680307,93.0,7.119627883058915,06:10
371,1174,-0.10647359454855196,-125.0,7.008197051812576,06:11
372,1171,0.300597779675491,352.0,6.910922210255312,06:12
373,1171,-0.18104184457728437,-212.0,7.241949206901519,06:13
374,1175,-0.3123404255319149,-367.0,6.174794278472466,06:14
375,1171,0.28266438941076005,331.0,6.898373280752685,06:15
376,1172,-0.3148464163822526,-369.0,7.614473480233162,06:16
377,1174,-0.011073253833049404,-13.0,6.446240142584976,06:17
378,1173,-0.2557544757033248,-300.0,6.657469928653763,06:18
379,1169,0.04875962360992301,57.0,5.980864227010169,06:19
380,1171,0.02049530315969257,24.0,6.9573491926633375,06:20
381,1172,-0.24573378839590443,-288.0,7.816492049931707,06:21
382,1170,0.31367521367521367,367.0,6.978267694362556,06:22
383,1170,-0.03247863247863248,-38.0,6.514363009271602,06:23
384,1174,0.07495741056218058,88.0,9.119898695419986,06:24
385,1175,0.24936170212765957,293.0,6.897271083531839,06:25
386,1173,-0.2591645353793691,-304.0,8.025302030468566,06:26
387,1172,0.10580204778156997,124.0,8.496087437596701,06:27
388,1171,0.05807002561912895,68.0,7.996048769869714,06:28
389,1174,0.14054514480408858,165.0,7.037944294331765,06:29
390,1174,-0.21379897785349233,-251.0,6.838493453721287,06:30
391,1175,0.294468085106383,346.0,12.104390985362961,06:31
392,1173,-0.00937766410912191,-11.0,8.17559512637386,06:32
393,1175,0.16936170212765958,199.0,7.3925751819314085,06:33
394,1172,-0.2627986348122867,-308.0,6.808786332678022,06:34
395,1173,0.06905370843989769,81.0,6.615178446460256,06:35
396,1173,-0.13725490196078433,-161.0,7.2341920140560525,06:36
397,1173,0.28388746803069054,333.0,7.437479197960171,06:37
398,1173,0.058823529411764705,69.0,7.544574094900194,06:38
399,1174,-0.31601362862010224,-371.0,8.298756516091379,06:39
400,1176,-0.02806122448979592,-33.0,7.66056905722438,06:40
401,1175,-0.3276595744680851,-385.0,7.549205485448418,06:41
402,1175,-0.016170212765957447,-19.0,6.903859916215247,06:42
403,1173,0.005115089514066497,6.0,6.641603369310862,06:43
404,1173,-0.11764705882352941,-138.0,6.601256777763968,06:44
405,1173,0.056265984654731455,66.0,6.902680789822778,06:45
406,1171,0.18958155422715628,222.0,6.60677668767621,06:46
407,1175,-0.11404255319148936,-134.0,7.443982643460652,06:47
408,1173,-0.3989769820971867,-468.0,7.618085113435323,06:48
409,1174,0.19591141396933562,230.0,7.751409429619786,06:49
410,1171,-0.11016225448334757,-129.0,6.37548651196513,06:50
411,1174,0.338160136286201,397.0,7.991190291359277,06:51
412,1174,-0.14991482112436116,-176.0,7.229734883721671,06:52
413,1174,-0.20783645655877342,-244.0,7.284224151362812,06:53
414,1173,0.16112531969309463,189.0,7.015374833664073,06:54
415,1173,0.4799658994032396,563.0,6.587218671654045,06:55
416,1173,-0.008525149190110827,-10.0,7.538066917790581,06:56
417,1176,0.40476190476190477,476.0,6.8868875305290125,06:57
418,1173,0.5890878090366581,691.0,8.005967288329702,06:58
419,1174,0.46422487223168657,545.0,6.392530637344598,06:59
420,1175,0.2093617021276596,246.0,9.298224676278764,07:00
421,1175,0.3778723404255319,444.0,17.258092556013665,07:01
422,1175,-0.09702127659574468,-114.0,9.037162512729807,07:02
423,1175,-0.1804255319148936,-212.0,9.075480839014174,07:03
424,1174,0.018739352640545145,22.0,9.348859987407282,07:04
425,1175,0.010212765957446808,12.0,8.566896663232738,07:05
426,1174,-0.3262350936967632,-383.0,25.493727426026997,07:06
427,1175,0.23148936170212767,272.0,11.450323596805672,07:07
428,1174,-0.1524701873935264,-179.0,7.989427574755044,07:08
429,1175,-0.20170212765957446,-237.0,7.233934593757892,07:09
430,1174,0.32964224872231684,387.0,9.480065163648849,07:10
431,1175,0.03148936170212766,37.0,8.928632182599072,07:11
432,1174,0.0868824531516184,102.0,7.126020543700391,07:12
433,1174,0.0868824531516184,102.0,8.823993582068386,07:13
434,1172,0.23378839590443687,274.0,7.827012171860196,07:14
435,1173,0.49957374254049447,586.0,7.063537204448449,07:15
436,1173,0.09292412617220801,109.0,8.144224239044643,07:16
437,1175,-0.2885106382978723,-339.0,7.346683643436921,07:17
438,1173,0.12020460358056266,141.0,6.95598369557597,07:18
439,1173,0.15430520034100598,181.0,6.51796354471659,07:19
440,1175,-0.15574468085106383,-183.0,7.341075932461847,07:20
441,1174,-0.09369676320272573,-110.0,8.745023836803648,07:21
442,1175,-0.05361702127659575,-63.0,7.229955085243159,07:22
443,1175,-0.2102127659574468,-247.0,7.504744521266473,07:23
444,1175,-0.2919148936170213,-343.0,7.34388185322869,07:24
445,1170,0.04188034188034188,49.0,8.193184374803716,07:25
446,1174,-0.022998296422487224,-27.0,8.54536956750148,07:26
447,1175,-0.28936170212765955,-340.0,8.912389067683364,07:27
448,1173,0.056265984654731455,66.0,6.7476633830205985,07:28
449,1174,0.022998296422487224,27.0,7.910969810773556,07:29
450,1174,-0.049403747870528106,-58.0,6.7521670660231825,07:30
451,1175,0.015319148936170212,18.0,10.253753384972203,07:31
452,1175,0.4280851063829787,503.0,8.365565483161157,07:32
453,1176,-0.070578231292517,-83.0,7.378124192607104,07:33
454,1175,0.1804255319148936,212.0,7.900453364346221,07:34
455,1175,0.03404255319148936,40.0,7.330052855908976,07:35
456,1172,0.12798634812286688,150.0,8.026259318031768,07:36
457,1175,-0.31829787234042556,-374.0,7.992274623601657,07:37
458,1172,-0.3003412969283277,-352.0,7.807913821488596,07:38
459,1173,-0.11594202898550725,-136.0,6.668672102779074,07:39
460,1174,0.19165247018739354,225.0,8.511056857236747,07:40
461,1174,-0.4727427597955707,-555.0,7.700191413145107,07:41
462,1173,-0.1423699914748508,-167.0,7.391491754107833,07:42
463,1172,-0.13907849829351535,-163.0,7.4403021322808325,07:43
464,1176,-0.10799319727891156,-127.0,8.825171199060089,07:44
465,1175,-0.20680851063829786,-243.0,8.560773099308799,07:45
466,1175,-0.06042553191489362,-71.0,7.804396927572011,07:46
467,1171,-0.10162254483347566,-119.0,8.197607891505664,07:47
468,1175,0.37106382978723407,436.0,8.294936786672949,07:48
469,1174,-0.1839863713798978,-216.0,8.065812993927581,07:49
470,1175,-0.5702127659574469,-670.0,8.480660303778361,07:50
471,1176,0.21258503401360543,250.0,8.570650251727924,07:51
472,1176,-0.266156462585034,-313.0,7.31385703333127,07:52
473,1171,-0.19470538001707943,-228.0,7.000220214689713,07:53
474,1173,0.2770673486786019,325.0,7.36290821148712,07:54
475,1176,0.27380952380952384,322.0,6.943531098329958,07:55
476,1176,0.07908163265306123,93.0,8.005192219742922,07:56
477,1176,-0.07993197278911565,-94.0,7.3023742215778045,07:57
478,1175,0.2885106382978723,339.0,7.465833299771725,07:58
479,1176,0.24914965986394558,293.0,7.61398484591039,07:59
480,1176,0.10034013605442177,118.0,6.581738751317312,08:00
481,1175,-0.4595744680851064,-540.0,9.718080139126709,08:01
482,1176,-0.20493197278911565,-241.0,9.579659808047543,08:02
483,1176,0.1921768707482993,226.0,7.772869785607456,08:03
484,1176,0.22193877551020408,261.0,7.9515058913439916,08:04
485,1175,-0.3302127659574468,-388.0,7.852227488458373,08:05
486,1175,-0.6068085106382979,-713.0,8.313509127531898,08:06
487,1176,0.33843537414965985,398.0,7.363700660822854,08:07
488,1174,-0.10732538330494037,-126.0,8.015143223178729,08:08
489,1176,0.039965986394557826,47.0,7.8794708537447,08:09
490,1176,-0.16326530612244897,-192.0,8.16284540821942,08:10
491,1176,-0.21683673469387754,-255.0,8.430628387404658,08:11
492,1176,-0.4710884353741497,-554.0,7.892954952242537,08:12
493,1175,0.16851063829787233,198.0,8.071583216220274,08:13
494,1175,0.5702127659574469,670.0,7.802172711349352,08:14
495,1176,-0.23299319727891157,-274.0,7.736410727723732,08:15
496,1176,-0.2780612244897959,-327.0,9.273438343248724,08:16
497,1176,-0.17687074829931973,-208.0,9.042557107948713,08:17
498,1176,-0.24404761904761904,-287.0,7.777597853373127,08:18
499,1175,0.5421276595744681,637.0,7.777225338773497,08:19
500,1176,0.1292517006802721,152.0,7.949326412866377,08:20
501,1175,-0.2297872340425532,-270.0,9.28875955352911,08:21
502,1175,-0.42127659574468085,-495.0,8.277680221597569,08:22
503,1176,-0.2227891156462585,-262.0,8.525587482182154,08:23
504,1175,-0.27404255319148935,-322.0,8.521430959818758,08:24
505,1176,0.304421768707483,358.0,7.590420446785609,08:25
506,1176,0.35119047619047616,413.0,7.840753238529939,08:26
507,1176,0.3681972789115646,433.0,7.978672132801928,08:27
508,1176,0.06547619047619048,77.0,6.896064763316696,08:28
509,1174,0.049403747870528106,58.0,9.238856312869082,08:29
510,1174,0.3807495741056218,447.0,12.867307746565366,08:30
511,1177,1.0178419711129991,1198.0,57.173880159998205,08:31
512,1177,-0.4689889549702634,-552.0,17.89650704378023,08:32
513,1177,-0.3619371282922685,-426.0,16.409197032906594,08:33
514,1176,-0.10374149659863946,-122.0,13.360702731467802,08:34
515,1177,-0.06627017841971113,-78.0,12.75837829717712,08:35
516,1176,-0.09948979591836735,-117.0,12.329565217917239,08:36
517,1177,0.135089209855565,159.0,11.636264596286479,08:37
518,1177,-0.8360237892948174,-984.0,10.767382426214775,08:38
519,1176,0.32142857142857145,378.0,10.793871389564925,08:39
520,1177,-0.22344944774851316,-263.0,10.007490085884836,08:40
521,1177,-0.2676295666949873,-315.0,11.228331236317281,08:41
522,1175,-0.251063829787234,-295.0,10.629381997281564,08:42
523,1177,0.22939677145284623,270.0,11.821161084288795,08:43
524,1176,-0.08928571428571429,-105.0,9.881063987846398,08:44
525,1175,0.12680851063829787,149.0,10.35256288919389,08:45
526,1175,-0.2229787234042553,-262.0,11.51029387352527,08:46
527,1176,0.24829931972789115,292.0,9.738604758236162,08:47
528,1177,-0.45794392523364486,-539.0,9.221304461573936,08:48
529,1175,-0.06468085106382979,-76.0,9.509749514169545,08:49
530,1175,0.2782978723404255,327.0,9.986958983636553,08:50
531,1177,-0.15972812234494477,-188.0,10.619099846911354,08:51
532,1176,0.516156462585034,607.0,9.603620462128076,08:52
533,1176,0.5076530612244898,597.0,9.83437008647879,08:53
534,1175,-0.10127659574468086,-119.0,8.517791185652147,08:54
535,1174,-0.12350936967632027,-145.0,9.29020105192367,08:55
536,1176,-0.002551020408163265,-3.0,8.799661132108884,08:56
537,1177,-0.5471537807986406,-644.0,8.982959726424777,08:57
538,1175,-0.5259574468085106,-618.0,8.813753302223962,08:58
539,1177,0.11809685641461343,139.0,8.361546689556384,08:59
540,1176,0.11649659863945579,137.0,7.947649992078421,09:00
541,1177,-0.33305012744265083,-392.0,12.253745933929814,09:01
542,1177,0.1554800339847069,183.0,10.226788350244568,09:02
543,1177,0.2735768903993203,322.0,9.682805621046812,09:03
544,1177,-0.3415463041631266,-402.0,8.995307657429409,09:04
545,1176,0.24829931972789115,292.0,8.981659639018982,09:05
546,1177,0.09430756159728122,111.0,9.427603298991137,09:06
547,1177,-0.27017841971113,-318.0,9.36423228629431,09:07
548,1177,0.10875106202209006,128.0,9.125172622729389,09:08
549,1177,-0.1826677994902294,-215.0,10.110769432790585,09:09
550,1176,-0.09693877551020408,-114.0,8.951070254781586,09:10
551,1177,-0.5420560747663551,-638.0,8.969817503219936,09:11
552,1177,0.5123194562446899,603.0,8.832919610765273,09:12
553,1177,0.27187765505522515,320.0,8.807802236081196,09:13
554,1177,-0.33305012744265083,-392.0,8.846549173007755,09:14
555,1177,0.81053525913339,954.0,8.070098360824986,09:15
556,1176,0.061224489795918366,72.0,9.589781433701036,09:16
557,1176,-0.3945578231292517,-464.0,8.437753314467221,09:17
558,1176,0.27380952380952384,322.0,9.003253942896627,09:18
559,1175,0.33106382978723403,389.0,8.490008967866716,09:19
560,1176,0.05102040816326531,60.0,7.95920122023963,09:20
561,1176,-0.02465986394557823,-29.0,9.019708202288014,09:21
562,1176,-0.2950680272108844,-347.0,8.2879359335073,09:22
563,1176,0.03826530612244898,45.0,8.081040488158372,09:23
564,1176,-0.14795918367346939,-174.0,8.301973879723375,09:24
565,1176,0.125,147.0,8.151680416762009,09:25
566,1176,0.3826530612244898,450.0,11.41010400021407,09:26
567,1176,-0.011054421768707483,-13.0,9.384498594276197,09:27
568,1176,0.27721088435374147,326.0,10.404157485359924,09:28
569,1176,0.03316326530612245,39.0,13.486627155363562,09:29
570,1176,-0.045068027210884355,-53.0,21.989796693777457,09:30
571,1175,3.9361702127659575,4625.0,41.815855473323644,09:31
572,1175,-0.1174468085106383,-138.0,35.80906912075603,09:32
573,1175,1.2161702127659575,1429.0,31.440123086024315,09:33
574,1175,-0.3617021276595745,-425.0,27.93289105251624,09:34
575,1175,1.3225531914893618,1554.0,23.728531987312955,09:35
576,1174,-2.6422487223168654,-3102.0,25.140555343641033,09:36
577,1175,-0.934468085106383,-1098.0,24.05551419610422,09:37
578,1175,1.068936170212766,1256.0,23.0565081731791,09:38
579,1175,-0.011914893617021277,-14.0,23.39421864674172,09:39
580,1175,1.2136170212765958,1426.0,21.35992725742858,09:40
581,1175,-1.1736170212765957,-1379.0,23.464761758896138,09:41
582,1175,0.16085106382978723,189.0,21.26635254463625,09:42
583,1175,-0.9872340425531915,-1160.0,22.395637361705074,09:43
584,1175,-0.6680851063829787,-785.0,22.05360808654674,09:44
585,1175,-0.5429787234042553,-638.0,21.094489692301003,09:45
586,1175,0.8187234042553192,962.0,24.940822431946028,09:46
587,1175,0.45787234042553193,538.0,22.081266673093918,09:47
588,1175,0.41191489361702127,484.0,20.311430329670127,09:48
589,1175,0.005957446808510639,7.0,20.24511126337247,09:49
590,1174,-1.494037478705281,-1754.0,20.155817960730676,09:50
591,1174,0.2819420783645656,331.0,22.53336405106553,09:51
592,1175,0.8229787234042554,967.0,20.22099326522874,09:52
593,1175,0.1625531914893617,191.0,19.800107384038157,09:53
594,1175,1.1370212765957446,1336.0,18.404617124364094,09:54
595,1175,0.1651063829787234,194.0,16.822805598730945,09:55
596,1175,-0.3276595744680851,-385.0,17.95557766321141,09:56
597,1175,0.2,235.0,19.037576041429745,09:57
598,1174,-0.2819420783645656,-331.0,16.31022977159115,09:58
599,1174,1.1218057921635434,1317.0,16.179870820072615,09:59
600,1173,0.855072463768116,1003.0,16.232456066932116,10:00
601,1174,-0.8296422487223168,-974.0,32.66675272423392,10:01
602,1174,-1.065587734241908,-1251.0,22.77387919360009,10:02
603,1174,-0.45911413969335607,-539.0,20.619715473843364,10:03
604,1174,-0.7120954003407155,-836.0,18.465116261161363,10:04
605,1174,-0.2402044293015332,-282.0,17.768672259180377,10:05
606,1174,-0.07325383304940375,-86.0,19.947024900013812,10:06
607,1174,0.5681431005110733,667.0,18.961306869143108,10:07
608,1174,-1.2265758091993186,-1440.0,19.330740283114498,10:08
609,1175,0.3395744680851064,399.0,18.113486410352323,10:09
610,1175,0.016170212765957447,19.0,17.388356282665438,10:10
611,1175,0.08595744680851064,101.0,23.397249330493548,10:11
612,1175,-1.0314893617021277,-1212.0,22.7254526175517,10:12
613,1175,0.3668085106382979,431.0,20.30980045422796,10:13
614,1175,1.2612765957446808,1482.0,22.24244580306931,10:14
615,1175,-0.17446808510638298,-205.0,18.40823352103718,10:15
616,1175,0.5268085106382979,619.0,19.16557696279434,10:16
617,1175,1.4553191489361703,1710.0,20.884394299573724,10:17
618,1175,0.2561702127659575,301.0,18.344699989048852,10:18
619,1175,-0.1251063829787234,-147.0,20.40865737570192,10:19
620,1175,0.43659574468085105,513.0,15.711328674170689,10:20
621,1175,-0.4280851063829787,-503.0,19.34043775438088,10:21
622,1175,0.2348936170212766,276.0,17.244093114073387,10:22
623,1175,1.003404255319149,1179.0,19.53584017731366,10:23
624,1174,0.4855195911413969,570.0,18.500184414947974,10:24
625,1175,-0.27914893617021275,-328.0,17.59831083996068,10:25
626,1175,-0.17446808510638298,-205.0,16.55251397661263,10:26
627,1175,-0.10212765957446808,-120.0,16.65108784145834,10:27
628,1175,-0.668936170212766,-786.0,15.44855219919617,10:28
629,1175,0.003404255319148936,4.0,17.28821684132848,10:29
630,1175,0.2765957446808511,325.0,16.82445455861918,10:30
631,1175,-0.3659574468085106,-430.0,17.928939762386904,10:31
632,1175,1.1582978723404256,1361.0,16.991995224221107,10:32
633,1174,0.18313458262350937,215.0,17.719410707659396,10:33
634,1174,0.09965928449744463,117.0,16.496746943878403,10:34
635,1174,-0.8168654173764907,-959.0,16.945719119430297,10:35
636,1174,-0.5783645655877342,-679.0,16.26345047534486,10:36
637,1174,0.6567291311754685,771.0,16.89586635685585,10:37
638,1174,0.13713798977853492,161.0,15.689194613094111,10:38
639,1174,-0.217206132879046,-255.0,16.31075075869039,10:39
640,1174,0.37052810902896083,435.0,14.54422131411326,10:40
641,1174,-0.252129471890971,-296.0,15.970170661586701,10:41
642,1174,-0.23253833049403747,-273.0,16.16695494691449,10:42
643,1173,0.36231884057971014,425.0,15.065981573124775,10:43
644,1173,-0.005115089514066497,-6.0,14.960527395679595,10:44
645,1174,0.7546848381601363,886.0,15.190614649513034,10:45
646,1175,0.6340425531914894,745.0,16.316572147947486,10:46
647,1174,-0.49744463373083475,-584.0,17.273031681585646,10:47
648,1173,0.4560954816709292,535.0,15.454794503248278,10:48
649,1174,-0.4386712095400341,-515.0,15.155997136882911,10:49
650,1174,0.2606473594548552,306.0,13.571579109019225,10:50
651,1175,-1.7948936170212766,-2109.0,17.242324647560608,10:51
652,1175,0.2774468085106383,326.0,16.385724048384322,10:52
653,1175,-0.7795744680851063,-916.0,15.802440611837753,10:53
654,1175,0.4102127659574468,482.0,15.536961410988605,10:54
655,1175,0.5557446808510639,653.0,15.04394750934368,10:55
656,1175,0.30042553191489363,353.0,15.015748399234914,10:56
657,1175,-0.39063829787234045,-459.0,14.23715228298327,10:57
658,1175,0.28595744680851065,336.0,14.295491906183393,10:58
659,1174,0.33986371379897784,399.0,14.101731054616613,10:59
660,1175,0.5965957446808511,701.0,12.708995137148468,11:00
661,1175,0.8042553191489362,945.0,17.92533679134,11:01
662,1174,-0.39948892674616693,-469.0,16.60887609975399,11:02
663,1175,0.013617021276595745,16.0,14.686380197702382,11:03
664,1175,0.02553191489361702,30.0,14.542050699165442,11:04
665,1175,0.062127659574468086,73.0,13.72498389298636,11:05
666,1175,-1.2527659574468084,-1472.0,15.733511379623472,11:06
667,1175,1.062127659574468,1248.0,15.249555658085198,11:07
668,1175,-0.3080851063829787,-362.0,14.535115008358513,11:08
669,1175,-0.16085106382978723,-189.0,13.442305232866142,11:09
670,1175,-0.05361702127659575,-63.0,13.002018652327994,11:10
671,1175,0.2902127659574468,341.0,14.510409746485806,11:11
672,1175,-0.13872340425531915,-163.0,14.152804096230952,11:12
673,1175,-0.12680851063829787,-149.0,13.456982555501655,11:13
674,1175,0.3038297872340426,357.0,13.466930054089369,11:14
675,1175,-0.843404255319149,-991.0,19.170204787740275,11:15
676,1175,0.2170212765957447,255.0,16.48311457452929,11:16
677,1175,-0.6059574468085106,-712.0,16.097566617980934,11:17
678,1175,-0.11914893617021277,-140.0,14.091067861695572,11:18
679,1175,0.45191489361702125,531.0,13.215647931459397,11:19
680,1175,-0.01702127659574468,-20.0,13.173319131710283,11:20
681,1175,0.865531914893617,1017.0,15.922479208933007,11:21
682,1175,-0.34127659574468083,-401.0,14.905041510288706,11:22
683,1175,-0.38638297872340427,-454.0,13.475973386431324,11:23
684,1175,0.5872340425531914,690.0,15.825733483749486,11:24
685,1175,0.502127659574468,590.0,13.70409309405542,11:25
686,1174,-0.737649063032368,-866.0,14.389337126580292,11:26
687,1175,-0.05106382978723404,-60.0,14.892486248194135,11:27
688,1175,-0.24851063829787234,-292.0,12.908518208085082,11:28
689,1175,-0.34382978723404256,-404.0,13.161268507533423,11:29
690,1175,-0.5140425531914894,-604.0,13.801325711507612,11:30
691,1175,0.6978723404255319,820.0,15.781562158336992,11:31
692,1175,0.23829787234042554,280.0,13.957750699737929,11:32
693,1174,0.11584327086882454,136.0,13.904504575784307,11:33
694,1175,-0.04085106382978723,-48.0,12.712722810288255,11:34
695,1175,0.13872340425531915,163.0,12.896204296279134,11:35
696,1175,-0.01702127659574468,-20.0,13.66793022015237,11:36
697,1175,0.5463829787234042,642.0,14.371536976473658,11:37
698,1175,-0.3421276595744681,-402.0,13.594907876520637,11:38
699,1175,-0.3778723404255319,-444.0,13.30983883370718,11:39
700,1175,0.03489361702127659,41.0,13.309433876792061,11:40
701,1174,0.2734241908006814,321.0,14.970195762078308,11:41
702,1175,0.02297872340425532,27.0,13.846025376172214,11:42
703,1175,0.2076595744680851,244.0,13.281621681884582,11:43
704,1175,0.19659574468085106,231.0,12.37921495279533,11:44
705,1174,-0.12691652470187392,-149.0,12.989867171649625,11:45
706,1175,0.20170212765957446,237.0,13.697921247548528,11:46
707,1175,0.01957446808510638,23.0,13.357824426654098,11:47
708,1175,0.4280851063829787,503.0,13.10395057248151,11:48
709,1174,0.07410562180579217,87.0,12.295056596802933,11:49
710,1175,-0.11148936170212766,-131.0,11.4281845804776,11:50
711,1174,-0.011073253833049404,-13.0,13.022076344958599,11:51
712,1174,-0.20357751277683134,-239.0,13.890337309311482,11:52
713,1175,0.3770212765957447,443.0,12.434769478017582,11:53
714,1175,0.5685106382978723,668.0,12.126682074568617,11:54
715,1174,-0.11499148211243612,-135.0,12.012549425135228,11:55
716,1174,-0.06303236797274275,-74.0,13.396292179716719,11:56
717,1174,-0.17546848381601363,-206.0,13.365918840037795,11:57
718,1173,-0.38107416879795397,-447.0,12.845453766330111,11:58
719,1173,-0.15515771526001704,-182.0,11.654795893418935,11:59
720,1174,-0.10817717206132879,-127.0,10.106561874514988,12:00
721,1173,-0.3776641091219096,-443.0,14.20767755000432,12:01
722,1174,0.4293015332197615,504.0,13.932110145913525,12:02
723,1175,-0.34638297872340423,-407.0,13.308424344806854,12:03
724,1175,-0.5991489361702128,-704.0,12.693081159678322,12:04
725,1175,-0.05531914893617021,-65.0,12.066094394969436,12:05
726,1175,-0.5038297872340426,-592.0,12.99710794609651,12:06
727,1174,0.3858603066439523,453.0,13.281598436074143,12:07
728,1174,-0.04088586030664395,-48.0,12.927960850946372,12:08
729,1175,-0.5991489361702128,-704.0,12.567643182093287,12:09
730,1175,-0.6442553191489362,-757.0,11.15689940637891,12:10
731,1175,0.574468085106383,675.0,13.519978089182956,12:11
732,1175,0.4136170212765957,486.0,12.825821157105455,12:12
733,1175,-0.2561702127659575,-301.0,12.911370421919793,12:13
734,1175,0.9838297872340426,1156.0,12.505558994429892,12:14
735,1174,0.10051107325383304,118.0,11.029455242396951,12:15
736,1175,-0.44170212765957445,-519.0,12.87734552478456,12:16
737,1174,-0.10562180579216354,-124.0,13.19616903306638,12:17
738,1173,-0.03580562659846547,-42.0,11.964555737523922,12:18
739,1174,0.018739352640545145,22.0,11.112445030507283,12:19
740,1174,0.3909710391822828,459.0,10.838327694961622,12:20
741,1175,-0.14893617021276595,-175.0,12.593532052158098,12:21
742,1174,-0.20528109028960817,-241.0,13.203422767158546,12:22
743,1174,-0.21465076660988075,-252.0,12.487057511335555,12:23
744,1175,0.48425531914893616,569.0,11.751017887818632,12:24
745,1173,0.4927536231884058,578.0,12.231874812897386,12:25
746,1175,-0.1225531914893617,-144.0,12.784158649882711,12:26
747,1174,-0.17546848381601363,-206.0,11.902554530070034,12:27
748,1175,-0.3276595744680851,-385.0,12.75729577358424,12:28
749,1175,0.15063829787234043,177.0,12.053201806284893,12:29
750,1175,0.12170212765957447,143.0,10.817976576167483,12:30
751,1175,-0.1251063829787234,-147.0,14.995189727337914,12:31
752,1175,0.3565957446808511,419.0,13.283168968246754,12:32
753,1175,0.09191489361702128,108.0,11.480079524425289,12:33
754,1175,0.49361702127659574,580.0,12.981171731763007,12:34
755,1174,0.03577512776831346,42.0,11.168037507106208,12:35
756,1175,-0.34382978723404256,-404.0,12.257150079852645,12:36
757,1173,-0.10741687979539642,-126.0,11.938782469507522,12:37
758,1173,-0.1824381926683717,-214.0,11.855031557572147,12:38
759,1174,-0.017035775127768313,-20.0,13.465426008847327,12:39
760,1175,-0.10638297872340426,-125.0,11.218736690003993,12:40
761,1175,-0.03914893617021276,-46.0,12.731675850945164,12:41
762,1175,0.20085106382978724,236.0,12.954204462042782,12:42
763,1175,-0.3097872340425532,-364.0,12.06806496639195,12:43
764,1175,0.00425531914893617,5.0,11.766285199519265,12:44
765,1175,-0.08425531914893616,-99.0,11.533547052006828,12:45
766,1175,-0.7438297872340426,-874.0,13.645171649366645,12:46
767,1175,-0.45191489361702125,-531.0,11.732939449935433,12:47
768,1175,-0.34127659574468083,-401.0,11.646999455852232,12:48
769,1175,-0.26382978723404255,-310.0,11.671038018134785,12:49
770,1175,0.451063829787234,530.0,11.079430431204885,12:50
771,1175,0.2102127659574468,247.0,12.595362895899182,12:51
772,1175,0.334468085106383,393.0,11.474197185790064,12:52
773,1173,0.639386189258312,750.0,12.731288898970849,12:53
774,1175,-0.10297872340425532,-121.0,11.33118217956226,12:54
775,1175,0.17191489361702128,202.0,10.700239341664302,12:55
776,1175,-0.2885106382978723,-339.0,11.265239343051368,12:56
777,1175,-0.37617021276595747,-442.0,11.987562150341967,12:57
778,1174,-0.15502555366269166,-182.0,11.237716049972386,12:58
779,1175,-0.03659574468085106,-43.0,11.266911437547954,12:59
780,1175,0.4825531914893617,567.0,10.175269496132843,13:00
781,1142,-0.0446584938704028,-51.0,18.17995357589634,13:01
782,1142,-0.2530647985989492,-289.0,13.999745342406744,13:02
783,1142,0.3134851138353765,358.0,18.098081505746602,13:03
784,1141,-0.27169149868536374,-310.0,12.997293093192802,13:04
785,1142,-0.21453590192644484,-245.0,11.572748926132416,13:05
786,1142,-0.4413309982486865,-504.0,13.522972604437623,13:06
787,1142,0.8922942206654991,1019.0,14.074477998428838,13:07
788,1142,-0.1532399299474606,-175.0,12.689861626171306,13:08
789,1142,-0.23642732049036777,-270.0,11.990142190519514,13:09
790,1142,-0.14535901926444833,-166.0,11.476297656050647,13:10
791,1142,-0.07618213660245184,-87.0,12.911156409073426,13:11
792,1142,-0.5402802101576182,-617.0,12.075197020921394,13:12
793,1142,1.4921190893169878,1704.0,11.454189099001788,13:13
794,1141,0.0,0.0,11.350322663316833,13:14
795,1141,0.48816827344434705,557.0,11.426004899247332,13:15
796,1133,-0.9399823477493381,-1065.0,12.331977407704754,13:16
797,1133,-0.1059135039717564,-120.0,12.544947118865293,13:17
798,1132,-0.5600706713780919,-634.0,11.424952727367737,13:18
799,1133,-0.4527802294792586,-513.0,12.799304438859933,13:19
800,1133,0.38658428949691087,438.0,28.954525636626318,13:20
801,1133,0.09002647837599294,102.0,14.794075827605383,13:21
802,1132,-0.061837455830388695,-70.0,13.584254921292498,13:22
803,1133,0.616946160635481,699.0,12.698590481091301,13:23
804,1133,-0.04148278905560459,-47.0,12.669732800977204,13:24
805,1132,0.1687279151943463,191.0,11.144448764141961,13:25
806,1132,0.1978798586572438,224.0,13.86207399390903,13:26
807,1132,0.20141342756183744,228.0,13.33583346603721,13:27
808,1133,-0.1500441306266549,-170.0,11.939574473250339,13:28
809,1132,-0.00530035335689046,-6.0,18.11906705111285,13:29
810,1133,-0.15357458075904679,-174.0,13.759265366017841,13:30
811,1133,1.2400706090026479,1405.0,15.227738220183268,13:31
812,1133,-0.6504854368932039,-737.0,15.139037370409618,13:32
813,1133,-0.36187113857016767,-410.0,13.56295466526121,13:33
814,1132,0.32685512367491165,370.0,12.004385567767681,13:34
815,1133,0.3212709620476611,364.0,11.737750451529465,13:35
816,1133,0.16857899382171226,191.0,13.9767854416831,13:36
817,1133,-0.11120917917034422,-126.0,15.801775285027391,13:37
818,1133,0.442188879082083,501.0,12.2311896169121,13:38
819,1133,0.7440423654015887,843.0,13.17307231343099,13:39
820,1133,0.6090026478375993,690.0,13.861116654986269,13:40
821,1133,0.3053839364518976,346.0,13.151345749233801,13:41
822,1133,-0.8128861429832304,-921.0,12.38039356218908,13:42
823,1133,-0.04942630185348632,-56.0,11.782077188189675,13:43
824,1133,-0.18005295675198588,-204.0,12.41761789848646,13:44
825,1133,0.1562224183583407,177.0,10.40230287733922,13:45
826,1133,-0.13415710503089143,-152.0,12.851819525798902,13:46
827,1133,0.19858781994704325,225.0,15.432639386314127,13:47
828,1132,-0.20141342756183744,-228.0,12.091753469999132,13:48
829,1133,0.5913503971756399,670.0,12.483763137748571,13:49
830,1133,-0.0176522506619594,-20.0,11.085503177676914,13:50
831,1132,0.0803886925795053,91.0,12.814588994402778,13:51
832,1132,0.12102473498233215,137.0,11.915871457134044,13:52
833,1133,-0.2471315092674316,-280.0,11.181635751173117,13:53
834,1133,0.5472197705207414,620.0,11.504827829071145,13:54
835,1131,-0.14058355437665782,-159.0,10.767973129743588,13:55
836,1132,-1.2508833922261484,-1416.0,12.382239252633896,13:56
837,1131,-0.5013262599469496,-567.0,11.785424777135983,13:57
838,1133,0.1853486319505737,210.0,11.895491499302318,13:58
839,1133,0.6125330979699912,694.0,11.13492984130027,13:59
840,1133,0.4060017652250662,460.0,9.504194684304933,14:00
841,1133,0.703442188879082,797.0,24.128966591566076,14:01
842,1133,-0.11562224183583407,-131.0,16.239153854828064,14:02
843,1133,-0.01500441306266549,-17.0,15.095828903610537,14:03
844,1132,-0.40636042402826855,-460.0,13.73473187206995,14:04
845,1132,-0.32773851590106007,-371.0,13.000694023866997,14:05
846,1132,-0.28533568904593637,-323.0,14.487130682550507,14:06
847,1132,-0.23233215547703182,-263.0,14.032420987303174,14:07
848,1131,-0.2979664014146773,-337.0,15.579444857102823,14:08
849,1131,0.134394341290893,152.0,13.45209698625249,14:09
850,1132,-0.22173144876325088,-251.0,12.467582913358475,14:10
851,1132,-0.3047703180212014,-345.0,12.775897892811123,14:11
852,1132,-0.7464664310954063,-845.0,12.890144415273934,14:12
853,1132,0.32597173144876324,369.0,11.865914465838955,14:13
854,1132,0.0176678445229682,20.0,12.598599512469836,14:14
855,1132,-0.7164310954063604,-811.0,12.412379889431469,14:15
856,1132,0.7420494699646644,840.0,14.0674979675634,14:16
857,1132,-0.43992932862190814,-498.0,13.37835838974836,14:17
858,1132,0.20318021201413428,230.0,12.087043159321938,14:18
859,1131,0.7126436781609196,806.0,13.751704936788672,14:19
860,1132,0.30918727915194344,350.0,12.121321010300218,14:20
861,1132,0.23233215547703182,263.0,12.725764804919335,14:21
862,1132,-0.29328621908127206,-332.0,11.927078352763038,14:22
863,1132,0.037102473498233215,42.0,12.468189114075946,14:23
864,1132,0.42579505300353354,482.0,13.121238605800727,14:24
865,1132,0.019434628975265017,22.0,11.174746239903019,14:25
866,1132,-0.303886925795053,-344.0,13.22302278128501,14:26
867,1132,0.28533568904593637,323.0,11.950340682003535,14:27
868,1132,0.1855123674911661,210.0,13.568278473244922,14:28
869,1132,0.2791519434628975,316.0,11.56513052322943,14:29
870,1132,-0.7667844522968198,-868.0,11.668741678376508,14:30
871,1132,1.6325088339222615,1848.0,17.126334644369717,14:31
872,1132,0.666077738515901,754.0,14.825593130056058,14:32
873,1132,-0.046819787985865724,-53.0,13.485117006607943,14:33
874,1132,-0.5653710247349824,-640.0,13.597412329372403,14:34
875,1132,0.04063604240282685,46.0,14.537859679173065,14:35
876,1132,0.465547703180212,527.0,16.212275979933697,14:36
877,1132,0.1704946996466431,193.0,15.788447088626288,14:37
878,1132,0.9522968197879859,1078.0,13.92462417058409,14:38
879,1132,0.6263250883392226,709.0,14.800020775440277,14:39
880,1132,0.009717314487632508,11.0,12.190605778188578,14:40
881,1132,0.17226148409893993,195.0,14.04128713769823,14:41
882,1132,0.4028268551236749,456.0,13.318525518063158,14:42
883,1132,-1.181095406360424,-1337.0,14.85919398342465,14:43
884,1132,0.4620141342756184,523.0,13.834162618536833,14:44
885,1132,0.24381625441696114,276.0,12.40634968745625,14:45
886,1132,0.17226148409893993,195.0,14.348060895753788,14:46
887,1132,0.4558303886925795,516.0,13.267325276765474,14:47
888,1132,-1.1007067137809188,-1246.0,13.196619594838802,14:48
889,1131,0.6472148541114059,732.0,13.336828998034859,14:49
890,1132,-0.0812720848056537,-92.0,11.564164706771463,14:50
891,1132,-0.34452296819787986,-390.0,13.497146963888788,14:51
892,1132,0.020318021201413426,23.0,14.713609448173465,14:52
893,1131,0.23784261715296198,269.0,12.934382400599697,14:53
894,1132,-0.39664310954063603,-449.0,12.817804649871915,14:54
895,1131,0.30238726790450926,342.0,11.882558928332285,14:55
896,1132,0.4575971731448763,518.0,13.693660064538605,14:56
897,1132,0.24469964664310953,277.0,12.816573673990684,14:57
898,1132,-0.19522968197879859,-221.0,12.21788105055103,14:58
899,1132,-0.5777385159010601,-654.0,11.63975014280439,14:59
900,1132,-0.2826855123674912,-320.0,11.590017528437913,15:00
901,1132,0.6581272084805654,745.0,17.17329098571389,15:01
902,1132,0.5432862190812721,615.0,15.424350601891359,15:02
903,1132,0.3295053003533569,373.0,14.927472596798722,15:03
904,1132,-0.5485865724381626,-621.0,12.835982516367475,15:04
905,1132,-0.023851590106007067,-27.0,12.32525445750091,15:05
906,1132,-0.13957597173144876,-158.0,12.722153134129005,15:06
907,1132,-0.1855123674911661,-210.0,13.501646832874505,15:07
908,1132,-1.0971731448763251,-1242.0,12.381759456756226,15:08
909,1132,0.5424028268551236,614.0,12.884406323801217,15:09
910,1132,0.12190812720848057,138.0,12.005936369785429,15:10
911,1132,0.17491166077738515,198.0,14.171282885218227,15:11
912,1132,-0.45229681978798586,-512.0,12.375870823016875,15:12
913,1132,0.14664310954063603,166.0,12.263668901606065,15:13
914,1132,0.023851590106007067,27.0,11.946622961451633,15:14
915,1132,0.024734982332155476,28.0,11.54743828962093,15:15
916,1132,-0.05830388692579505,-66.0,13.75766491427322,15:16
917,1132,0.32597173144876324,369.0,14.089856778606377,15:17
918,1132,-0.3374558303886926,-382.0,13.130208683872617,15:18
919,1132,0.9690812720848057,1097.0,12.860054667525507,15:19
920,1132,0.8860424028268551,1003.0,12.845346134037804,15:20
921,1132,-0.3736749116607774,-423.0,14.477182129067883,15:21
922,1132,-0.09363957597173145,-106.0,13.084438898755542,15:22
923,1132,0.0636042402826855,72.0,11.74212381563779,15:23
924,1132,-0.21289752650176677,-241.0,12.775823061694512,15:24
925,1132,0.5795053003533569,656.0,11.17784235054279,15:25
926,1132,-0.5309187279151943,-601.0,13.410011101431481,15:26
927,1131,-0.28735632183908044,-325.0,12.28631907676616,15:27
928,1132,-0.3842756183745583,-435.0,12.200137702184385,15:28
929,1132,-0.38604240282685515,-437.0,12.265133904664474,15:29
930,1131,-0.7718832891246684,-873.0,12.0068986766198,15:30
931,1132,-0.7208480565371025,-816.0,16.110356269214314,15:31
932,1132,0.5371024734982333,608.0,13.135135274826323,15:32
933,1132,0.8268551236749117,936.0,15.311041640377928,15:33
934,1132,-0.7977031802120141,-903.0,13.538649329457511,15:34
935,1132,-0.3498233215547703,-396.0,12.227922054707728,15:35
936,1132,-1.3365724381625441,-1513.0,14.754782104834675,15:36
937,1132,0.11484098939929328,130.0,13.928993566600806,15:37
938,1132,0.1625441696113074,184.0,14.635267768777922,15:38
939,1132,-0.13162544169611307,-149.0,12.943507390290316,15:39
940,1132,-0.5874558303886925,-665.0,12.43125541903798,15:40
941,1131,0.4916003536693192,556.0,14.768738515801058,15:41
942,1132,-0.00265017667844523,-3.0,13.326910214027807,15:42
943,1132,-0.21643109540636044,-245.0,13.199147092907815,15:43
944,1132,0.7120141342756183,806.0,12.844582663863346,15:44
945,1132,-0.30123674911660775,-341.0,13.608141003226926,15:45
946,1132,-0.06537102473498234,-74.0,15.873259146086097,15:46
947,1132,-0.23409893992932862,-265.0,14.503969510038134,15:47
948,1132,0.20848056537102475,236.0,14.198504254499863,15:48
949,1132,0.23409893992932862,265.0,13.221334331447299,15:49
950,1132,0.42667844522968196,483.0,13.245719469753272,15:50
951,1132,1.3710247349823321,1552.0,29.797551059945064,15:51
952,1132,-0.7429328621908127,-841.0,16.725330711586373,15:52
953,1132,0.43374558303886923,491.0,14.345306749805017,15:53
954,1132,-0.5821554770318021,-659.0,14.00484189167514,15:54
955,1132,1.269434628975265,1437.0,16.386221121750282,15:55
956,1132,-0.2146643109540636,-243.0,20.075340777039603,15:56
957,1132,-1.482332155477032,-1678.0,14.106348836311165,15:57
958,1132,0.45936395759717313,520.0,12.821467779588744,15:58
959,1132,-0.1793286219081272,-203.0,12.169688696899573,15:59
960,1132,0.8454063604240283,957.0,23.806580350913194,16:00
961,1132,-0.40724381625441697,-461.0,17.479690389933854,16:01
962,1132,0.676678445229682,766.0,16.427900624577493,16:02
963,1132,-0.758833922261484,-859.0,12.145709879984414,16:03
964,1132,-0.3374558303886926,-382.0,10.364578351987738,16:04
965,1132,0.21996466431095407,249.0,9.798871657673661,16:05
966,1132,0.2835689045936396,321.0,11.471872894668435,16:06
967,1132,0.24558303886925795,278.0,9.038757686129859,16:07
968,1132,-0.14752650176678445,-167.0,8.802698478744842,16:08
969,1132,0.17402826855123674,197.0,9.343845117703884,16:09
970,1132,0.2703180212014134,306.0,10.081247426669467,16:10
971,1132,-0.5945229681978799,-673.0,8.249474759820256,16:11
972,1132,0.5803886925795053,657.0,16.023956551987883,16:12
973,1131,0.010610079575596816,12.0,8.993698515644464,16:13
974,1132,0.5918727915194346,670.0,11.32852573551058,16:14
975,1132,-0.6068904593639576,-687.0,8.341096273917866,16:15
976,1130,0.4088495575221239,462.0,9.496403286526872,16:16
977,1132,-0.0803886925795053,-91.0,7.684062336782374,16:17
978,1129,-0.20283436669619131,-229.0,6.622050456084682,16:18
979,1131,0.40318302387267907,456.0,7.3742045343386184,16:19
980,1126,0.216696269982238,244.0,7.0012777316477095,16:20
981,1130,-0.23628318584070795,-267.0,8.760260965197936,16:21
982,1128,-0.04698581560283688,-53.0,6.6623809632276,16:22
983,1127,0.07187222715173026,81.0,7.1152138770749005,16:23
984,1126,0.10657193605683836,120.0,5.844139428534711,16:24
985,1128,-0.08156028368794327,-92.0,5.208389966779763,16:25
986,1127,-0.4072759538598048,-459.0,5.955433981258776,16:26
987,1130,0.002654867256637168,3.0,10.732391475374412,16:27
988,1131,-0.3050397877984085,-345.0,8.056315132622023,16:28
989,1130,0.2176991150442478,246.0,7.194159501150122,16:29
990,1130,-0.05663716814159292,-64.0,5.555292182439681,16:30
991,1132,0.08745583038869258,99.0,7.473403586100188,16:31
992,1131,0.3925729442970822,444.0,8.674634858181163,16:32
993,1128,-0.2225177304964539,-251.0,6.276754487320276,16:33
994,1129,0.042515500442869794,48.0,6.209689812491201,16:34
995,1125,0.36533333333333334,411.0,5.626485410830801,16:35
996,1131,0.16091954022988506,182.0,5.873196401267095,16:36
997,1126,-0.027531083481349913,-31.0,6.551684874826696,16:37
998,1128,0.09308510638297872,105.0,5.826935136276096,16:38
999,1123,0.11041852181656278,124.0,4.963351257672211,16:39
1000,1128,-0.16046099290780141,-181.0,5.359478295099036,16:40
1001,1128,-0.14893617021276595,-168.0,6.158147856718237,16:41
1002,1128,-0.0797872340425532,-90.0,4.953449601419514,16:42
1003,1127,0.048802129547471165,55.0,4.907701914772161,16:43
1004,1127,-0.17036379769299023,-192.0,4.787796260198195,16:44
1005,1124,0.09252669039145907,104.0,5.547365641481035,16:45
1006,1131,0.05658709106984969,64.0,5.0108182457745505,16:46
1007,1129,-0.03720106288751107,-42.0,5.175162103480804,16:47
1008,1131,-0.00618921308576481,-7.0,4.803847708887576,16:48
1009,1129,0.21257750221434898,240.0,4.480748951876418,16:49
1010,1130,0.14513274336283186,164.0,5.437477648678986,16:50
1011,1132,-0.2773851590106007,-314.0,7.486203110493113,16:51
1012,1129,0.13197519929140833,149.0,5.569144326034934,16:52
1013,1120,0.0,0.0,5.066316247700673,16:53
1014,1125,-0.06577777777777778,-74.0,4.992443796111772,16:54
1015,1126,0.08081705150976909,91.0,6.259545290430009,16:55
1016,1132,-0.014134275618374558,-16.0,5.39375919391115,16:56
1017,1123,0.041852181656277826,47.0,4.6916538467476965,16:57
1018,1130,-0.26194690265486725,-296.0,5.2599783883148765,16:58
1019,1129,-0.337466784765279,-381.0,5.057683673828114,16:59
1020,1130,-0.06548672566371681,-74.0,6.857343918575684,17:00
1082,1171,-0.029888983774551667,-35.0,15.188613421901698,18:02
1083,1163,-1.5735167669819432,-1830.0,20.43465856078984,18:03
1084,1162,0.18502581755593803,215.0,13.522152031518564,18:04
1085,1163,-0.36027515047291486,-419.0,10.831920568137988,18:05
1086,1162,-0.30206540447504304,-351.0,12.97652339351546,18:06
1087,1159,0.07679033649698015,89.0,8.86173614942821,18:07
1088,1152,0.2907986111111111,335.0,10.449064843082448,18:08
1089,1147,-0.08892763731473409,-102.0,8.61058489504193,18:09
1090,1149,-0.033942558746736295,-39.0,9.647970857784339,18:10
1091,1157,0.7968885047536733,922.0,9.966694919142483,18:11
1092,1156,-0.39705882352941174,-459.0,7.552113319092586,18:12
1093,1153,0.3443191673894189,397.0,8.338139514586596,18:13
1094,1149,-0.19756309834638816,-227.0,8.495241195881269,18:14
1095,1138,0.11599297012302284,132.0,7.199670722458344,18:15
1096,1147,0.41935483870967744,481.0,7.186938555206815,18:16
1097,1144,-0.11013986013986014,-126.0,7.957021603987188,18:17
1098,1149,-0.33768494342906874,-388.0,6.711772527034858,18:18
1099,1147,-0.11682650392327812,-134.0,6.6672564256028055,18:19
1100,1139,-0.33362598770851626,-380.0,6.406638014931702,18:20
1101,1152,0.4513888888888889,520.0,6.798021750483748,18:21
1102,1143,0.008748906386701663,10.0,6.382846464847359,18:22
1103,1139,0.10711150131694469,122.0,6.133039710913413,18:23
1104,1134,-0.21428571428571427,-243.0,6.777183084891015,18:24
1105,1141,-0.04995617879053462,-57.0,6.704289834953468,18:25
1106,1140,0.3701754385964912,422.0,6.943126916794397,18:26
1107,1121,0.0383586083853702,43.0,5.776287007164929,18:27
1108,1137,0.11257695690413369,128.0,5.6860025616962595,18:28
1109,1126,0.19715808170515098,222.0,5.638615346646054,18:29
1110,1133,-0.04501323918799647,-51.0,5.623234259552988,18:30
1111,1172,0.7244027303754266,849.0,8.131182247970504,18:31
1112,1165,-0.21630901287553647,-252.0,5.834154836269765,18:32
1113,1155,0.015584415584415584,18.0,7.30030028824457,18:33
1114,1163,0.015477214101461736,18.0,9.45374286859967,18:34
1115,1153,-0.2445793581960104,-282.0,5.588075459816938,18:35
1116,1152,0.10590277777777778,122.0,5.778497535078777,18:36
1117,1143,0.18285214348206474,209.0,5.929296191729474,18:37
1118,1138,-0.31282952548330406,-356.0,5.963730356210793,18:38
1119,1135,0.08546255506607929,97.0,5.328760451289753,18:39
1120,1134,0.17195767195767195,195.0,5.942165234441512,18:40
1121,1142,0.4763572679509632,544.0,5.262343000315209,18:41
1122,1141,-0.203330411919369,-232.0,5.558684318682553,18:42
1123,1129,0.00354295837023915,4.0,5.226601507944017,18:43
1124,1127,-0.09582963620230701,-108.0,5.3207635103709485,18:44
1125,1132,0.05035335689045936,57.0,6.004281544767811,18:45
1126,1148,0.2857142857142857,328.0,6.193781911153668,18:46
1127,1127,-0.04791481810115351,-54.0,5.1952475721128035,18:47
1128,1139,0.03687445127304653,42.0,5.0436104519558,18:48
1129,1139,0.07901668129938542,90.0,4.79994219526953,18:49
1130,1128,-0.2225177304964539,-251.0,4.3652198885985865,18:50
1131,1152,0.3229166666666667,372.0,5.219747556401841,18:51
1132,1129,-0.34012400354295835,-384.0,5.616385632527556,18:52
1133,1135,0.02555066079295154,29.0,5.493643836484947,18:53
1134,1121,-0.12578055307760927,-141.0,4.632885646388686,18:54
1135,1119,0.26362823949955316,295.0,5.158249698753808,18:55
1136,1137,0.17502198768689534,199.0,5.509448560157007,18:56
1137,1138,-0.0008787346221441124,-1.0,4.664938659961229,18:57
1138,1131,0.007957559681697613,9.0,5.289740310299703,18:58
1139,1123,0.18076580587711488,203.0,4.711867724399146,18:59
1140,1128,0.08776595744680851,99.0,5.244028265481448,19:00
1141,1172,0.16467576791808874,193.0,7.258742340998715,19:01
1142,1160,-0.5974137931034482,-693.0,6.194781421531483,19:02
1143,1165,-0.13476394849785409,-157.0,5.971139211913103,19:03
1144,1147,-0.06277244986922406,-72.0,5.683284358768794,19:04
1145,1142,-0.042907180385288964,-49.0,5.521442350853251,19:05
1146,1148,0.08797909407665505,101.0,6.138059560039845,19:06
1147,1154,0.09098786828422877,105.0,6.450253043963648,19:07
1148,1144,-0.3793706293706294,-434.0,5.537540154222499,19:08
1149,1142,0.017513134851138354,20.0,6.550929695465894,19:09
1150,1129,0.023914968999114262,27.0,5.533133137653971,19:10
1151,1146,0.08202443280977312,94.0,5.610212903612185,19:11
1152,1131,0.11052166224580018,125.0,4.883164575999896,19:12
1153,1131,-0.10521662245800177,-119.0,5.005349282051557,19:13
1154,1134,0.04585537918871252,52.0,4.975102665431318,19:14
1155,1137,0.17326297273526825,197.0,5.223597863822629,19:15
1156,1142,-0.17162872154115585,-196.0,5.864251744946991,19:16
1157,1148,-0.1210801393728223,-139.0,6.108162665045571,19:17
1158,1133,-0.05207413945278023,-59.0,5.957885740450653,19:18
1159,1131,-0.07515473032714412,-85.0,5.27195047513921,19:19
1160,1133,-0.04942630185348632,-56.0,5.834680049356051,19:20
1161,1148,0.3118466898954704,358.0,5.119867356490159,19:21
1162,1131,-0.058355437665782495,-66.0,5.667337604476181,19:22
1163,1133,-0.07590467784642542,-86.0,5.888351095160759,19:23
1164,1126,-0.1625222024866785,-183.0,5.288415720500795,19:24
1165,1119,0.15102770330652368,169.0,5.567722298253226,19:25
1166,1141,0.12182296231375986,139.0,5.193456291607802,19:26
1167,1143,0.048118985126859144,55.0,5.44277292440818,19:27
1168,1124,-0.09697508896797152,-109.0,4.5037265380533364,19:28
1169,1131,-0.05658709106984969,-64.0,4.868208082515076,19:29
1170,1127,-0.023957409050576754,-27.0,4.808809370071459,19:30
1171,1164,-0.1013745704467354,-118.0,6.478752746162246,19:31
1172,1154,-0.30155979202772965,-348.0,5.704873617728406,19:32
1173,1144,0.0673076923076923,77.0,5.369286404138782,19:33
1174,1146,-0.0017452006980802793,-2.0,5.003230092859496,19:34
1175,1146,0.008726003490401396,10.0,5.554015246865547,19:35
1176,1138,0.025483304042179262,29.0,5.437439916402567,19:36
1177,1138,-0.12917398945518455,-147.0,6.0358072128130775,19:37
1178,1147,-0.12380122057541412,-142.0,4.939637400640513,19:38
1179,1136,-0.1875,-213.0,5.1229003435081015,19:39
1180,1131,-0.14412024756852343,-163.0,5.118723949085714,19:40
1181,1150,0.05565217391304348,64.0,5.280507388264807,19:41
1182,1141,0.1016652059596845,116.0,5.212519244451727,19:42
1183,1131,0.19982316534040673,226.0,4.831207544743164,19:43
1184,1135,-0.001762114537444934,-2.0,4.467203284097984,19:44
1185,1152,0.10416666666666667,120.0,5.157257671460186,19:45
1186,1166,0.1260720411663808,147.0,6.155667851973375,19:46
1187,1170,0.18717948717948718,219.0,5.720762516870382,19:47
1188,1148,-0.06097560975609756,-70.0,4.749315713324124,19:48
1189,1158,0.012089810017271158,14.0,5.027309235832597,19:49
1190,1150,0.09478260869565218,109.0,5.697530399278106,19:50
1191,1168,0.07191780821917808,84.0,6.0630759713930695,19:51
1192,1154,-0.255632582322357,-295.0,5.425485808697431,19:52
1193,1159,0.07937877480586712,92.0,5.515615855604495,19:53
1194,1144,-0.32867132867132864,-376.0,5.892773246596221,19:54
1195,1153,0.1647875108412836,190.0,4.713003801995249,19:55
1196,1151,-0.1268462206776716,-146.0,5.729366036086522,19:56
1197,1155,0.12813852813852813,148.0,4.71170925152589,19:57
1198,1149,0.024369016536118365,28.0,5.015074633342349,19:58
1199,1147,0.010462074978204011,12.0,5.103969168178915,19:59
1200,1155,0.015584415584415584,18.0,6.244145922542967,20:00
1201,1175,-0.7182978723404255,-844.0,9.306248775180073,20:01
1202,1175,-1.0280851063829788,-1208.0,8.296469620864217,20:02
1203,1169,0.06159110350727117,72.0,7.879962311322685,20:03
1204,1171,0.04184457728437233,49.0,7.360494549514326,20:04
1205,1165,-0.06952789699570816,-81.0,9.21215058602165,20:05
1206,1173,0.28815004262574595,338.0,8.995666632427442,20:06
1207,1169,-0.2369546621043627,-277.0,7.6729691190267815,20:07
1208,1166,0.007718696397941681,9.0,7.0256996371923695,20:08
1209,1170,0.2982905982905983,349.0,6.134707985810656,20:09
1210,1169,0.028229255774165955,33.0,6.817713911187093,20:10
1211,1170,-0.3076923076923077,-360.0,7.033296757257331,20:11
1212,1172,0.40784982935153585,478.0,6.416450342445644,20:12
1213,1167,0.13881748071979436,162.0,6.674206743141216,20:13
1214,1165,0.004291845493562232,5.0,5.6260148791047175,20:14
1215,1171,0.02305721605465414,27.0,6.157642562498474,20:15
1216,1175,-0.12680851063829787,-149.0,8.569393336558703,20:16
1217,1171,-0.10503842869342442,-123.0,7.727079714699817,20:17
1218,1169,0.04362703165098375,51.0,7.486790594688798,20:18
1219,1170,-0.15213675213675212,-178.0,7.54382233895461,20:19
1220,1169,-0.05389221556886228,-63.0,7.3718274340779715,20:20
1221,1172,0.14590443686006827,171.0,5.947970420865863,20:21
1222,1173,0.3137254901960784,368.0,6.056795257234746,20:22
1223,1167,-0.4370179948586118,-510.0,6.215065027460231,20:23
1224,1163,0.15477214101461736,180.0,6.225547070681809,20:24
1225,1160,0.21120689655172414,245.0,5.5082692804742575,20:25
1226,1168,0.2320205479452055,271.0,5.903256216712953,20:26
1227,1165,0.050643776824034335,59.0,5.628231184754597,20:27
1228,1169,0.01283147989734816,15.0,6.416668651412656,20:28
1229,1165,0.15278969957081545,178.0,5.230659304920838,20:29
1230,1166,0.12006861063464837,140.0,5.49609228284557,20:30
1231,1174,-0.16524701873935263,-194.0,6.8431421965512635,20:31
1232,1168,0.13184931506849315,154.0,7.021798303752184,20:32
1233,1168,-0.08304794520547945,-97.0,6.950981778553901,20:33
1234,1161,-0.014642549526270457,-17.0,6.1503259709419575,20:34
1235,1166,0.33704974271012006,393.0,5.577433028330002,20:35
1236,1168,-0.2243150684931507,-262.0,6.601214440736793,20:36
1237,1165,0.017167381974248927,20.0,5.769309178359112,20:37
1238,1165,-0.07296137339055794,-85.0,6.094671090983463,20:38
1239,1162,-0.0963855421686747,-112.0,7.331524607768347,20:39
1240,1163,-0.2416165090283749,-281.0,5.292893439762811,20:40
1241,1169,-0.06159110350727117,-72.0,6.008809560073932,20:41
1242,1167,-0.050556983718937444,-59.0,5.789771629469247,20:42
1243,1165,-0.13733905579399142,-160.0,6.131857669605784,20:43
1244,1166,0.09348198970840481,109.0,6.353452676502032,20:44
1245,1171,0.07258753202391119,85.0,5.102440346245089,20:45
1246,1170,0.22905982905982905,268.0,6.65029003437651,20:46
1247,1164,0.11855670103092783,138.0,5.891366752657917,20:47
1248,1164,0.109106529209622,127.0,5.640501452768605,20:48
1249,1165,-0.07639484978540773,-89.0,5.340646901686702,20:49
1250,1162,-0.10585197934595525,-123.0,4.833309293938296,20:50
1251,1166,-0.08490566037735849,-99.0,6.727471981471095,20:51
1252,1163,-0.11951848667239896,-139.0,5.763735142874392,20:52
1253,1155,0.12380952380952381,143.0,5.922908499518631,20:53
1254,1151,-0.01998262380538662,-23.0,5.251462769275728,20:54
1255,1159,-0.09490940465918896,-110.0,4.874022639327454,20:55
1256,1164,0.06786941580756013,79.0,5.449813104003997,20:56
1257,1167,0.29991431019708653,350.0,6.119103034600253,20:57
1258,1153,0.09453599306157849,109.0,6.658503829218098,20:58
1259,1154,-0.06239168110918544,-72.0,5.45274645335854,20:59
1260,1163,0.05674978503869303,66.0,4.473314884234912,21:00
1261,1172,-0.04607508532423208,-54.0,7.576397794469667,21:01
1262,1170,-0.15982905982905982,-187.0,6.219750542076114,21:02
1263,1163,-0.11865864144453998,-138.0,5.646471268511683,21:03
1264,1164,-0.03264604810996564,-38.0,6.99654499246722,21:04
1265,1156,-0.33304498269896193,-385.0,6.345382319502806,21:05
1266,1164,0.06099656357388316,71.0,6.40149039798947,21:06
1267,1165,-0.336480686695279,-392.0,6.029430937656723,21:07
1268,1164,0.23024054982817868,268.0,5.544496433288582,21:08
1269,1159,0.3805004314063848,441.0,5.490075777839141,21:09
1270,1152,-0.11197916666666667,-129.0,5.3180801301441685,21:10
1271,1166,0.33704974271012006,393.0,6.522627465734264,21:11
1272,1166,-0.012864493996569469,-15.0,5.532487510489774,21:12
1273,1157,0.15903197925669835,184.0,5.202702428251583,21:13
1274,1160,-0.11810344827586207,-137.0,5.29515543866032,21:14
1275,1150,-0.04695652173913043,-54.0,5.027986458046895,21:15
1276,1167,-0.03513281919451585,-41.0,7.421952947349497,21:16
1277,1168,-0.04280821917808219,-50.0,5.99298787544834,21:17
1278,1164,-0.3170103092783505,-369.0,5.869168549577547,21:18
1279,1159,0.21138912855910266,245.0,4.884257046288288,21:19
1280,1163,0.1298366294067068,151.0,5.219402656136459,21:20
1281,1165,0.26952789699570817,314.0,6.041051449208067,21:21
1282,1163,-0.234737747205503,-273.0,5.461878258374625,21:22
1283,1155,0.02857142857142857,33.0,5.621207147446495,21:23
1284,1165,-0.048927038626609444,-57.0,5.342416917585557,21:24
1285,1149,-0.09399477806788512,-108.0,4.820818001703402,21:25
1286,1167,0.14138817480719795,165.0,5.408181889274423,21:26
1287,1159,-0.20448662640207074,-237.0,5.254370388305153,21:27
1288,1158,0.15544041450777202,180.0,5.472333236423517,21:28
1289,1156,-0.35207612456747406,-407.0,4.975063794087368,21:29
1290,1162,-0.05679862306368331,-66.0,4.791991173451893,21:30
1291,1160,-0.46206896551724136,-536.0,6.791758381353386,21:31
1292,1164,0.25601374570446733,298.0,6.26237093161269,21:32
1293,1163,0.48065348237317285,559.0,5.381513161736452,21:33
1294,1160,-0.24482758620689654,-284.0,5.2049015331942465,21:34
1295,1154,0.15511265164644714,179.0,5.93000768837413,21:35
1296,1159,0.10440034512510785,121.0,5.616897738586123,21:36
1297,1165,0.007725321888412017,9.0,5.915130757916511,21:37
1298,1153,-0.10841283607979185,-125.0,5.680241735757434,21:38
1299,1163,0.20120378331900257,234.0,5.436610003109149,21:39
1300,1154,0.16204506065857885,187.0,5.2789241700802805,21:40
1301,1162,0.047332185886402756,55.0,6.409402863997554,21:41
1302,1154,0.11611785095320624,134.0,5.267225094650976,21:42
1303,1164,0.06701030927835051,78.0,5.506563987097917,21:43
1304,1156,0.01384083044982699,16.0,5.5901721543945895,21:44
1305,1160,0.15086206896551724,175.0,5.2156761732991495,21:45
1306,1165,-0.08240343347639485,-96.0,5.520042306973614,21:46
1307,1157,0.3526361279170268,408.0,5.587161232681038,21:47
1308,1160,-0.1646551724137931,-191.0,5.64628588683295,21:48
1309,1157,0.24719101123595505,286.0,5.764353483435526,21:49
1310,1140,-0.23157894736842105,-264.0,6.081020370189891,21:50
1311,1161,0.27820844099913866,323.0,6.412886989973397,21:51
1312,1155,0.11341991341991342,131.0,5.299041964959032,21:52
1313,1155,-0.09956709956709957,-115.0,5.378849214893423,21:53
1314,1153,-0.02515177797051171,-29.0,5.103126645610986,21:54
1315,1149,-0.08877284595300261,-102.0,4.686044330976312,21:55
1316,1152,-0.014756944444444444,-17.0,5.054245201239486,21:56
1317,1158,0.08376511226252159,97.0,4.877485606975112,21:57
1318,1143,0.1399825021872266,160.0,4.896977408616379,21:58
1319,1151,-0.07298001737619461,-84.0,4.944726631432755,21:59
1320,1153,0.07892454466608846,91.0,4.289827464563718,22:00
1321,1164,0.42010309278350516,489.0,6.152096971917256,22:01
1322,1157,-0.30423509075194466,-352.0,5.973333854943015,22:02
1323,1160,0.06810344827586207,79.0,5.394659090431254,22:03
1324,1151,-0.16420503909643788,-189.0,4.737451640006542,22:04
1325,1149,-0.23237597911227154,-267.0,4.66032214024428,22:05
1326,1158,-0.35233160621761656,-408.0,4.919248411146213,22:06
1327,1158,-0.0017271157167530224,-2.0,4.949703512572809,22:07
1328,1154,0.09445407279029462,109.0,5.286476922612023,22:08
1329,1146,-0.24083769633507854,-276.0,5.619020163213086,22:09
1330,1152,-0.09375,-108.0,4.941699637617349,22:10
1331,1153,-0.08759757155247182,-101.0,4.92038636176285,22:11
1332,1150,-0.01391304347826087,-16.0,4.466272152209455,22:12
1333,1143,-0.14873140857392825,-170.0,4.622786369532813,22:13
1334,1143,-0.18985126859142606,-217.0,4.55284232873586,22:14
1335,1127,-0.00354924578527063,-4.0,4.137939719006576,22:15
1336,1153,-0.045099739809193407,-52.0,5.194619847396626,22:16
1337,1154,-0.024263431542461005,-28.0,5.5332567525470004,22:17
1338,1152,0.20833333333333334,240.0,4.463774452541531,22:18
1339,1152,-0.09114583333333333,-105.0,4.6866568167216744,22:19
1340,1134,0.020282186948853614,23.0,4.558004463184294,22:20
1341,1151,-0.009556907037358819,-11.0,4.72595928831409,22:21
1342,1152,0.22135416666666666,255.0,4.475685318272671,22:22
1343,1145,0.043668122270742356,50.0,4.4625301505207045,22:23
1344,1156,0.05795847750865052,67.0,4.389195390375982,22:24
1345,1141,-0.02366345311130587,-27.0,4.768901551294077,22:25
1346,1153,0.10320901994796183,119.0,4.899574645532081,22:26
1347,1153,-0.046834345186470075,-54.0,4.627014477327981,22:27
1348,1136,-0.03345070422535211,-38.0,4.437597563435955,22:28
1349,1134,0.023809523809523808,27.0,4.107380086672819,22:29
1350,1135,-0.09162995594713656,-104.0,4.229157887976028,22:30
1351,1164,0.16838487972508592,196.0,5.960243504606117,22:31
1352,1158,-0.38687392055267705,-448.0,5.227634211567424,22:32
1353,1143,0.0568678915135608,65.0,5.415106940407754,22:33
1354,1135,-0.000881057268722467,-1.0,5.541012641434965,22:34
1355,1140,-0.058771929824561406,-67.0,4.330209365897191,22:35
1356,1146,-0.01832460732984293,-21.0,4.774807907450659,22:36
1357,1149,-0.0557006092254134,-64.0,5.678865025687222,22:37
1358,1141,-0.09027169149868536,-103.0,5.708081529785677,22:38
1359,1134,-0.012345679012345678,-14.0,4.5486317119072455,22:39
1360,1134,0.007054673721340388,8.0,4.461658128896039,22:40
1361,1152,-0.0390625,-45.0,4.514215618210727,22:41
1362,1133,-0.1147396293027361,-130.0,5.094086838084853,22:42
1363,1131,-0.0035366931918656055,-4.0,4.463419247005303,22:43
1364,1136,0.030809859154929578,35.0,4.057724634741948,22:44
1365,1116,-0.007168458781362007,-8.0,4.62649250210617,22:45
1366,1144,0.21066433566433568,241.0,4.779131317111771,22:46
1367,1129,0.0283436669619132,32.0,4.466690450872543,22:47
1368,1137,-0.14335971855760773,-163.0,4.276083213177315,22:48
1369,1137,0.0079155672823219,9.0,4.2381700267879125,22:49
1370,1138,-0.17486818980667837,-199.0,3.917599065299645,22:50
1371,1138,0.4718804920913884,537.0,4.208464078439251,22:51
1372,1146,-0.07329842931937172,-84.0,4.444302857384355,22:52
1373,1132,-0.022968197879858657,-26.0,4.18550853796254,22:53
1374,1126,-0.003552397868561279,-4.0,4.3565517241056115,22:54
1375,1137,-0.016710642040457344,-19.0,3.7703301609689754,22:55
1376,1133,-0.13327449249779347,-151.0,4.328073730744075,22:56
1377,1138,-0.11335676625659051,-129.0,3.651047364476973,22:57
1378,1120,0.09107142857142857,102.0,4.075988530053482,22:58
1379,1119,-0.1126005361930295,-126.0,3.6112292978344893,22:59
1380,1123,-0.017809439002671415,-20.0,3.444963749129494,23:00
1381,1164,1.1993127147766323,1396.0,5.4140481141278185,23:01
1382,1151,0.13292788879235448,153.0,4.747050528945388,23:02
1383,1143,-0.31583552055993,-361.0,4.278298532558638,23:03
1384,1140,-0.08771929824561403,-100.0,4.295006806526432,23:04
1385,1137,-0.2102022867194371,-239.0,4.084576974566244,23:05
1386,1138,0.056239015817223195,64.0,4.35843491220119,23:06
1387,1149,0.08181026979982593,94.0,4.066767440723991,23:07
1388,1136,0.09154929577464789,104.0,4.877212939345337,23:08
1389,1128,-0.3129432624113475,-353.0,13.823469717141759,23:09
1390,1137,0.28408091468777485,323.0,12.178732106662062,23:10
1391,1145,-0.059388646288209605,-68.0,4.066316692548891,23:11
1392,1141,-0.11831726555652936,-135.0,4.182149532211945,23:12
1393,1134,-0.013227513227513227,-15.0,4.281242734687113,23:13
1394,1123,-0.029385574354407838,-33.0,3.7807597954719796,23:14
1395,1127,0.015084294587400177,17.0,3.5148433747994003,23:15
1396,1140,0.1912280701754386,218.0,4.282015423244125,23:16
1397,1129,0.07883082373782108,89.0,4.257240813136473,23:17
1398,1131,-0.2369584438549956,-268.0,3.993190568673197,23:18
1399,1114,-0.10143626570915619,-113.0,4.393241736775843,23:19
1400,1115,-0.22062780269058296,-246.0,5.030938888976122,23:20
1401,1134,0.19135802469135801,217.0,4.208749272659,23:21
1402,1138,0.10456942003514938,119.0,3.983978052763841,23:22
1403,1126,0.0763765541740675,86.0,4.08786079523166,23:23
1404,1118,0.27191413237924866,304.0,5.663761107866399,23:24
1405,1114,0.05206463195691203,58.0,4.535274568316104,23:25
1406,1128,0.15868794326241134,179.0,3.904879987653064,23:26
1407,1119,-0.1805183199285076,-202.0,4.002407068616455,23:27
1408,1110,0.12792792792792793,142.0,4.47433662328013,23:28
1409,1112,0.25719424460431656,286.0,3.770466793836434,23:29
1410,1131,0.09814323607427056,111.0,3.434868845095124,23:30
1411,1153,-0.045099739809193407,-52.0,5.0615701146614205,23:31
1412,1141,-0.25854513584574934,-295.0,4.456685219383516,23:32
1413,1135,0.044933920704845816,51.0,4.6205877347095345,23:33
1414,1108,-0.20487364620938628,-227.0,3.984896245449975,23:34
1415,1116,-0.1424731182795699,-159.0,4.076658569093425,23:35
1416,1138,-0.15992970123022848,-182.0,4.248740596097314,23:36
1417,1139,-0.09394205443371378,-107.0,4.518556564570079,23:37
1418,1135,-0.16387665198237886,-186.0,4.135653784425233,23:38
1419,1127,0.12777284826974267,144.0,3.8323666810727297,23:39
1420,1111,-0.09810981098109811,-109.0,3.830214873021654,23:40
1421,1149,-0.1462140992167102,-168.0,4.247712648598341,23:41
1422,1132,0.03445229681978799,39.0,3.9245375541122702,23:42
1423,1115,0.09955156950672646,111.0,4.208219470194259,23:43
1424,1116,-0.11648745519713262,-130.0,3.8387751025209664,23:44
1425,1125,0.08533333333333333,96.0,3.7005106890036936,23:45
1426,1136,0.07922535211267606,90.0,4.591782520129551,23:46
1427,1121,-0.06690454950936664,-75.0,3.7316194969939467,23:47
1428,1115,-0.1757847533632287,-196.0,3.6877138666448737,23:48
1429,1115,0.016143497757847534,18.0,3.72888543003208,23:49
1430,1111,-0.036003600360036005,-40.0,3.5855766942874974,23:50
1431,1136,0.38116197183098594,433.0,4.343607066606326,23:51
1432,1127,0.12156166814551908,137.0,3.994039303373875,23:52
1433,1116,-0.013440860215053764,-15.0,3.5930673640495527,23:53
1434,1117,0.12802148612354522,143.0,3.3345015328615784,23:54
1435,1135,0.050220264317180616,57.0,3.727742583153465,23:55
1436,1118,-0.10465116279069768,-117.0,3.8634661211238868,23:56
1437,1120,-0.08660714285714285,-97.0,3.6094651545134586,23:57
1438,1093,0.17200365965233302,188.0,3.3577398577566338,23:58
1439,1100,-0.02181818181818182,-24.0,3.3352934375405083,23:59
