sess,n_trades,net_c1_ticks,net_c1_usd,net_c2_usd,net_v1,net_v2
2022-01-21,1,960.128,4800.64,4790.64,-5172.5,-5185.0
2022-01-24,3,-1310.616,-6553.08,-6583.08,7641.4,7261.4
2022-01-25,2,-1913.744,-9568.72,-9588.72,2167.1,1177.1
2022-01-26,3,-1876.616,-9383.08,-9413.08,1903.2,1690.2
2022-01-27,1,1067.128,5335.639999999999,5325.639999999999,-510.4,-415.4
2022-01-28,2,-185.744,-928.72,-948.72,3145.7,3173.7
2022-01-31,1,1315.128,6575.639999999999,6565.639999999999,-716.2,-716.2
2022-02-01,1,-539.872,-2699.3599999999997,-2709.3599999999997,-838.1,-838.1
2022-02-02,1,-75.872,-379.36,-389.36,407.6,357.6
2022-02-03,1,-1013.872,-5069.36,-5079.36,219.4,-75.6
2022-02-04,2,-315.744,-1578.7200000000003,-1598.7200000000003,390.5,376.5
2022-02-07,2,-348.744,-1743.7200000000003,-1763.7200000000003,-2384.8,-2353.3
2022-02-08,1,731.128,3655.6400000000003,3645.6400000000003,-576.3,-627.3
2022-02-09,0,0.0,0.0,0.0,-487.1,-487.1
2022-02-10,1,-390.872,-1954.3600000000001,-1964.3600000000001,1906.2,2158.2
2022-02-11,1,1279.128,6395.639999999999,6385.639999999999,-1992.7,-1951.7
2022-02-14,1,-81.872,-409.36,-419.36,-1045.4,-1063.4
2022-02-15,0,0.0,0.0,0.0,1054.2,1146.2
2022-02-16,1,-588.872,-2944.3599999999997,-2954.3599999999997,-961.5,-979.5
2022-02-17,1,900.128,4500.64,4490.64,4370.2,4258.2
2022-02-18,1,569.128,2845.6400000000003,2835.6400000000003,-3887.0,-3697.0
2022-02-21,1,9.128,45.64,35.64,929.8,929.8
2022-02-22,2,-1023.744,-5118.72,-5138.719999999999,1356.2,1599.2
2022-02-23,1,1832.128,9160.64,9150.64,2426.1,2339.1
2022-02-24,1,3040.128,15200.640000000001,15190.640000000001,10765.5,10405.5
2022-02-25,2,-592.744,-2963.7200000000003,-2983.7200000000003,-3388.0,-3388.0
2022-02-28,1,435.128,2175.64,2165.64,-6811.0,-6816.5
2022-03-01,2,-643.744,-3218.7200000000003,-3238.7200000000003,-53.5,69.5
2022-03-02,2,-670.744,-3353.7200000000003,-3373.7200000000003,-1868.3,-2042.3
2022-03-03,1,1083.128,5415.639999999999,5405.639999999999,420.4,595.4
2022-03-04,2,-445.744,-2228.7200000000003,-2248.7200000000003,-2246.0,-2255.0
2022-03-07,1,1699.128,8495.64,8485.64,-985.6,-1035.6
2022-03-08,3,-2485.616,-12428.08,-12458.08,-2585.8,-2585.8
2022-03-09,1,-642.872,-3214.3599999999997,-3224.3599999999997,6638.4,7258.4
2022-03-10,1,-417.872,-2089.36,-2099.36,-761.2,-774.7
2022-03-11,1,1301.128,6505.639999999999,6495.639999999999,4236.3,3984.3
2022-03-14,2,-926.744,-4633.72,-4653.72,-2686.0,-2694.0
2022-03-15,1,673.128,3365.6400000000003,3355.6400000000003,3625.8,3778.8
2022-03-16,1,902.128,4510.64,4500.64,-307.8,-307.8
2022-03-17,1,542.128,2710.6400000000003,2700.6400000000003,-2253.2,-2246.2
2022-03-18,1,1171.128,5855.639999999999,5845.639999999999,294.2,295.2
2022-03-21,2,-658.744,-3293.7200000000003,-3313.7200000000003,-1685.2,-1681.2
2022-03-22,1,764.128,3820.6400000000003,3810.6400000000003,-578.9,-578.9
2022-03-23,1,71.128,355.64,345.64,556.2,628.2
2022-03-24,2,-543.744,-2718.7200000000003,-2738.7200000000003,2804.3,2879.3
2022-03-25,1,-351.872,-1759.3600000000001,-1769.3600000000001,-1104.8,-1106.3
2022-03-28,1,565.128,2825.6400000000003,2815.6400000000003,-1514.2,-1516.7
2022-03-29,1,-685.872,-3429.3599999999997,-3439.3599999999997,-1544.8,-1564.8
2022-03-30,0,0.0,0.0,0.0,-249.1,-214.1
2022-03-31,1,528.128,2640.6400000000003,2630.6400000000003,-1062.5,-1078.5
2022-04-01,1,-224.872,-1124.3600000000001,-1134.3600000000001,-1183.1,-1342.1
2022-04-04,1,845.128,4225.64,4215.64,757.4,811.4
2022-04-05,1,796.128,3980.6400000000003,3970.6400000000003,3065.2,3264.7
2022-04-06,1,50.128,250.64,240.64,-88.4,-88.4
2022-04-07,3,-1992.616,-9963.08,-9993.08,-1253.3,-1287.8
2022-04-08,1,319.128,1595.6399999999999,1585.6399999999999,89.7,19.700000000000003
2022-04-11,1,250.128,1250.6399999999999,1240.6399999999999,-1630.1,-1630.1
2022-04-12,1,806.128,4030.6400000000003,4020.6400000000003,1059.7,1056.7
2022-04-13,1,879.128,4395.64,4385.64,1573.8,1669.8
2022-04-14,1,1069.128,5345.639999999999,5335.639999999999,3315.7,3431.7
2022-04-18,1,-108.872,-544.36,-554.36,765.3,918.3
2022-04-19,1,1007.128,5035.64,5025.64,-2226.7,-2286.2
2022-04-20,1,826.128,4130.64,4120.64,-1013.8,-1040.5
2022-04-21,2,360.256,1801.2799999999997,1781.2799999999997,2414.8,2376.8
2022-04-22,1,1141.128,5705.639999999999,5695.639999999999,-2389.0,-2389.0
2022-04-25,1,767.128,3835.6400000000003,3825.6400000000003,781.2,881.2
2022-04-26,1,1331.128,6655.639999999999,6645.639999999999,10464.8,10149.8
2022-04-27,1,-436.872,-2184.36,-2194.36,-1056.0,-1246.0
2022-04-28,2,-781.744,-3908.7200000000003,-3928.7200000000003,-633.2,-581.1
2022-04-29,2,369.256,1846.2799999999997,1826.2799999999997,-365.9,-341.9
2022-05-02,2,78.256,391.28,371.28,-1856.3,-1826.3
2022-05-03,1,-284.872,-1424.3600000000001,-1434.3600000000001,-2448.5,-2415.5
2022-05-04,2,-633.744,-3168.7200000000003,-3188.7200000000003,-2550.8,-2550.8
2022-05-05,1,1836.128,9180.64,9170.64,7219.9,7228.9
2022-05-06,2,-2051.744,-10258.720000000001,-10278.720000000001,-1817.9,-1730.4
2022-05-09,2,-539.744,-2698.7200000000003,-2718.7200000000003,-403.7,-391.7
2022-05-10,1,369.128,1845.6399999999999,1835.6399999999999,-2667.0,-2604.5
2022-05-11,2,-588.744,-2943.7200000000003,-2963.7200000000003,-2461.5,-2539.0
2022-05-12,2,-430.744,-2153.7200000000003,-2173.7200000000003,-3085.1,-2650.1
2022-05-13,1,379.128,1895.6399999999999,1885.6399999999999,3010.0,3132.0
2022-05-16,1,142.128,710.6399999999999,700.6399999999999,-2128.9,-2116.9
2022-05-17,1,-804.872,-4024.3599999999997,-4034.3599999999997,1333.6,1298.6
2022-05-18,1,1630.128,8150.639999999999,8140.639999999999,9594.2,9984.2
2022-05-19,1,-210.872,-1054.3600000000001,-1064.3600000000001,-1543.3,-1610.8
2022-05-20,1,585.128,2925.6400000000003,2915.6400000000003,1209.1,1051.6
2022-05-23,2,-1096.744,-5483.719999999999,-5503.719999999999,-2733.9,-2733.9
2022-05-24,1,16.128,80.64,70.64,-260.2,-165.2
2022-05-25,1,563.128,2815.6400000000003,2805.6400000000003,-2109.5,-2069.5
2022-05-26,1,1116.128,5580.639999999999,5570.639999999999,2509.1,2521.6
2022-05-27,1,675.128,3375.6400000000003,3365.6400000000003,1262.6,1225.6
2022-05-30,0,0.0,0.0,0.0,-300.0,-300.0
2022-05-31,1,-227.872,-1139.3600000000001,-1149.3600000000001,-422.6,-450.1
2022-06-01,2,-522.744,-2613.7200000000003,-2633.7200000000003,-1465.9,-1414.9
2022-06-02,1,1096.128,5480.639999999999,5470.639999999999,1581.5,1515.5
2022-06-03,1,-100.872,-504.36,-514.36,3460.6,3366.1
2022-06-06,1,-164.872,-824.3600000000001,-834.3600000000001,-718.3,-732.8
2022-06-07,1,839.128,4195.64,4185.64,802.4,918.4
2022-06-08,1,-558.872,-2794.3599999999997,-2804.3599999999997,-927.2,-885.2
2022-06-09,2,-581.744,-2908.7200000000003,-2928.7200000000003,-876.4,-795.4
2022-06-10,1,548.128,2740.6400000000003,2730.6400000000003,-2276.6,-2277.1
2022-06-13,2,-797.744,-3988.7200000000003,-4008.7200000000003,-2117.7,-2107.7
2022-06-14,1,-17.872,-89.36,-99.36,-3976.4,-4020.4
2022-06-15,1,404.128,2020.6399999999999,2010.6399999999999,-1334.0,-1334.0
2022-06-16,1,520.128,2600.6400000000003,2590.6400000000003,1342.4,1392.4
2022-06-17,1,207.128,1035.6399999999999,1025.6399999999999,-1140.6,-1238.1
2022-06-20,0,0.0,0.0,0.0,-658.7,-658.7
2022-06-21,1,61.128,305.64,295.64,-300.9,-340.9
2022-06-22,1,324.128,1620.6399999999999,1610.6399999999999,1653.1,1570.6
2022-06-23,1,-566.872,-2834.3599999999997,-2844.3599999999997,-354.4,-141.4
2022-06-24,1,811.128,4055.6400000000003,4045.6400000000003,807.3,771.3
2022-06-27,1,316.128,1580.6399999999999,1570.6399999999999,-1102.7,-1048.7
2022-06-28,2,435.256,2176.2799999999997,2156.2799999999997,350.2,348.7
2022-06-29,1,-320.872,-1604.3600000000001,-1614.3600000000001,-2126.6,-2154.1
2022-06-30,2,-1459.744,-7298.719999999999,-7318.719999999999,34.1,-15.9
2022-07-01,1,167.128,835.6399999999999,825.6399999999999,-592.2,-697.2
2022-07-04,0,0.0,0.0,0.0,-159.4,-159.4
2022-07-05,1,825.128,4125.64,4115.64,928.1,923.1
2022-07-06,0,0.0,0.0,0.0,-4309.7,-4285.7
2022-07-07,1,599.128,2995.6400000000003,2985.6400000000003,1099.1,1111.1
2022-07-08,1,323.128,1615.6399999999999,1605.6399999999999,-2159.4,-2148.4
2022-07-11,1,436.128,2180.64,2170.64,1462.8,1382.8
2022-07-12,2,-316.744,-1583.7200000000003,-1603.7200000000003,-54.5,-54.5
2022-07-13,1,522.128,2610.6400000000003,2600.6400000000003,-4545.9,-4535.4
2022-07-14,2,-739.744,-3698.7200000000003,-3718.7200000000003,365.1,385.1
2022-07-15,1,42.128,210.64,200.64,-886.5,-895.0
2022-07-18,1,321.128,1605.6399999999999,1595.6399999999999,2374.7,2434.7
2022-07-19,1,557.128,2785.6400000000003,2775.6400000000003,4963.4,4919.4
2022-07-20,1,433.128,2165.64,2155.64,-1809.9,-1806.9
2022-07-21,2,-475.744,-2378.7200000000003,-2398.7200000000003,-1615.8,-1624.8
2022-07-22,2,20.256,101.28,81.28,452.0,465.5
2022-07-25,1,149.128,745.6399999999999,735.6399999999999,-1252.5,-1252.5
2022-07-26,1,440.128,2200.64,2190.64,602.4,509.4
2022-07-27,1,1106.128,5530.639999999999,5520.639999999999,1912.9,1885.9
2022-07-28,2,-856.744,-4283.72,-4303.72,3855.5,3859.5
2022-07-29,2,77.256,386.28,366.28,-1564.5,-1564.5
2022-08-01,1,7.128,35.64,25.64,-1214.3,-1169.3
2022-08-02,1,104.128,520.64,510.64,-540.3,-430.3
2022-08-03,1,978.128,4890.64,4880.64,4596.0,4728.0
2022-08-04,2,-974.744,-4873.72,-4893.72,-1687.3,-1686.3
2022-08-05,1,214.128,1070.6399999999999,1060.6399999999999,-720.1,-709.6
2022-08-08,1,-516.872,-2584.3599999999997,-2594.3599999999997,318.1,451.1
2022-08-09,1,52.128,260.64,250.64,-27.0,-27.0
2022-08-10,1,-459.872,-2299.36,-2309.36,681.1,786.1
2022-08-11,1,386.128,1930.6399999999999,1920.6399999999999,1450.2,1518.2
2022-08-12,2,-97.744,-488.72,-508.72,2369.4,2349.4
2022-08-15,1,349.128,1745.6399999999999,1735.6399999999999,-1196.0,-1206.0
2022-08-16,1,-421.872,-2109.36,-2119.36,-552.5,-470.0
2022-08-17,2,-729.744,-3648.7200000000003,-3668.7200000000003,523.4,526.4
2022-08-18,2,-653.744,-3268.7200000000003,-3288.7200000000003,-1070.8,-1075.3
2022-08-19,1,351.128,1755.6399999999999,1745.6399999999999,2027.3,2007.6
2022-08-22,1,537.128,2685.6400000000003,2675.6400000000003,304.2,312.2
2022-08-23,1,-214.872,-1074.3600000000001,-1084.3600000000001,-1913.3,-1917.3
2022-08-24,1,-4.872,-24.36,-34.36,-844.2,-921.7
2022-08-25,2,-225.744,-1128.72,-1148.72,-380.7,-370.2
2022-08-26,1,1896.128,9480.64,9470.64,8478.7,7713.7
2022-08-29,1,-254.872,-1274.3600000000001,-1284.3600000000001,-1733.2,-1873.2
2022-08-30,1,717.128,3585.6400000000003,3575.6400000000003,621.4,621.4
2022-08-31,1,314.128,1570.6399999999999,1560.6399999999999,-1637.6,-1652.6
2022-09-01,2,-1012.744,-5063.72,-5083.72,1099.3,1054.3
2022-09-02,1,1015.128,5075.64,5065.64,1911.5,1929.0
2022-09-05,0,0.0,0.0,0.0,-680.7,-680.7
2022-09-06,1,359.128,1795.6399999999999,1785.6399999999999,-14.800000000000004,51.2
2022-09-07,1,701.128,3505.6400000000003,3495.6400000000003,2753.8,2789.8
2022-09-08,2,9.256,46.28,26.28,-2476.9,-2469.9
2022-09-09,1,522.128,2610.6400000000003,2600.6400000000003,-240.5,-244.0
2022-09-12,1,185.128,925.6399999999999,915.6399999999999,-1021.3,-1021.3
2022-09-13,1,1116.128,5580.639999999999,5570.639999999999,7346.2,7466.2
2022-09-14,1,-384.872,-1924.3600000000001,-1934.3600000000001,-1419.5,-1399.5
2022-09-15,2,-690.744,-3453.7200000000003,-3473.7200000000003,1152.3,1143.4
2022-09-16,1,-428.872,-2144.36,-2154.36,199.5,-156.5
2022-09-19,1,564.128,2820.6400000000003,2810.6400000000003,-1309.3,-1284.3
2022-09-20,1,-341.872,-1709.3600000000001,-1719.3600000000001,-119.1,-43.1
2022-09-21,3,-1900.616,-9503.08,-9533.08,17.699999999999996,152.7
2022-09-22,1,36.128,180.64,170.64,-1922.2,-1951.2
2022-09-23,1,250.128,1250.6399999999999,1240.6399999999999,399.5,391.5
2022-09-26,1,-388.872,-1944.3600000000001,-1954.3600000000001,-2687.3,-2671.3
2022-09-27,2,-395.744,-1978.7200000000003,-1998.7200000000003,-1602.5,-1627.5
2022-09-28,2,255.256,1276.28,1256.28,1618.2,1723.2
2022-09-29,1,494.128,2470.64,2460.64,2692.5,2747.5
2022-09-30,1,-841.872,-4209.36,-4219.36,-1206.2,-1128.2
2022-10-03,2,41.256,206.28,186.28,4014.3,4030.3
2022-10-04,1,309.128,1545.6399999999999,1535.6399999999999,-45.3,-39.8
2022-10-05,3,-860.616,-4303.08,-4333.08,-39.2,-76.7
2022-10-06,1,-444.872,-2224.36,-2234.36,-1385.9,-1571.4
2022-10-07,1,660.128,3300.6400000000003,3290.6400000000003,-1019.7,-1019.7
2022-10-10,1,195.128,975.6399999999999,965.6399999999999,-1338.7,-1323.7
2022-10-11,1,69.128,345.64,335.64,-1662.0,-1586.5
2022-10-12,1,-326.872,-1634.3600000000001,-1644.3600000000001,-2202.7,-2202.7
2022-10-13,1,1983.128,9915.64,9905.64,-678.4,-635.9
2022-10-14,1,1486.128,7430.639999999999,7420.639999999999,2934.3,2882.3
2022-10-17,1,148.128,740.6399999999999,730.6399999999999,3408.9,3448.9
2022-10-18,1,736.128,3680.6400000000003,3670.6400000000003,-126.9,-126.9
2022-10-19,1,-242.872,-1214.3600000000001,-1224.3600000000001,396.5,480.5
2022-10-20,1,-240.872,-1204.3600000000001,-1214.3600000000001,-1037.0,-1073.0
2022-10-21,1,979.128,4895.64,4885.64,2920.1,2857.1
2022-10-24,1,-836.872,-4184.36,-4194.36,-1577.9,-1575.9
2022-10-25,1,341.128,1705.6399999999999,1695.6399999999999,-73.6,-1.6000000000000014
2022-10-26,1,-517.872,-2589.3599999999997,-2599.3599999999997,-541.0,-363.5
2022-10-27,1,296.128,1480.6399999999999,1470.6399999999999,-1591.6,-1542.0
2022-10-28,1,1144.128,5720.639999999999,5710.639999999999,3684.1,3599.1
2022-10-31,1,-57.872,-289.36,-299.36,-791.0,-924.0
2022-11-01,1,755.128,3775.6400000000003,3765.6400000000003,285.6,300.6
2022-11-02,1,684.128,3420.6400000000003,3410.6400000000003,-3676.5,-3657.5
2022-11-03,1,82.128,410.64,400.64,-1733.5,-1715.5
2022-11-04,1,-77.872,-389.36,-399.36,-1349.3,-1233.3
2022-11-07,1,-370.872,-1854.3600000000001,-1864.3600000000001,-2051.5,-2051.5
2022-11-08,3,-2142.616,-10713.08,-10743.08,75.6,96.6
2022-11-09,1,590.128,2950.6400000000003,2940.6400000000003,991.3,956.3
2022-11-10,2,168.256,841.28,821.28,9797.2,9542.2
2022-11-11,2,0.2560000000000002,1.2800000000000011,-18.72,-2177.8,-2177.8
2022-11-14,1,-602.872,-3014.3599999999997,-3024.3599999999997,-1119.6,-1015.6
2022-11-15,1,-69.872,-349.36,-359.36,1547.0,1469.5
2022-11-16,1,83.128,415.64,405.64,-271.8,-291.3
2022-11-17,1,368.128,1840.6399999999999,1830.6399999999999,604.5,546.8
2022-11-18,1,294.128,1470.6399999999999,1460.6399999999999,-653.0,-639.0
2022-11-21,0,0.0,0.0,0.0,-172.6,-207.6
2022-11-22,1,-718.872,-3594.3599999999997,-3604.3599999999997,866.4,830.4
2022-11-23,1,272.128,1360.6399999999999,1350.6399999999999,-1325.9,-1325.9
2022-11-24,0,0.0,0.0,0.0,-21.6,-21.6
2022-11-25,0,0.0,0.0,0.0,639.8,639.8
2022-11-28,2,-753.744,-3768.7200000000003,-3788.7200000000003,-814.0,-818.0
2022-11-29,1,248.128,1240.6399999999999,1230.6399999999999,-806.5,-807.5
2022-11-30,1,1830.128,9150.64,9140.64,4694.6,4673.6
2022-12-01,2,-558.744,-2793.7200000000003,-2813.7200000000003,-1602.2,-1654.7
2022-12-02,1,435.128,2175.64,2165.64,-1337.0,-1324.0
2022-12-05,2,-203.744,-1018.72,-1038.72,665.7,740.7
2022-12-06,1,850.128,4250.64,4240.64,149.0,137.0
2022-12-07,1,-215.872,-1079.3600000000001,-1089.3600000000001,-1947.7,-1948.7
2022-12-08,2,-402.744,-2013.7200000000003,-2033.7200000000003,-1018.0,-916.0
2022-12-09,1,-373.872,-1869.3600000000001,-1879.3600000000001,-1416.1,-1528.6
2022-12-12,0,0.0,0.0,0.0,1141.5,1069.5
2022-12-13,1,1009.128,5045.64,5035.64,3855.5,3813.5
2022-12-14,2,-1407.744,-7038.719999999999,-7058.719999999999,-2618.5,-2615.5
2022-12-15,1,704.128,3520.6400000000003,3510.6400000000003,3453.9,3477.9
2022-12-16,2,-514.744,-2573.7200000000003,-2593.7200000000003,-640.3,-637.3
2022-12-19,1,376.128,1880.6399999999999,1870.6399999999999,-749.4,-753.9
2022-12-20,2,-443.744,-2218.7200000000003,-2238.7200000000003,-914.5,-972.5
2022-12-21,1,191.128,955.6399999999999,945.6399999999999,111.9,80.4
2022-12-22,1,334.128,1670.6399999999999,1660.6399999999999,5324.7,5341.7
2022-12-23,1,-481.872,-2409.36,-2419.36,-2743.0,-2743.0
2022-12-27,1,326.128,1630.6399999999999,1620.6399999999999,1446.0,1418.0
2022-12-28,2,-600.744,-3003.7200000000003,-3023.7200000000003,-1073.2,-1063.2
2022-12-29,1,379.128,1895.6399999999999,1885.6399999999999,3290.3,3290.3
2022-12-30,0,0.0,0.0,0.0,-303.7,-287.7
2023-01-03,2,-158.744,-793.72,-813.72,1341.8,1416.8
2023-01-04,1,-33.872,-169.36,-179.36,-2933.8,-2949.3
2023-01-05,1,210.128,1050.6399999999999,1040.6399999999999,-242.6,-252.6
2023-01-06,3,-631.616,-3158.08,-3188.08,2287.9,2307.9
2023-01-09,1,-439.872,-2199.36,-2209.36,1477.4,1561.4
2023-01-10,1,147.128,735.6399999999999,725.6399999999999,-50.0,-30.0
2023-01-11,1,119.128,595.64,585.64,-406.1,-406.1
2023-01-12,1,-333.872,-1669.3600000000001,-1679.3600000000001,-2984.1,-3005.1
2023-01-13,1,437.128,2185.64,2175.64,-937.2,-920.2
2023-01-16,0,0.0,0.0,0.0,-316.0,-316.0
2023-01-17,1,-161.872,-809.3600000000001,-819.3600000000001,-1177.3,-1173.8
2023-01-18,1,594.128,2970.6400000000003,2960.6400000000003,1518.3,1546.3
2023-01-19,2,-646.744,-3233.7200000000003,-3253.7200000000003,-976.8,-954.3
2023-01-20,2,390.256,1951.2799999999997,1931.2799999999997,1922.4,1889.9
2023-01-23,1,814.128,4070.6400000000003,4060.6400000000003,-954.3,-915.3
2023-01-24,1,-5.872,-29.36,-39.36,-2047.4,-1989.4
2023-01-25,2,-443.744,-2218.7200000000003,-2238.7200000000003,2929.0,2929.0
2023-01-26,1,-598.872,-2994.3599999999997,-3004.3599999999997,-1203.1,-1203.1
2023-01-27,1,570.128,2850.6400000000003,2840.6400000000003,-40.8,-54.3
2023-01-30,2,-83.744,-418.72,-438.72,599.7,562.2
2023-01-31,1,502.128,2510.64,2500.64,2225.3,2253.3
2023-02-01,2,-43.744,-218.72,-238.72,-2321.0,-2316.0
2023-02-02,1,418.128,2090.64,2080.64,443.9,668.9
2023-02-03,1,5.128,25.64,15.64,-2649.6,-2641.6
2023-02-06,1,-203.872,-1019.3600000000001,-1029.3600000000001,-751.1,-753.1
2023-02-07,1,641.128,3205.6400000000003,3195.6400000000003,2645.8,2618.8
2023-02-08,1,291.128,1455.6399999999999,1445.6399999999999,119.4,144.4
2023-02-09,1,965.128,4825.64,4815.64,-613.8,-654.3
2023-02-10,1,-191.872,-959.3600000000001,-969.3600000000001,-1414.7,-1412.2
2023-02-13,2,-166.744,-833.72,-853.72,908.5,936.0
2023-02-14,1,383.128,1915.6399999999999,1905.6399999999999,-946.7,-944.2
2023-02-15,1,464.128,2320.64,2310.64,-1359.7,-1353.7
2023-02-16,1,-323.872,-1619.3600000000001,-1629.3600000000001,3026.7,2971.7
2023-02-17,1,-166.872,-834.3600000000001,-844.3600000000001,-1069.9,-1057.9
2023-02-20,0,0.0,0.0,0.0,-282.5,-282.5
2023-02-21,2,-515.744,-2578.7200000000003,-2598.7200000000003,1657.8,1706.8
2023-02-22,1,-97.872,-489.36,-499.36,-1321.7,-1702.5
2023-02-23,1,36.128,180.64,170.64,-35.0,-31.0
2023-02-24,2,-534.744,-2673.7200000000003,-2693.7200000000003,1480.8,1484.8
2023-02-27,1,-413.872,-2069.36,-2079.36,387.0,387.0
2023-02-28,1,-1.8719999999999999,-9.36,-19.36,-1075.7,-1121.7
2023-03-01,1,247.128,1235.6399999999999,1225.6399999999999,-1708.5,-1721.0
2023-03-02,1,648.128,3240.6400000000003,3230.6400000000003,575.5,581.5
2023-03-03,1,498.128,2490.64,2480.64,200.6,195.6
2023-03-06,1,-421.872,-2109.36,-2119.36,880.8,810.8
2023-03-07,2,-110.744,-553.72,-573.72,-2353.3,-2337.3
2023-03-08,1,-264.872,-1324.3600000000001,-1334.3600000000001,-1292.3,-1327.3
2023-03-09,2,115.256,576.28,556.28,1698.0,1765.5
2023-03-10,1,499.128,2495.64,2485.64,-3388.0,-3305.7
2023-03-13,2,128.256,641.28,621.28,-1130.0,-1192.5
2023-03-14,1,269.128,1345.6399999999999,1335.6399999999999,427.2,371.7
2023-03-15,1,377.128,1885.6399999999999,1875.6399999999999,-1606.7,-1606.7
2023-03-16,1,1292.128,6460.639999999999,6450.639999999999,-770.6,-770.6
2023-03-17,2,-690.744,-3453.7200000000003,-3473.7200000000003,-513.8,-507.8
2023-03-20,1,-441.872,-2209.36,-2219.36,-1290.1,-1302.1
2023-03-21,1,287.128,1435.6399999999999,1425.6399999999999,-281.5,-269.0
2023-03-22,1,-720.872,-3604.3599999999997,-3614.3599999999997,2973.3,2829.3
2023-03-23,1,-160.872,-804.3600000000001,-814.3600000000001,2188.4,2330.7
2023-03-24,1,-314.872,-1574.3600000000001,-1584.3600000000001,-1672.1,-1718.1
2023-03-27,1,170.128,850.6399999999999,840.6399999999999,-596.4,-552.4
2023-03-28,1,1.1280000000000001,5.640000000000001,-4.359999999999999,113.4,86.4
2023-03-29,0,0.0,0.0,0.0,552.5,557.5
2023-03-30,0,0.0,0.0,0.0,-783.2,-798.2
2023-03-31,1,714.128,3570.6400000000003,3560.6400000000003,-223.4,-243.4
2023-04-03,1,141.128,705.6399999999999,695.6399999999999,-586.7,-586.7
2023-04-04,3,-402.616,-2013.08,-2043.08,-235.0,-222.5
2023-04-05,1,295.128,1475.6399999999999,1465.6399999999999,927.9,927.9
2023-04-06,2,162.256,811.28,791.28,1316.4,1301.4
2023-04-10,2,-293.744,-1468.7200000000003,-1488.7200000000003,1184.3,1184.3
2023-04-11,1,248.128,1240.6399999999999,1230.6399999999999,507.3,462.3
2023-04-12,1,598.128,2990.6400000000003,2980.6400000000003,-2634.4,-2630.9
2023-04-13,1,592.128,2960.6400000000003,2950.6400000000003,2946.3,3166.8
2023-04-14,1,-96.872,-484.36,-494.36,-563.2,-529.2
2023-04-17,2,-888.744,-4443.72,-4463.72,-1047.7,-1082.7
2023-04-18,1,141.128,705.6399999999999,695.6399999999999,-57.6,-62.6
2023-04-19,1,229.128,1145.6399999999999,1135.6399999999999,220.7,219.7
2023-04-20,1,-91.872,-459.36,-469.36,1120.1,1121.1
2023-04-21,1,-292.872,-1464.3600000000001,-1474.3600000000001,-1140.5,-1127.5
2023-04-24,2,-546.744,-2733.7200000000003,-2753.7200000000003,-509.1,-503.1
2023-04-25,1,500.128,2500.64,2490.64,1629.3,1622.3
2023-04-26,1,32.128,160.64,150.64,-1832.0,-1872.0
2023-04-27,1,525.128,2625.6400000000003,2615.6400000000003,2369.7,2412.7
2023-04-28,2,-139.744,-698.72,-718.72,-1157.2,-1146.7
2023-05-01,0,0.0,0.0,0.0,-479.0,-533.7
2023-05-02,1,170.128,850.6399999999999,840.6399999999999,-206.8,-181.8
2023-05-03,2,-490.744,-2453.7200000000003,-2473.7200000000003,-346.2,-610.9
2023-05-04,1,13.128,65.64,55.64,-1514.8,-1570.8
2023-05-05,1,633.128,3165.6400000000003,3155.6400000000003,2191.6,2221.6
2023-05-08,1,-275.872,-1379.3600000000001,-1389.3600000000001,-330.2,-325.7
2023-05-09,1,-185.872,-929.3600000000001,-939.3600000000001,-119.6,-159.6
2023-05-10,4,-1316.488,-6582.4400000000005,-6622.4400000000005,-353.7,-375.7
2023-05-11,1,-268.872,-1344.3600000000001,-1354.3600000000001,-1006.1,-1006.1
2023-05-12,1,183.128,915.6399999999999,905.6399999999999,33.0,14.0
2023-05-15,1,-277.872,-1389.3600000000001,-1399.3600000000001,-373.1,-361.1
2023-05-16,1,67.128,335.64,325.64,-971.5,-992.5
2023-05-17,2,-101.744,-508.72,-528.72,194.3,246.3
2023-05-18,1,822.128,4110.64,4100.64,-32.400000000000006,-53.400000000000006
2023-05-19,2,-413.744,-2068.7200000000003,-2088.7200000000003,129.9,201.9
2023-05-22,1,48.128,240.64,230.64,-471.6,-505.8
2023-05-23,2,-300.744,-1503.7200000000003,-1523.7200000000003,1715.3,1753.8
2023-05-24,2,-487.744,-2438.7200000000003,-2458.7200000000003,2817.0,1982.0
2023-05-25,1,-344.872,-1724.3600000000001,-1734.3600000000001,-2234.8,-2237.3
2023-05-26,1,1121.128,5605.639999999999,5595.639999999999,-57.1,-74.1
2023-05-29,0,0.0,0.0,0.0,-269.6,-269.6
2023-05-30,1,262.128,1310.6399999999999,1300.6399999999999,-792.9,-806.4
2023-05-31,2,-457.744,-2288.7200000000003,-2308.7200000000003,-345.0,-438.0
2023-06-01,2,4.256,21.28,1.2800000000000011,1379.0,1340.5
2023-06-02,2,-919.744,-4598.72,-4618.72,-1192.0,-1204.0
2023-06-05,1,-58.872,-294.36,-304.36,-671.5,-754.0
2023-06-06,1,-334.872,-1674.3600000000001,-1684.3600000000001,-1053.1,-1064.1
2023-06-07,2,140.256,701.28,681.28,1945.6,1942.6
2023-06-08,1,473.128,2365.64,2355.64,3161.3,3121.3
2023-06-09,1,-320.872,-1604.3600000000001,-1614.3600000000001,-511.6,-565.6
2023-06-12,1,271.128,1355.6399999999999,1345.6399999999999,2360.9,2318.9
2023-06-13,1,-267.872,-1339.3600000000001,-1349.3600000000001,-1306.9,-1302.4
2023-06-14,3,-1518.616,-7593.08,-7623.08,-1158.5,-1164.0
2023-06-15,1,778.128,3890.6400000000003,3880.6400000000003,-677.8,-675.8
2023-06-16,1,488.128,2440.64,2430.64,-253.7,-229.2
2023-06-19,0,0.0,0.0,0.0,-6.4,-6.4
2023-06-20,2,-813.744,-4068.7200000000003,-4088.7200000000003,-258.0,-243.0
2023-06-21,1,386.128,1930.6399999999999,1920.6399999999999,610.8,574.8
2023-06-22,1,699.128,3495.6400000000003,3485.6400000000003,1498.8,1450.8
2023-06-23,3,-1178.616,-5893.08,-5923.08,812.0,801.5
2023-06-26,2,-170.744,-853.72,-873.72,-574.0,-571.0
2023-06-27,1,574.128,2870.6400000000003,2860.6400000000003,2255.6,2223.6
2023-06-28,1,138.128,690.6399999999999,680.6399999999999,-1612.3,-1631.8
2023-06-29,1,-198.872,-994.3600000000001,-1004.3600000000001,-1357.4,-1380.4
2023-06-30,1,184.128,920.6399999999999,910.6399999999999,1402.7,1399.7
2023-07-03,0,0.0,0.0,0.0,-379.1,-379.1
2023-07-04,0,0.0,0.0,0.0,-118.3,-118.3
2023-07-05,1,113.128,565.64,555.64,-222.5,-223.5
2023-07-06,1,-321.872,-1609.3600000000001,-1619.3600000000001,1415.4,1379.4
2023-07-07,1,-363.872,-1819.3600000000001,-1829.3600000000001,-208.1,-280.1
2023-07-10,2,-515.744,-2578.7200000000003,-2598.7200000000003,-744.5,-599.5
2023-07-11,2,-596.744,-2983.7200000000003,-3003.7200000000003,-1228.0,-1228.0
2023-07-12,2,-815.744,-4078.7200000000003,-4098.72,-376.3,-383.8
2023-07-13,1,422.128,2110.64,2100.64,193.1,201.1
2023-07-14,1,-308.872,-1544.3600000000001,-1554.3600000000001,646.5,616.5
2023-07-17,1,353.128,1765.6399999999999,1755.6399999999999,900.6,913.1
2023-07-18,2,40.256,201.28,181.28,428.1,395.1
2023-07-19,1,68.128,340.64,330.64,-1040.6,-1045.6
2023-07-20,2,355.256,1776.2799999999997,1756.2799999999997,-65.9,-59.900000000000006
2023-07-21,1,426.128,2130.64,2120.64,-1513.7,-1504.7
2023-07-24,2,-600.744,-3003.7200000000003,-3023.7200000000003,-1123.9,-1093.9
2023-07-25,1,156.128,780.6399999999999,770.6399999999999,839.3,848.3
2023-07-26,1,-29.872,-149.36,-159.36,-1027.6,-1051.8
2023-07-27,2,462.256,2311.2799999999997,2291.2799999999997,2763.1,2723.1
2023-07-28,1,258.128,1290.6399999999999,1280.6399999999999,1998.0,1950.0
2023-07-31,2,-396.744,-1983.7200000000003,-2003.7200000000003,-1084.4,-1084.4
2023-08-01,1,-267.872,-1339.3600000000001,-1349.3600000000001,-738.0,-763.0
2023-08-02,1,598.128,2990.6400000000003,2980.6400000000003,2721.4,2631.4
2023-08-03,1,218.128,1090.6399999999999,1080.6399999999999,-1369.1,-1195.6
2023-08-04,4,-1655.488,-8277.44,-8317.44,-86.9,-100.9
2023-08-07,1,-386.872,-1934.3600000000001,-1944.3600000000001,82.3,110.3
2023-08-08,1,-18.872,-94.36,-104.36,1420.7,1420.7
2023-08-09,1,541.128,2705.6400000000003,2695.6400000000003,1136.0,1244.0
2023-08-10,2,-561.744,-2808.7200000000003,-2828.7200000000003,377.4,371.4
2023-08-11,1,-306.872,-1534.3600000000001,-1544.3600000000001,-592.4,-603.4
2023-08-14,1,536.128,2680.6400000000003,2670.6400000000003,593.5,509.5
2023-08-15,1,133.128,665.6399999999999,655.6399999999999,1370.7,1388.7
2023-08-16,1,438.128,2190.64,2180.64,-1311.2,-1304.7
2023-08-17,1,686.128,3430.6400000000003,3420.6400000000003,-1201.2,-1201.2
2023-08-18,1,336.128,1680.6399999999999,1670.6399999999999,-392.2,-312.2
2023-08-21,1,533.128,2665.6400000000003,2655.6400000000003,-454.8,-454.8
2023-08-22,1,378.128,1890.6399999999999,1880.6399999999999,-28.8,-32.3
2023-08-23,1,507.128,2535.64,2525.64,4231.2,3887.2
2023-08-24,1,1486.128,7430.639999999999,7420.639999999999,8777.9,8962.9
2023-08-25,2,-1406.744,-7033.719999999999,-7053.719999999999,1125.0,1145.0
2023-08-28,1,-102.872,-514.36,-524.36,-1092.8,-1092.3
2023-08-29,1,1216.128,6080.639999999999,6070.639999999999,196.4,194.9
2023-08-30,0,0.0,0.0,0.0,-979.5,-979.5
2023-08-31,1,36.128,180.64,170.64,-856.5,-882.5
2023-09-01,1,290.128,1450.6399999999999,1440.6399999999999,-238.1,-240.1
2023-09-04,0,0.0,0.0,0.0,-159.0,-159.0
2023-09-05,0,0.0,0.0,0.0,-666.5,-666.5
2023-09-06,1,333.128,1665.6399999999999,1655.6399999999999,371.9,369.4
2023-09-07,0,0.0,0.0,0.0,62.7,32.7
2023-09-08,1,-181.872,-909.3600000000001,-919.3600000000001,-1626.7,-1656.7
2023-09-11,1,-347.872,-1739.3600000000001,-1749.3600000000001,424.9,448.9
2023-09-12,0,0.0,0.0,0.0,950.1,990.6
2023-09-13,1,-12.872,-64.36,-74.36,-722.4,-734.4
2023-09-14,2,-692.744,-3463.7200000000003,-3483.7200000000003,-548.6,-491.6
2023-09-15,1,734.128,3670.6400000000003,3660.6400000000003,3488.8,3373.3
2023-09-18,1,-2.872,-14.36,-24.36,-775.8,-730.8
2023-09-19,1,-306.872,-1534.3600000000001,-1544.3600000000001,257.5,254.5
2023-09-20,1,642.128,3210.6400000000003,3200.6400000000003,2530.7,2322.7
2023-09-21,2,-40.744,-203.72,-223.72,-1325.2,-1325.2
2023-09-22,2,-815.744,-4078.7200000000003,-4098.72,-1080.6,-1080.6
2023-09-25,1,286.128,1430.6399999999999,1420.6399999999999,-73.30000000000001,-33.300000000000004
2023-09-26,1,292.128,1460.6399999999999,1450.6399999999999,1960.3,2012.8
2023-09-27,2,-524.744,-2623.7200000000003,-2643.7200000000003,36.6,48.6
2023-09-28,1,504.128,2520.64,2510.64,-2384.2,-2374.2
2023-09-29,2,-359.744,-1798.7200000000003,-1818.7200000000003,-23.8,-40.3
2023-10-02,1,249.128,1245.6399999999999,1235.6399999999999,-2058.4,-2002.9
2023-10-03,2,164.256,821.28,801.28,1643.6,1571.1
2023-10-04,1,502.128,2510.64,2500.64,1887.2,1978.2
2023-10-05,1,55.128,275.64,265.64,-570.9,-561.9
2023-10-06,1,1374.128,6870.639999999999,6860.639999999999,-747.5,-758.5
2023-10-09,2,188.256,941.28,921.28,-1656.9,-1656.9
2023-10-10,1,34.128,170.64,160.64,-71.9,-61.9
2023-10-11,1,20.128,100.64,90.64,269.5,284.5
2023-10-12,2,-958.744,-4793.72,-4813.72,387.6,394.6
2023-10-13,1,683.128,3415.6400000000003,3405.6400000000003,858.0,843.0
2023-10-16,1,275.128,1375.6399999999999,1365.6399999999999,106.0,68.5
2023-10-17,2,-223.744,-1118.72,-1138.72,1041.7,986.7
2023-10-18,2,-955.744,-4778.72,-4798.72,-745.8,-742.8
2023-10-19,1,568.128,2840.6400000000003,2830.6400000000003,-2228.5,-2201.0
2023-10-20,1,621.128,3105.6400000000003,3095.6400000000003,-832.0,-832.0
2023-10-23,2,-57.744,-288.72,-308.72,1279.7,1284.5
2023-10-24,1,127.128,635.64,625.64,-1000.3,-917.8
2023-10-25,1,712.128,3560.6400000000003,3550.6400000000003,3404.4,3212.4
2023-10-26,1,701.128,3505.6400000000003,3495.6400000000003,-2024.2,-2017.7
2023-10-27,1,-393.872,-1969.3600000000001,-1979.3600000000001,-468.9,-478.4
2023-10-30,1,50.128,250.64,240.64,-317.4,-357.4
2023-10-31,1,-564.872,-2824.3599999999997,-2834.3599999999997,-1301.5,-1301.5
2023-11-01,1,786.128,3930.6400000000003,3920.6400000000003,-148.6,-175.6
2023-11-02,0,0.0,0.0,0.0,-578.0,-488.0
2023-11-03,1,327.128,1635.6399999999999,1625.6399999999999,77.4,73.4
2023-11-06,1,-115.872,-579.36,-589.36,-211.1,-208.1
2023-11-07,2,-281.744,-1408.7200000000003,-1428.7200000000003,-993.1,-1011.1
2023-11-08,1,-354.872,-1774.3600000000001,-1784.3600000000001,-387.4,-356.4
2023-11-09,1,210.128,1050.6399999999999,1040.6399999999999,-502.3,-554.3
2023-11-10,1,846.128,4230.64,4220.64,5518.1,5748.1
2023-11-13,1,-220.872,-1104.3600000000001,-1114.3600000000001,-889.0,-890.0
2023-11-14,1,80.128,400.64,390.64,466.1,496.1
2023-11-15,1,79.128,395.64,385.64,295.8,291.3
2023-11-16,2,-720.744,-3603.7200000000003,-3623.7200000000003,-623.5,-595.5
2023-11-17,0,0.0,0.0,0.0,-899.1,-909.3
2023-11-20,1,413.128,2065.64,2055.64,1346.0,1326.0
2023-11-21,1,-16.872,-84.36,-94.36,593.4,589.7
2023-11-22,2,-531.744,-2658.7200000000003,-2678.7200000000003,-332.7,-322.7
2023-11-23,0,0.0,0.0,0.0,-64.4,-64.4
2023-11-24,1,-47.872,-239.36,-249.36,-134.9,-134.9
2023-11-27,1,-117.872,-589.36,-599.36,-191.9,-201.9
2023-11-28,1,165.128,825.6399999999999,815.6399999999999,-541.8,-541.8
2023-11-29,2,82.256,411.28,391.28,1120.8,1063.3
2023-11-30,1,82.128,410.64,400.64,-378.3,-258.3
2023-12-01,2,-373.744,-1868.7200000000003,-1888.7200000000003,-1701.0,-1714.0
2023-12-04,1,-149.872,-749.3600000000001,-759.3600000000001,2307.6,2300.1
2023-12-05,1,202.128,1010.6399999999999,1000.6399999999999,-1727.5,-1751.5
2023-12-06,1,642.128,3210.6400000000003,3200.6400000000003,694.6,682.6
2023-12-07,3,-446.616,-2233.08,-2263.08,2215.5,2163.5
2023-12-08,1,409.128,2045.6399999999999,2035.6399999999999,-1890.4,-1890.4
2023-12-11,1,384.128,1920.6399999999999,1910.6399999999999,-682.0,-682.0
2023-12-12,2,-167.744,-838.72,-858.72,-971.8,-971.8
2023-12-13,1,435.128,2175.64,2165.64,-1398.1,-1440.1
2023-12-14,2,-375.744,-1878.7200000000003,-1898.7200000000003,921.9,921.9
2023-12-15,1,69.128,345.64,335.64,-224.1,-231.1
2023-12-18,1,201.128,1005.6399999999999,995.6399999999999,118.4,114.4
2023-12-19,0,0.0,0.0,0.0,185.3,137.8
2023-12-20,2,-442.744,-2213.7200000000003,-2233.7200000000003,2773.3,3034.3
2023-12-21,1,-322.872,-1614.3600000000001,-1624.3600000000001,1077.5,1109.5
2023-12-22,1,-271.872,-1359.3600000000001,-1369.3600000000001,-719.5,-729.5
2023-12-26,1,145.128,725.6399999999999,715.6399999999999,655.8,639.8
2023-12-27,1,-82.872,-414.36,-424.36,-679.8,-684.8
2023-12-28,1,187.128,935.6399999999999,925.6399999999999,-22.0,-57.0
2023-12-29,1,97.128,485.64,475.64,417.7,447.7
2024-01-02,1,510.128,2550.64,2540.64,2187.8,2171.3
2024-01-03,2,-146.744,-733.72,-753.72,827.0,952.0
2024-01-04,1,-166.872,-834.3600000000001,-844.3600000000001,-1061.1,-1061.1
2024-01-05,1,-94.872,-474.36,-484.36,360.8,327.8
2024-01-08,1,977.128,4885.64,4875.64,3817.0,3852.0
2024-01-09,1,512.128,2560.6400000000003,2550.64,-895.4,-908.9
2024-01-10,1,268.128,1340.6399999999999,1330.6399999999999,-882.7,-898.7
2024-01-11,2,-493.744,-2468.7200000000003,-2488.7200000000003,-226.3,-226.3
2024-01-12,2,-415.744,-2078.7200000000003,-2098.7200000000003,-1354.3,-1320.3
2024-01-15,0,0.0,0.0,0.0,-412.9,-412.9
2024-01-16,2,-443.744,-2218.7200000000003,-2238.7200000000003,185.6,157.4
2024-01-17,1,-463.872,-2319.36,-2329.36,729.3,734.3
2024-01-18,1,244.128,1220.6399999999999,1210.6399999999999,-1258.4,-1258.4
2024-01-19,1,706.128,3530.6400000000003,3520.6400000000003,-549.2,-549.2
2024-01-22,2,-530.744,-2653.7200000000003,-2673.7200000000003,-370.4,-450.4
2024-01-23,1,-414.872,-2074.36,-2084.36,-808.4,-794.8
2024-01-24,2,-1012.744,-5063.72,-5083.72,679.7,927.7
2024-01-25,1,304.128,1520.6399999999999,1510.6399999999999,-900.8,-910.5
2024-01-26,2,-801.744,-4008.7200000000003,-4028.7200000000003,-988.6,-988.6
2024-01-29,1,490.128,2450.64,2440.64,1253.4,1309.4
2024-01-30,1,69.128,345.64,335.64,2845.6,2440.6
2024-01-31,1,419.128,2095.64,2085.64,-2771.9,-2799.9
2024-02-01,1,313.128,1565.6399999999999,1555.6399999999999,3683.0,3165.5
2024-02-02,1,787.128,3935.6400000000003,3925.6400000000003,-1650.9,-1708.8
2024-02-05,1,-189.872,-949.3600000000001,-959.3600000000001,-678.6,-701.6
2024-02-06,1,252.128,1260.6399999999999,1250.6399999999999,-533.0,-529.5
2024-02-07,2,-148.744,-743.72,-763.72,-83.2,-113.2
2024-02-08,1,-112.872,-564.36,-574.36,-716.8,-716.8
2024-02-09,2,161.256,806.28,786.28,-286.6,-267.6
2024-02-12,2,-577.744,-2888.7200000000003,-2908.7200000000003,738.2,886.2
2024-02-13,1,111.128,555.64,545.64,-53.5,-1.2000000000000028
2024-02-14,3,-1306.616,-6533.08,-6563.08,-1473.9,-1473.9
2024-02-15,1,-152.872,-764.3600000000001,-774.3600000000001,-1044.4,-1044.4
2024-02-16,1,544.128,2720.6400000000003,2710.6400000000003,3210.8,3255.8
2024-02-19,0,0.0,0.0,0.0,-136.7,-136.7
2024-02-20,1,146.128,730.6399999999999,720.6399999999999,468.1,630.6
2024-02-21,1,-292.872,-1464.3600000000001,-1474.3600000000001,-489.6,-489.6
2024-02-22,2,219.256,1096.28,1076.28,-581.3,-545.3
2024-02-23,2,-348.744,-1743.7200000000003,-1763.7200000000003,-52.8,-166.8
2024-02-26,1,-84.872,-424.36,-434.36,-1198.2,-1146.7
2024-02-27,1,-107.872,-539.36,-549.36,-1630.4,-1527.9
2024-02-28,2,-326.744,-1633.7200000000003,-1653.7200000000003,540.2,644.2
2024-02-29,2,-799.744,-3998.7200000000003,-4018.7200000000003,1071.9,1119.9
2024-03-01,1,819.128,4095.6400000000003,4085.6400000000003,7.5,18.8
2024-03-04,1,-8.872,-44.36,-54.36,-606.6,-517.8
2024-03-05,1,615.128,3075.6400000000003,3065.6400000000003,505.6,154.6
2024-03-06,1,96.128,480.64,470.64,-753.7,-929.7
2024-03-07,3,-372.616,-1863.08,-1893.08,3025.4,3016.2
2024-03-08,2,285.256,1426.2799999999997,1406.2799999999997,390.5,394.5
2024-03-11,1,-112.872,-564.36,-574.36,-677.4,-686.4
2024-03-12,2,-238.744,-1193.72,-1213.72,373.6,403.6
2024-03-13,1,255.128,1275.6399999999999,1265.6399999999999,-151.1,-19.1
2024-03-14,1,253.128,1265.6399999999999,1255.6399999999999,-1763.7,-1741.2
2024-03-15,1,207.128,1035.6399999999999,1025.6399999999999,898.2,903.2
2024-03-18,1,-420.872,-2104.36,-2114.36,1350.3,1341.3
2024-03-19,2,-339.744,-1698.7200000000003,-1718.7200000000003,1133.8,1288.8
2024-03-20,2,-530.744,-2653.7200000000003,-2673.7200000000003,-1916.8,-1916.8
2024-03-21,1,8.128,40.64,30.64,14.5,70.5
2024-03-22,0,0.0,0.0,0.0,-1186.8,-1221.8
2024-03-25,2,-452.744,-2263.7200000000003,-2283.7200000000003,128.6,128.6
2024-03-26,1,74.128,370.64,360.64,363.8,343.8
2024-03-27,1,76.128,380.64,370.64,-116.5,-29.0
2024-03-28,0,0.0,0.0,0.0,-805.8,-740.8
2024-04-01,2,-779.744,-3898.7200000000003,-3918.7200000000003,-751.1,-753.1
2024-04-02,1,-430.872,-2154.36,-2164.36,1590.0,1602.0
2024-04-03,1,345.128,1725.6399999999999,1715.6399999999999,-2110.6,-2145.6
2024-04-04,1,1571.128,7855.639999999999,7845.639999999999,3804.7,3817.2
2024-04-05,1,503.128,2515.64,2505.64,2222.2,2123.2
2024-04-08,1,-64.872,-324.36,-334.36,-1501.6,-1504.1
2024-04-09,1,7.128,35.64,25.64,-238.4,-157.4
2024-04-10,1,112.128,560.64,550.64,-2812.2,-2704.2
2024-04-11,2,-20.744,-103.72,-123.72,611.2,641.2
2024-04-12,2,-224.744,-1123.72,-1143.72,3506.1,3261.1
2024-04-15,1,1476.128,7380.639999999999,7370.639999999999,1069.8,1153.8
2024-04-16,1,-256.872,-1284.3600000000001,-1294.3600000000001,-1609.8,-1699.8
2024-04-17,1,975.128,4875.64,4865.64,-593.8,-608.8
2024-04-18,1,238.128,1190.6399999999999,1180.6399999999999,-1458.3,-1444.8
2024-04-19,1,1093.128,5465.639999999999,5455.639999999999,325.7,321.7
2024-04-22,2,-982.744,-4913.72,-4933.72,-65.4,-117.4
2024-04-23,1,567.128,2835.6400000000003,2825.6400000000003,1752.0,1659.5
2024-04-24,2,-781.744,-3908.7200000000003,-3928.7200000000003,1400.1,1495.1
2024-04-25,1,611.128,3055.6400000000003,3045.6400000000003,5530.4,5210.4
2024-04-26,1,432.128,2160.64,2150.64,-1336.2,-1338.2
2024-04-29,1,-140.872,-704.3600000000001,-714.3600000000001,-429.7,-388.7
2024-04-30,2,-29.744,-148.72,-168.72,4333.5,4123.5
2024-05-01,2,-2165.744,-10828.720000000001,-10848.720000000001,1728.8,1811.8
2024-05-02,1,-438.872,-2194.36,-2204.36,2287.5,2148.0
2024-05-03,1,-56.872,-284.36,-294.36,-674.5,-674.5
2024-05-06,0,0.0,0.0,0.0,-281.5,-281.5
2024-05-07,0,0.0,0.0,0.0,-356.6,-370.1
2024-05-08,1,301.128,1505.6399999999999,1495.6399999999999,-36.8,15.700000000000005
2024-05-09,1,-269.872,-1349.3600000000001,-1359.3600000000001,-529.7,-377.7
2024-05-10,2,-594.744,-2973.7200000000003,-2993.7200000000003,-174.8,-210.8
2024-05-13,1,74.128,370.64,360.64,-586.2,-576.7
2024-05-14,1,518.128,2590.6400000000003,2580.6400000000003,-837.6,-854.6
2024-05-15,2,157.256,786.28,766.28,-1440.9,-1440.9
2024-05-16,1,-266.872,-1334.3600000000001,-1344.3600000000001,289.9,261.9
2024-05-17,1,-134.872,-674.3600000000001,-684.3600000000001,-349.4,-381.4
2024-05-20,1,203.128,1015.6399999999999,1005.6399999999999,-666.6,-689.1
2024-05-21,1,374.128,1870.6399999999999,1860.6399999999999,266.4,316.4
2024-05-22,1,-143.872,-719.3600000000001,-729.3600000000001,-805.0,-534.5
2024-05-23,1,940.128,4700.64,4690.64,971.8,971.8
2024-05-24,1,209.128,1045.6399999999999,1035.6399999999999,1516.7,1534.7
2024-05-27,1,197.128,985.6399999999999,975.6399999999999,85.6,85.6
2024-05-28,1,-82.872,-414.36,-424.36,-751.7,-751.7
2024-05-29,1,-33.872,-169.36,-179.36,1418.1,916.9
2024-05-30,1,404.128,2020.6399999999999,2010.6399999999999,-1429.8,-1443.8
2024-05-31,1,-82.872,-414.36,-424.36,3388.0,3484.0
2024-06-03,2,-91.744,-458.72,-478.72,1215.1,1215.1
2024-06-04,1,-416.872,-2084.36,-2094.36,-1533.3,-1518.3
2024-06-05,2,219.256,1096.28,1076.28,1386.1,1377.1
2024-06-06,1,-15.872,-79.36,-89.36,-547.0,-538.5
2024-06-07,2,-1044.744,-5223.719999999999,-5243.719999999999,-631.8,-501.8
2024-06-10,1,278.128,1390.6399999999999,1380.6399999999999,-665.7,-745.7
2024-06-11,2,-454.744,-2273.7200000000003,-2293.7200000000003,-768.4,-777.9
2024-06-12,1,398.128,1990.6399999999999,1980.6399999999999,-1892.7,-1892.7
2024-06-13,1,-144.872,-724.3600000000001,-734.3600000000001,-1043.7,-992.7
2024-06-14,1,204.128,1020.6399999999999,1010.6399999999999,-976.1,-994.1
2024-06-17,2,63.256,316.28,296.28,-358.7,-281.2
2024-06-18,1,-24.872,-124.36,-134.36,-674.0,-694.0
2024-06-19,0,0.0,0.0,0.0,13.8,13.8
2024-06-20,1,710.128,3550.6400000000003,3540.6400000000003,2250.1,2254.6
2024-06-21,1,-8.872,-44.36,-54.36,-1745.5,-1751.5
2024-06-24,3,-277.616,-1388.08,-1418.08,-334.4,-301.9
2024-06-25,2,199.256,996.28,976.28,1519.6,1443.1
2024-06-26,1,313.128,1565.6399999999999,1555.6399999999999,-1815.3,-1727.8
2024-06-27,1,-146.872,-734.3600000000001,-744.3600000000001,-214.7,-214.7
2024-06-28,2,-751.744,-3758.7200000000003,-3778.7200000000003,1577.3,1634.8
2024-07-01,1,-546.872,-2734.3599999999997,-2744.3599999999997,381.0,421.0
2024-07-02,1,821.128,4105.64,4095.6400000000003,-1014.9,-1014.9
2024-07-03,1,652.128,3260.6400000000003,3250.6400000000003,-321.3,-321.3
2024-07-04,0,0.0,0.0,0.0,71.1,71.1
2024-07-05,1,569.128,2845.6400000000003,2835.6400000000003,477.7,506.2
2024-07-08,1,-228.872,-1144.3600000000001,-1154.3600000000001,-186.8,-224.3
2024-07-09,1,-84.872,-424.36,-434.36,-663.4,-653.4
2024-07-10,2,-181.744,-908.72,-928.72,211.9,211.9
2024-07-11,1,1631.128,8155.639999999999,8145.639999999999,3786.1,3745.1
2024-07-12,1,236.128,1180.6399999999999,1170.6399999999999,816.0,843.0
2024-07-15,1,-323.872,-1619.3600000000001,-1629.3600000000001,653.4,603.4
2024-07-16,1,1.1280000000000001,5.640000000000001,-4.359999999999999,-1328.8,-1281.8
2024-07-17,1,823.128,4115.64,4105.64,5663.5,5681.0
2024-07-18,1,877.128,4385.64,4375.64,-3290.2,-3243.1
2024-07-19,2,-606.744,-3033.7200000000003,-3053.7200000000003,-1292.9,-1313.9
2024-07-22,1,-111.872,-559.36,-569.36,1032.3,916.3
2024-07-23,1,-253.872,-1269.3600000000001,-1279.3600000000001,-1764.3,-1866.3
2024-07-24,1,1455.128,7275.639999999999,7265.639999999999,5455.1,5461.1
2024-07-25,3,-2006.616,-10033.08,-10063.08,-471.2,-346.2
2024-07-26,1,-57.872,-289.36,-299.36,-717.5,-685.5
2024-07-29,2,-841.744,-4208.72,-4228.72,-1449.9,-1418.4
2024-07-30,1,996.128,4980.64,4970.64,-1751.0,-1697.7
2024-07-31,2,-647.744,-3238.7200000000003,-3258.7200000000003,3717.0,3686.0
2024-08-01,2,815.256,4076.2799999999997,4056.2799999999997,5990.2,6702.7
2024-08-02,3,-1143.616,-5718.08,-5748.08,-3054.0,-3013.0
2024-08-05,1,1123.128,5615.639999999999,5605.639999999999,5212.4,5287.4
2024-08-06,2,-911.744,-4558.72,-4578.72,-3206.1,-3549.1
2024-08-07,2,-282.744,-1413.7200000000003,-1433.7200000000003,-1766.6,-1766.6
2024-08-08,2,-427.744,-2138.7200000000003,-2158.7200000000003,8563.2,8593.2
2024-08-09,1,408.128,2040.6399999999999,2030.6399999999999,-1634.2,-1635.2
2024-08-12,1,-194.872,-974.3600000000001,-984.3600000000001,-1471.6,-1490.6
2024-08-13,1,412.128,2060.64,2050.64,2396.3,2343.8
2024-08-14,1,-179.872,-899.3600000000001,-909.3600000000001,-826.7,-826.7
2024-08-15,1,521.128,2605.6400000000003,2595.6400000000003,-1001.0,-1001.0
2024-08-16,0,0.0,0.0,0.0,222.6,208.6
2024-08-19,0,0.0,0.0,0.0,-265.3,-246.3
2024-08-20,1,-133.872,-669.3600000000001,-679.3600000000001,-425.5,-476.5
2024-08-21,1,-224.872,-1124.3600000000001,-1134.3600000000001,-565.4,-539.4
2024-08-22,1,1319.128,6595.639999999999,6585.639999999999,1448.8,1550.3
2024-08-23,1,-285.872,-1429.3600000000001,-1439.3600000000001,-395.8,-365.8
2024-08-26,1,388.128,1940.6399999999999,1930.6399999999999,684.1,630.1
2024-08-27,2,-525.744,-2628.7200000000003,-2648.7200000000003,-538.4,-464.9
2024-08-28,1,550.128,2750.6400000000003,2740.6400000000003,1268.3,874.9
2024-08-29,2,-992.744,-4963.72,-4983.72,4220.8,4219.8
2024-08-30,1,-366.872,-1834.3600000000001,-1844.3600000000001,-526.1,-470.1
2024-09-02,0,0.0,0.0,0.0,-418.3,-418.3
2024-09-03,1,1574.128,7870.639999999999,7860.639999999999,8246.6,8381.6
2024-09-04,1,266.128,1330.6399999999999,1320.6399999999999,-1398.2,-1369.2
2024-09-05,1,-39.872,-199.36,-209.36,-3298.1,-3303.1
2024-09-06,1,1527.128,7635.639999999999,7625.639999999999,251.0,339.5
2024-09-09,0,0.0,0.0,0.0,2683.4,2778.4
2024-09-10,1,-1024.872,-5124.360000000001,-5134.360000000001,-1445.6,-1418.6
2024-09-11,2,-595.744,-2978.7200000000003,-2998.7200000000003,337.6,350.6
2024-09-12,2,-823.744,-4118.72,-4138.72,-1595.0,-1655.0
2024-09-13,1,375.128,1875.6399999999999,1865.6399999999999,-744.0,-777.5
2024-09-16,1,-437.872,-2189.36,-2199.36,-1493.5,-1493.5
2024-09-17,1,-105.872,-529.36,-539.36,-719.1,-768.6
2024-09-18,1,317.128,1585.6399999999999,1575.6399999999999,-4416.1,-4414.1
2024-09-19,1,-343.872,-1719.3600000000001,-1729.3600000000001,4486.9,4504.9
2024-09-20,1,-475.872,-2379.36,-2389.36,-248.1,-252.1
2024-09-23,1,-163.872,-819.3600000000001,-829.3600000000001,-1006.8,-1006.8
2024-09-24,1,-509.872,-2549.36,-2559.36,-640.4,-633.4
2024-09-25,1,-48.872,-244.36,-254.36,-1222.7,-1226.2
2024-09-26,1,373.128,1865.6399999999999,1855.6399999999999,1697.8,1697.8
2024-09-27,1,398.128,1990.6399999999999,1980.6399999999999,21.0,84.0
2024-09-30,2,-1394.744,-6973.719999999999,-6993.719999999999,-1411.7,-1011.7
2024-10-01,1,643.128,3215.6400000000003,3205.6400000000003,3116.2,3098.0
2024-10-02,2,-697.744,-3488.7200000000003,-3508.7200000000003,-2125.9,-2121.9
2024-10-03,1,-38.872,-194.36,-204.36,-1459.9,-1546.9
2024-10-04,1,-492.872,-2464.36,-2474.36,-375.7,-410.7
2024-10-07,1,239.128,1195.6399999999999,1185.6399999999999,707.9,557.9
2024-10-08,1,483.128,2415.64,2405.64,1877.2,1928.2
2024-10-09,1,334.128,1670.6399999999999,1660.6399999999999,-667.2,-635.2
2024-10-10,1,-164.872,-824.3600000000001,-834.3600000000001,-1082.0,-1110.5
2024-10-11,1,97.128,485.64,475.64,-1178.4,-1164.9
2024-10-14,1,167.128,835.6399999999999,825.6399999999999,749.1,643.1
2024-10-15,1,749.128,3745.6400000000003,3735.6400000000003,2062.4,2045.9
2024-10-16,1,-228.872,-1144.3600000000001,-1154.3600000000001,-1718.7,-1682.2
2024-10-17,1,291.128,1455.6399999999999,1445.6399999999999,-225.7,-235.7
2024-10-18,0,0.0,0.0,0.0,31.4,147.4
2024-10-21,1,97.128,485.64,475.64,118.0,145.0
2024-10-22,1,425.128,2125.64,2115.64,-834.6,-867.1
2024-10-23,1,479.128,2395.64,2385.64,3073.8,3151.3
2024-10-24,1,-325.872,-1629.3600000000001,-1639.3600000000001,-1557.1,-1527.1
2024-10-25,1,-274.872,-1374.3600000000001,-1384.3600000000001,1431.4,1419.4
2024-10-28,1,314.128,1570.6399999999999,1560.6399999999999,-1341.5,-1341.5
2024-10-29,2,-138.744,-693.72,-713.72,1855.9,1847.9
2024-10-30,1,169.128,845.6399999999999,835.6399999999999,1325.2,1121.0
2024-10-31,1,851.128,4255.64,4245.64,-2285.0,-2269.0
2024-11-01,1,40.128,200.64,190.64,-638.3,-629.3
2024-11-04,1,-141.872,-709.3600000000001,-719.3600000000001,-2917.3,-2868.3
2024-11-05,1,461.128,2305.64,2295.64,1495.5,1446.5
2024-11-06,1,645.128,3225.6400000000003,3215.6400000000003,-3032.3,-3032.3
2024-11-07,1,599.128,2995.6400000000003,2985.6400000000003,-98.3,-98.3
2024-11-08,0,0.0,0.0,0.0,-535.5,-554.5
2024-11-11,1,55.128,275.64,265.64,-401.3,-401.3
2024-11-12,1,-352.872,-1764.3600000000001,-1774.3600000000001,-1306.3,-1320.3
2024-11-13,1,-173.872,-869.3600000000001,-879.3600000000001,-2019.5,-2159.5
2024-11-14,1,320.128,1600.6399999999999,1590.6399999999999,-646.0,-665.0
2024-11-15,1,869.128,4345.64,4335.64,493.2,443.2
2024-11-18,1,-119.872,-599.36,-609.36,-956.1,-959.6
2024-11-19,1,739.128,3695.6400000000003,3685.6400000000003,666.8,740.8
2024-11-20,1,-195.872,-979.3600000000001,-989.3600000000001,-1230.4,-922.9
2024-11-21,1,-315.872,-1579.3600000000001,-1589.3600000000001,-3776.6,-3766.6
2024-11-22,1,19.128,95.64,85.64,-1775.9,-1800.9
2024-11-25,1,205.128,1025.6399999999999,1015.6399999999999,-200.6,-183.6
2024-11-26,1,77.128,385.64,375.64,-1557.0,-1555.5
2024-11-27,1,272.128,1360.6399999999999,1350.6399999999999,1407.2,1407.2
2024-11-28,0,0.0,0.0,0.0,120.2,120.2
2024-11-29,1,406.128,2030.6399999999999,2020.6399999999999,-692.4,-692.4
2024-12-02,1,383.128,1915.6399999999999,1905.6399999999999,-196.3,-229.8
2024-12-03,1,78.128,390.64,380.64,-568.8,-561.3
2024-12-04,1,54.128,270.64,260.64,-645.9,-637.1
2024-12-05,0,0.0,0.0,0.0,-204.9,-264.9
2024-12-06,1,510.128,2550.64,2540.64,1264.8,1249.8
2024-12-09,1,209.128,1045.6399999999999,1035.6399999999999,1320.5,1260.5
2024-12-10,1,87.128,435.64,425.64,-96.3,-105.3
2024-12-11,1,634.128,3170.6400000000003,3160.6400000000003,2398.9,2401.9
2024-12-12,1,40.128,200.64,190.64,-346.8,-434.2
2024-12-13,2,-770.744,-3853.7200000000003,-3873.7200000000003,66.5,89.0
2024-12-16,1,662.128,3310.6400000000003,3300.6400000000003,1708.0,1681.0
2024-12-17,1,-56.872,-284.36,-294.36,-1582.7,-1447.7
2024-12-18,3,1148.384,5741.92,5711.92,1518.1,1464.6
2024-12-19,1,798.128,3990.6400000000003,3980.6400000000003,-2246.0,-2171.0
2024-12-20,1,1169.128,5845.639999999999,5835.639999999999,6797.8,6737.8
2024-12-23,3,-937.616,-4688.08,-4718.08,-1775.0,-1838.0
2024-12-24,1,689.128,3445.6400000000003,3435.6400000000003,346.6,346.6
2024-12-26,2,-1080.744,-5403.719999999999,-5423.719999999999,-1843.4,-1923.4
2024-12-27,1,332.128,1660.6399999999999,1650.6399999999999,2451.9,2421.9
2024-12-30,2,-1272.744,-6363.719999999999,-6383.719999999999,3074.9,3090.9
2024-12-31,1,751.128,3755.6400000000003,3745.6400000000003,-1982.1,-2001.1
2025-01-02,1,265.128,1325.6399999999999,1315.6399999999999,-2502.4,-2493.4
2025-01-03,1,590.128,2950.6400000000003,2940.6400000000003,1199.8,1199.8
2025-01-06,1,-304.872,-1524.3600000000001,-1534.3600000000001,824.2,814.2
2025-01-07,1,1502.128,7510.639999999999,7500.639999999999,2102.4,2096.4
2025-01-08,1,-250.872,-1254.3600000000001,-1264.3600000000001,-4507.7,-4560.2
2025-01-10,1,452.128,2260.64,2250.64,-2029.2,-2021.2
2025-01-13,0,0.0,0.0,0.0,379.9,235.9
2025-01-14,1,303.128,1515.6399999999999,1505.6399999999999,-2905.6,-2946.6
2025-01-15,1,297.128,1485.6399999999999,1475.6399999999999,171.5,171.5
2025-01-16,1,659.128,3295.6400000000003,3285.6400000000003,1259.0,1343.0
2025-01-17,1,-59.872,-299.36,-309.36,4753.1,4669.1
2025-01-20,0,0.0,0.0,0.0,-663.2,-663.2
2025-01-21,1,-346.872,-1734.3600000000001,-1744.3600000000001,-1135.1,-1147.1
2025-01-22,1,88.128,440.64,430.64,84.0,167.3
2025-01-23,0,0.0,0.0,0.0,-485.4,-512.4
2025-01-24,1,3.128,15.64,5.640000000000001,-2.5,97.5
2025-01-27,1,-122.872,-614.36,-624.36,7858.0,7871.0
2025-01-28,2,-230.744,-1153.72,-1173.72,410.0,434.0
2025-01-29,1,-2.872,-14.36,-24.36,-2832.9,-2832.9
2025-01-30,3,-1852.616,-9263.08,-9293.08,-2578.6,-2623.6
2025-01-31,2,-739.744,-3698.7200000000003,-3718.7200000000003,2673.4,2862.4
2025-02-03,3,-1278.616,-6393.08,-6423.08,4135.8,4338.3
2025-02-04,1,803.128,4015.6400000000003,4005.6400000000003,-2390.5,-2371.5
2025-02-05,1,243.128,1215.6399999999999,1205.6399999999999,52.2,24.2
2025-02-06,0,0.0,0.0,0.0,-1913.9,-1910.4
2025-02-07,2,111.256,556.28,536.28,273.6,113.6
2025-02-10,1,17.128,85.64,75.64,3221.7,3221.7
2025-02-11,1,-54.872,-274.36,-284.36,-1099.0,-1098.0
2025-02-12,1,742.128,3710.6400000000003,3700.6400000000003,-2119.0,-2275.0
2025-02-13,1,675.128,3375.6400000000003,3365.6400000000003,-2710.9,-2710.9
2025-02-14,0,0.0,0.0,0.0,-934.1,-934.1
2025-02-17,1,-149.872,-749.3600000000001,-759.3600000000001,-155.8,-155.8
2025-02-18,1,-147.872,-739.3600000000001,-749.3600000000001,-1281.9,-1299.9
2025-02-19,1,-513.872,-2569.3599999999997,-2579.3599999999997,-1113.0,-1120.5
2025-02-20,1,65.128,325.64,315.64,246.4,253.9
2025-02-21,1,1750.128,8750.64,8740.64,8380.4,8200.4
2025-02-24,1,1130.128,5650.639999999999,5640.639999999999,-3633.4,-3633.4
2025-02-25,1,735.128,3675.6400000000003,3665.6400000000003,-2214.1,-2292.1
2025-02-26,2,-1579.744,-7898.719999999999,-7918.719999999999,-1286.5,-1182.9
2025-02-27,1,2515.128,12575.640000000001,12565.640000000001,5179.7,4971.7
2025-02-28,1,694.128,3470.6400000000003,3460.6400000000003,1528.6,1288.6
2025-03-03,1,2182.128,10910.640000000001,10900.640000000001,4384.2,4431.7
2025-03-04,3,-2278.616,-11393.08,-11423.08,-1694.3,-1654.3
2025-03-05,2,-512.744,-2563.7200000000003,-2583.7200000000003,-897.5,-900.0
2025-03-06,3,-1573.616,-7868.08,-7898.08,2156.7,2166.7
2025-03-07,3,-2355.616,-11778.08,-11808.08,-1143.1,-1183.1
2025-03-10,1,1221.128,6105.639999999999,6095.639999999999,8801.9,8859.4
2025-03-11,2,-1905.744,-9528.72,-9548.72,-4364.8,-4398.8
2025-03-12,2,-1259.744,-6298.719999999999,-6318.719999999999,-3665.8,-3620.8
2025-03-13,1,937.128,4685.64,4675.64,-1051.6,-1053.6
2025-03-14,1,687.128,3435.6400000000003,3425.6400000000003,2235.2,2177.7
2025-03-17,1,273.128,1365.6399999999999,1355.6399999999999,168.7,149.2
2025-03-18,1,459.128,2295.64,2285.64,245.0,211.0
2025-03-19,1,-494.872,-2474.36,-2484.36,132.0,140.8
2025-03-20,1,58.128,290.64,280.64,-979.2,-979.2
2025-03-21,1,517.128,2585.6400000000003,2575.6400000000003,1353.3,1339.3
2025-03-24,0,0.0,0.0,0.0,-172.6,-172.6
2025-03-25,0,0.0,0.0,0.0,-319.3,-319.3
2025-03-26,1,782.128,3910.6400000000003,3900.6400000000003,4290.7,4246.0
2025-03-27,2,-1447.744,-7238.719999999999,-7258.719999999999,-3582.5,-3611.0
2025-03-28,1,1421.128,7105.639999999999,7095.639999999999,801.7,693.7
2025-03-31,2,-754.744,-3773.7200000000003,-3793.7200000000003,2700.5,2826.5
2025-04-01,2,-914.744,-4573.72,-4593.72,-3918.7,-3884.2
2025-04-02,1,1344.128,6720.639999999999,6710.639999999999,4045.1,3697.1
2025-04-03,2,-851.744,-4258.72,-4278.72,-4400.3,-4362.8
2025-04-04,1,1883.128,9415.64,9405.64,-10045.8,-10045.8
2025-04-07,2,859.256,4296.28,4276.28,3367.5,4047.5
2025-04-08,3,1460.384,7301.92,7271.92,15097.6,15749.6
2025-04-09,1,7517.128,37585.64,37575.64,5774.1,5242.1
2025-04-10,1,485.128,2425.64,2415.64,5020.1,5868.1
2025-04-11,1,1209.128,6045.639999999999,6035.639999999999,-7961.0,-7901.0
2025-04-14,1,851.128,4255.64,4245.64,-1139.1,-986.6
2025-04-15,1,-402.872,-2014.3600000000001,-2024.3600000000001,-2677.9,-2693.9
2025-04-16,1,-867.872,-4339.36,-4349.36,555.3,865.3
2025-04-17,1,243.128,1215.6399999999999,1205.6399999999999,-1429.2,-1258.2
2025-04-21,1,293.128,1465.6399999999999,1455.6399999999999,2412.8,2398.8
2025-04-22,1,359.128,1795.6399999999999,1785.6399999999999,1734.5,1734.5
2025-04-23,1,-866.872,-4334.36,-4344.36,-52.4,-118.4
2025-04-24,1,1401.128,7005.639999999999,6995.639999999999,5446.6,5656.6
2025-04-25,0,0.0,0.0,0.0,-2462.7,-2462.7
2025-04-28,1,-740.872,-3704.3599999999997,-3714.3599999999997,-1825.3,-1816.3
2025-04-29,1,582.128,2910.6400000000003,2900.6400000000003,-2891.1,-2854.6
2025-04-30,1,-1690.872,-8454.36,-8464.36,4908.8,5001.8
2025-05-01,2,-1585.744,-7928.719999999999,-7948.719999999999,1002.4,1043.0
2025-05-02,0,0.0,0.0,0.0,4456.9,4244.9
2025-05-05,1,35.128,175.64,165.64,-898.8,-660.8
2025-05-06,1,314.128,1570.6399999999999,1560.6399999999999,-1929.1,-1926.6
2025-05-07,1,-939.872,-4699.36,-4709.36,-2962.7,-2959.2
2025-05-08,2,-1390.744,-6953.719999999999,-6973.719999999999,-438.6,-468.6
2025-05-09,2,-776.744,-3883.7200000000003,-3903.7200000000003,-2015.0,-2041.0
2025-05-12,1,-427.872,-2139.36,-2149.36,2790.5,2820.5
2025-05-13,1,890.128,4450.64,4440.64,-393.9,-438.9
2025-05-14,1,-8.872,-44.36,-54.36,-964.6,-946.6
2025-05-15,1,-71.872,-359.36,-369.36,-455.1,-515.1
2025-05-16,1,-267.872,-1339.3600000000001,-1349.3600000000001,-1227.6,-776.3
2025-05-19,1,1040.128,5200.639999999999,5190.639999999999,1542.6,1432.6
2025-05-20,0,0.0,0.0,0.0,-843.6,-886.1
2025-05-21,2,-936.744,-4683.72,-4703.72,1037.9,1057.9
2025-05-22,1,-305.872,-1529.3600000000001,-1539.3600000000001,-2456.1,-2561.1
2025-05-23,1,204.128,1020.6399999999999,1010.6399999999999,560.6,530.1
2025-05-26,0,0.0,0.0,0.0,1612.7,1612.7
2025-05-27,1,519.128,2595.6400000000003,2585.6400000000003,-553.4,-553.4
2025-05-28,1,61.128,305.64,295.64,-921.5,-921.5
2025-05-29,1,638.128,3190.6400000000003,3180.6400000000003,4190.8,3938.8
2025-05-30,1,-427.872,-2139.36,-2149.36,669.2,574.2
2025-06-02,1,396.128,1980.6399999999999,1970.6399999999999,-1783.3,-1772.3
2025-06-03,1,336.128,1680.6399999999999,1670.6399999999999,-696.6,-732.6
2025-06-04,1,-104.872,-524.36,-534.36,-958.3,-944.3
2025-06-05,3,-1701.616,-8508.08,-8538.08,476.1,296.4
2025-06-06,0,0.0,0.0,0.0,2175.4,2213.9
2025-06-09,1,-167.872,-839.3600000000001,-849.3600000000001,-595.9,-582.9
2025-06-10,1,-113.872,-569.36,-579.36,-358.1,-361.1
2025-06-11,1,326.128,1630.6399999999999,1620.6399999999999,-1771.9,-1761.9
2025-06-12,1,131.128,655.6399999999999,645.6399999999999,-824.6,-752.6
2025-06-13,1,-602.872,-3014.3599999999997,-3024.3599999999997,1919.8,1817.8
2025-06-16,1,371.128,1855.6399999999999,1845.6399999999999,2319.0,2459.0
2025-06-17,1,-88.872,-444.36,-454.36,-263.9,-363.9
2025-06-18,1,-460.872,-2304.36,-2314.36,-2464.1,-2417.1
2025-06-19,1,83.128,415.64,405.64,938.2,938.2
2025-06-20,1,686.128,3430.6400000000003,3420.6400000000003,962.2,921.7
2025-06-23,2,135.256,676.28,656.28,25.4,133.4
2025-06-24,1,159.128,795.6399999999999,785.6399999999999,-357.5,-360.5
2025-06-25,2,-702.744,-3513.7200000000003,-3533.7200000000003,-296.8,-312.3
2025-06-26,2,-257.744,-1288.7200000000003,-1308.7200000000003,-836.2,-836.2
2025-06-27,1,-74.872,-374.36,-384.36,-159.6,-166.6
2025-06-30,1,-340.872,-1704.3600000000001,-1714.3600000000001,-1155.2,-1227.2
2025-07-01,1,96.128,480.64,470.64,46.3,52.8
2025-07-02,1,582.128,2910.6400000000003,2900.6400000000003,-163.0,-229.0
2025-07-03,1,322.128,1610.6399999999999,1600.6399999999999,-402.1,-402.1
2025-07-04,0,0.0,0.0,0.0,351.7,351.7
2025-07-07,1,-86.872,-434.36,-444.36,-2866.3,-2872.8
2025-07-08,1,18.128,90.64,80.64,-1237.7,-1239.7
2025-07-09,1,61.128,305.64,295.64,147.2,144.2
2025-07-10,1,89.128,445.64,435.64,-1108.3,-1135.3
2025-07-11,2,-357.744,-1788.7200000000003,-1808.7200000000003,-1456.6,-1449.6
2025-07-14,2,-350.744,-1753.7200000000003,-1773.7200000000003,-1405.2,-1448.7
2025-07-15,1,316.128,1580.6399999999999,1570.6399999999999,186.2,204.2
2025-07-16,1,-207.872,-1039.3600000000001,-1049.3600000000001,303.2,348.2
2025-07-17,1,415.128,2075.64,2065.64,-961.3,-961.3
2025-07-18,1,157.128,785.6399999999999,775.6399999999999,-659.1,-607.1
2025-07-21,1,99.128,495.64,485.64,292.1,299.1
2025-07-22,1,184.128,920.6399999999999,910.6399999999999,-1210.6,-1222.6
2025-07-23,1,-378.872,-1894.3600000000001,-1904.3600000000001,-801.9,-897.6
2025-07-24,1,-347.872,-1739.3600000000001,-1749.3600000000001,-1094.1,-1105.1
2025-07-25,1,-16.872,-84.36,-94.36,-407.6,-407.6
2025-07-28,0,0.0,0.0,0.0,-652.5,-642.5
2025-07-29,2,-122.744,-613.72,-633.72,718.7,701.2
2025-07-30,2,-1157.744,-5788.719999999999,-5808.719999999999,2187.7,2139.7
2025-07-31,1,1225.128,6125.639999999999,6115.639999999999,5956.2,5785.2
2025-08-01,1,391.128,1955.6399999999999,1945.6399999999999,-2148.8,-2063.8
2025-08-04,1,592.128,2960.6400000000003,2950.6400000000003,3366.1,3311.1
2025-08-05,1,509.128,2545.64,2535.64,1150.3,1105.3
2025-08-06,1,567.128,2835.6400000000003,2825.6400000000003,3526.4,3496.4
2025-08-07,1,167.128,835.6399999999999,825.6399999999999,332.6,332.6
2025-08-08,1,410.128,2050.64,2040.6399999999999,-661.9,-661.9
2025-08-11,0,0.0,0.0,0.0,287.3,383.3
2025-08-12,3,-647.616,-3238.08,-3268.08,1913.8,1693.8
2025-08-13,1,134.128,670.6399999999999,660.6399999999999,-8.3,4.199999999999999
2025-08-14,1,98.128,490.64,480.64,-1810.7,-1771.7
2025-08-15,1,266.128,1330.6399999999999,1320.6399999999999,-1338.3,-1346.3
2025-08-18,0,0.0,0.0,0.0,-1484.1,-1489.1
2025-08-19,1,834.128,4170.64,4160.64,1827.9,1887.9
2025-08-20,1,46.128,230.64,220.64,1595.8,1531.8
2025-08-21,0,0.0,0.0,0.0,-998.9,-968.9
2025-08-22,1,967.128,4835.64,4825.64,2098.8,2106.8
2025-08-25,0,0.0,0.0,0.0,-815.5,-878.0
2025-08-26,1,290.128,1450.6399999999999,1440.6399999999999,937.8,925.8
2025-08-27,0,0.0,0.0,0.0,-1289.0,-1011.9
2025-08-28,2,-609.744,-3048.7200000000003,-3068.7200000000003,-148.6,-136.6
2025-08-29,1,703.128,3515.6400000000003,3505.6400000000003,3494.5,3437.5
2025-09-01,0,0.0,0.0,0.0,-1033.2,-1033.2
2025-09-02,1,517.128,2585.6400000000003,2575.6400000000003,3707.4,3565.4
2025-09-03,1,-180.872,-904.3600000000001,-914.3600000000001,-1415.7,-1445.7
2025-09-04,1,551.128,2755.6400000000003,2745.6400000000003,-98.1,-75.6
2025-09-05,1,666.128,3330.6400000000003,3320.6400000000003,2130.7,2130.7
2025-09-08,1,-136.872,-684.3600000000001,-694.3600000000001,-466.1,-463.6
2025-09-09,0,0.0,0.0,0.0,-334.9,-134.9
2025-09-10,1,219.128,1095.6399999999999,1085.6399999999999,297.7,195.2
2025-09-11,1,-335.872,-1679.3600000000001,-1689.3600000000001,76.2,71.7
2025-09-12,2,-386.744,-1933.7200000000003,-1953.7200000000003,-188.0,-182.5
2025-09-15,1,285.128,1425.6399999999999,1415.6399999999999,144.8,150.8
2025-09-16,1,23.128,115.64,105.64,309.8,166.3
2025-09-17,1,149.128,745.6399999999999,735.6399999999999,-1436.9,-1433.4
2025-09-18,2,-537.744,-2688.7200000000003,-2708.7200000000003,-1406.9,-1429.4
2025-09-19,1,268.128,1340.6399999999999,1330.6399999999999,144.9,234.9
2025-09-22,1,634.128,3170.6400000000003,3160.6400000000003,-672.3,-659.3
2025-09-23,1,480.128,2400.64,2390.64,212.2,188.2
2025-09-24,1,481.128,2405.64,2395.64,-28.200000000000003,-14.700000000000005
2025-09-25,3,-2049.616,-10248.08,-10278.08,1917.1,1943.1
2025-09-26,2,-826.744,-4133.72,-4153.72,-2268.5,-2268.5
2025-09-29,1,-353.872,-1769.3600000000001,-1779.3600000000001,301.4,204.7
2025-09-30,2,-609.744,-3048.7200000000003,-3068.7200000000003,-2402.4,-2400.4
2025-10-01,1,786.128,3930.6400000000003,3920.6400000000003,1270.5,1236.0
2025-10-02,1,97.128,485.64,475.64,-611.1,-611.1
2025-10-03,1,275.128,1375.6399999999999,1365.6399999999999,554.2,518.2
2025-10-06,1,-98.872,-494.36,-504.36,899.5,914.5
2025-10-07,1,264.128,1320.6399999999999,1310.6399999999999,441.5,441.5
2025-10-08,1,848.128,4240.64,4230.64,1882.8,1937.8
2025-10-09,1,-47.872,-239.36,-249.36,-96.8,-96.8
2025-10-10,2,2531.256,12656.279999999999,12636.279999999999,15284.7,10419.7
2025-10-13,2,-469.744,-2348.7200000000003,-2368.7200000000003,2055.8,2132.3
2025-10-14,2,-524.744,-2623.7200000000003,-2643.7200000000003,965.8,1202.8
2025-10-15,3,-1812.616,-9063.08,-9093.08,1135.4,916.4
2025-10-16,2,-536.744,-2683.7200000000003,-2703.7200000000003,1983.6,2161.1
2025-10-17,1,805.128,4025.6400000000003,4015.6400000000003,3527.2,3479.2
2025-10-20,1,436.128,2180.64,2170.64,-227.1,-227.1
2025-10-21,1,-316.872,-1584.3600000000001,-1594.3600000000001,-444.4,-448.4
2025-10-22,1,592.128,2960.6400000000003,2950.6400000000003,-261.1,-268.1
2025-10-23,1,739.128,3695.6400000000003,3685.6400000000003,-1636.1,-1636.1
2025-10-24,1,-33.872,-169.36,-179.36,-403.4,-448.4
2025-10-27,0,0.0,0.0,0.0,653.6,632.6
2025-10-28,0,0.0,0.0,0.0,-299.3,-277.3
2025-10-29,0,0.0,0.0,0.0,-1920.7,-2048.2
2025-10-30,1,531.128,2655.6400000000003,2645.6400000000003,-3105.5,-3349.3
2025-10-31,1,438.128,2190.64,2180.64,0.0999999999999978,30.1
2025-11-03,1,309.128,1545.6399999999999,1535.6399999999999,-520.1,-520.1
2025-11-04,3,-1257.616,-6288.08,-6318.08,1349.1,1569.1
2025-11-05,1,681.128,3405.6400000000003,3395.6400000000003,4713.0,4761.0
2025-11-06,1,1465.128,7325.639999999999,7315.639999999999,831.9,858.9
2025-11-07,1,-464.872,-2324.36,-2334.36,2818.5,2647.5
2025-11-10,1,471.128,2355.64,2345.64,-587.0,-587.0
2025-11-11,1,-597.872,-2989.3599999999997,-2999.3599999999997,-687.9,-687.9
2025-11-12,1,356.128,1780.6399999999999,1770.6399999999999,-669.1,-819.1
2025-11-13,1,1296.128,6480.639999999999,6470.639999999999,2097.1,1961.9
2025-11-14,1,1124.128,5620.639999999999,5610.639999999999,4267.9,4163.9
2025-11-17,2,-1683.744,-8418.72,-8438.72,-942.0,-846.0
2025-11-18,1,-28.872,-144.36,-154.36,-3969.1,-3942.1
2025-11-19,1,243.128,1215.6399999999999,1205.6399999999999,-2987.4,-3362.4
2025-11-20,1,3475.128,17375.64,17365.64,15883.2,15428.7
2025-11-21,2,-2930.744,-14653.720000000001,-14673.720000000001,-3033.3,-3018.3
2025-11-24,1,1073.128,5365.639999999999,5355.639999999999,2681.9,2713.9
2025-11-25,1,-1514.872,-7574.360000000001,-7584.360000000001,-3229.3,-3229.3
2025-11-26,0,0.0,0.0,0.0,-1062.5,-1048.0
2025-11-27,0,0.0,0.0,0.0,-102.1,-102.1
2025-11-28,0,0.0,0.0,0.0,62.7,62.7
2025-12-01,1,0.1280000000000001,0.6400000000000006,-9.36,-511.8,-511.8
2025-12-02,1,274.128,1370.6399999999999,1360.6399999999999,-1065.0,-1133.5
2025-12-03,0,0.0,0.0,0.0,-2400.0,-2388.5
2025-12-04,1,40.128,200.64,190.64,-2106.3,-2092.3
2025-12-05,1,-219.872,-1099.3600000000001,-1109.3600000000001,-1033.4,-1053.4
2025-12-08,1,194.128,970.6399999999999,960.6399999999999,-990.4,-1117.6
2025-12-09,0,0.0,0.0,0.0,-1266.6,-1280.6
2025-12-10,2,-1255.744,-6278.719999999999,-6298.719999999999,-2995.1,-2991.1
2025-12-11,1,-441.872,-2209.36,-2219.36,1564.1,1248.1
2025-12-12,1,928.128,4640.64,4630.64,7082.6,6998.6
2025-12-15,1,1036.128,5180.639999999999,5170.639999999999,-1734.7,-1726.7
2025-12-16,1,390.128,1950.6399999999999,1940.6399999999999,-1509.8,-1327.8
2025-12-17,1,1923.128,9615.64,9605.64,4224.5,4230.5
2025-12-18,2,-1231.744,-6158.719999999999,-6178.719999999999,-440.8,-484.8
2025-12-19,1,428.128,2140.64,2130.64,2619.6,2483.1
2025-12-22,1,-10.872,-54.36,-64.36,-380.7,-373.7
2025-12-23,1,421.128,2105.64,2095.64,-5.800000000000001,1.1999999999999993
2025-12-24,0,0.0,0.0,0.0,-287.2,-287.2
2025-12-26,0,0.0,0.0,0.0,-652.0,-669.0
2025-12-29,1,-259.872,-1299.3600000000001,-1309.3600000000001,-2365.5,-2362.0
2025-12-30,0,0.0,0.0,0.0,-826.8,-914.3
2025-12-31,1,566.128,2830.6400000000003,2820.6400000000003,51.6,19.6
2026-01-02,2,-145.744,-728.72,-748.72,1526.4,1586.4
2026-01-05,1,-7.872,-39.36,-49.36,588.0,567.0
2026-01-06,1,404.128,2020.6399999999999,2010.6399999999999,559.5,503.5
2026-01-07,1,-146.872,-734.3600000000001,-744.3600000000001,-152.5,-101.5
2026-01-08,1,44.128,220.64,210.64,-2133.9,-1959.3
2026-01-09,3,-627.616,-3138.08,-3168.08,-2277.6,-2281.1
2026-01-12,1,403.128,2015.6399999999999,2005.6399999999999,775.8,752.6
2026-01-13,2,-843.744,-4218.72,-4238.72,-2465.7,-2510.7
2026-01-14,1,156.128,780.6399999999999,770.6399999999999,644.4,714.4
2026-01-15,1,720.128,3600.6400000000003,3590.6400000000003,834.1,864.1
2026-01-16,1,412.128,2060.64,2050.64,-1121.4,-1117.4
2026-01-19,1,-594.872,-2974.3599999999997,-2984.3599999999997,-241.3,-241.3
2026-01-20,1,-681.872,-3409.3599999999997,-3419.3599999999997,845.8,974.8
2026-01-21,2,148.256,741.28,721.28,3361.2,3379.2
2026-01-22,1,-9.872,-49.36,-59.36,-760.4,-711.4
2026-01-23,1,81.128,405.64,395.64,-117.1,-173.1
2026-01-26,1,115.128,575.64,565.64,134.2,174.7
2026-01-27,1,-607.872,-3039.3599999999997,-3049.3599999999997,485.3,486.3
2026-01-28,1,-201.872,-1009.3600000000001,-1019.3600000000001,-1521.0,-1521.0
2026-01-29,1,247.128,1235.6399999999999,1225.6399999999999,6168.6,6168.6
2026-01-30,2,-750.744,-3753.7200000000003,-3773.7200000000003,-639.9,-563.9
2026-02-02,1,743.128,3715.6400000000003,3705.6400000000003,6023.6,6071.6
2026-02-03,1,1737.128,8685.64,8675.64,4686.1,4686.1
2026-02-04,1,1264.128,6320.639999999999,6310.639999999999,3136.3,3215.8
2026-02-05,2,-1175.744,-5878.719999999999,-5898.719999999999,2776.1,2441.1
2026-02-06,1,1298.128,6490.639999999999,6480.639999999999,10738.5,10747.5
2026-02-09,1,821.128,4105.64,4095.6400000000003,-2197.5,-2197.5
2026-02-10,1,417.128,2085.64,2075.64,-947.7,-736.2
2026-02-11,1,24.128,120.64,110.64,-1208.6,-1168.6
2026-02-12,1,1886.128,9430.64,9420.64,5124.2,5097.2
2026-02-13,1,-723.872,-3619.3599999999997,-3629.3599999999997,-5163.8,-5073.8
2026-02-16,0,0.0,0.0,0.0,-745.6,-745.6
2026-02-17,2,-1872.744,-9363.72,-9383.72,-2486.5,-2519.5
2026-02-18,1,262.128,1310.6399999999999,1300.6399999999999,-548.4,-580.4
2026-02-19,0,0.0,0.0,0.0,-2479.0,-2496.0
2026-02-20,1,871.128,4355.64,4345.64,-1900.1,-1940.1
2026-02-23,1,653.128,3265.6400000000003,3255.6400000000003,617.9,672.9
2026-02-24,2,-190.744,-953.72,-973.72,-955.7,-925.7
2026-02-25,1,600.128,3000.6400000000003,2990.6400000000003,250.4,280.9
2026-02-26,1,791.128,3955.6400000000003,3945.6400000000003,4512.7,4455.2
2026-02-27,1,340.128,1700.6399999999999,1690.6399999999999,-1675.4,-1731.4
2026-03-02,1,790.128,3950.6400000000003,3940.6400000000003,1018.9,1037.9
2026-03-03,1,402.128,2010.6399999999999,2000.6399999999999,2183.4,2164.9
2026-03-04,1,573.128,2865.6400000000003,2855.6400000000003,-1899.7,-1922.7
2026-03-05,1,-254.872,-1274.3600000000001,-1284.3600000000001,-3396.5,-3405.5
2026-03-06,1,-769.872,-3849.3599999999997,-3859.3599999999997,-1315.5,-1318.0
2026-03-09,2,289.256,1446.2799999999997,1426.2799999999997,11510.1,11402.1
2026-03-10,1,-1032.872,-5164.360000000001,-5174.360000000001,-2016.9,-2076.9
2026-03-11,1,-499.872,-2499.36,-2509.36,-3172.9,-3308.9
2026-03-12,1,487.128,2435.64,2425.64,-1897.4,-1862.4
2026-03-13,2,-847.744,-4238.72,-4258.72,-2505.5,-2505.5
2026-03-16,0,0.0,0.0,0.0,2055.9,1919.9
2026-03-17,1,-212.872,-1064.3600000000001,-1074.3600000000001,-530.4,-525.9
2026-03-18,1,279.128,1395.6399999999999,1385.6399999999999,3705.5,3752.0
2026-03-19,2,-511.744,-2558.7200000000003,-2578.7200000000003,-1797.0,-1749.0
2026-03-20,1,1214.128,6070.639999999999,6060.639999999999,3500.8,3921.8
2026-03-23,2,-968.744,-4843.72,-4863.72,-5183.0,-5488.0
2026-03-24,1,-250.872,-1254.3600000000001,-1264.3600000000001,-2322.3,-1573.8
2026-03-25,2,-1149.744,-5748.719999999999,-5768.719999999999,-3001.9,-2976.9
2026-03-26,1,1185.128,5925.639999999999,5915.639999999999,1469.9,1025.9
2026-03-27,1,923.128,4615.64,4605.64,117.7,69.7
2026-03-30,1,1131.128,5655.639999999999,5645.639999999999,-837.5,-857.5
2026-03-31,1,1770.128,8850.64,8840.64,7179.9,7455.9
2026-04-01,1,152.128,760.6399999999999,750.6399999999999,-1517.2,-1547.2
2026-04-02,2,489.256,2446.2799999999997,2426.2799999999997,3148.9,3048.9
2026-04-06,1,60.128,300.64,290.64,-4054.3,-4046.3
2026-04-07,1,-627.872,-3139.3599999999997,-3149.3599999999997,69.19999999999999,319.2
2026-04-08,1,419.128,2095.64,2085.64,-3110.2,-3145.2
2026-04-09,1,52.128,260.64,250.64,-522.0,-406.5
2026-04-10,0,0.0,0.0,0.0,-868.4,-801.4
2026-04-13,2,497.256,2486.2799999999997,2466.2799999999997,-1595.2,-1637.2
2026-04-14,1,977.128,4885.64,4875.64,-433.0,-433.0
2026-04-15,1,824.128,4120.64,4110.64,-1012.3,-1012.3
2026-04-16,1,-420.872,-2104.36,-2114.36,-1276.5,-1276.5
2026-04-17,1,-67.872,-339.36,-349.36,755.5,730.5
2026-04-20,1,-250.872,-1254.3600000000001,-1264.3600000000001,-3741.7,-3741.7
2026-04-21,1,535.128,2675.6400000000003,2665.6400000000003,-3402.8,-3384.8
2026-04-22,2,-217.744,-1088.72,-1108.72,503.3,456.3
2026-04-23,2,-990.744,-4953.72,-4973.72,-1848.5,-1881.5
2026-04-24,1,469.128,2345.64,2335.64,-586.6,-599.6
2026-04-27,1,-267.872,-1339.3600000000001,-1349.3600000000001,-1084.3,-1147.3
2026-04-28,2,-1054.744,-5273.719999999999,-5293.719999999999,709.7,721.7
2026-04-29,1,30.128,150.64,140.64,-2265.8,-3078.9
2026-04-30,1,-1011.872,-5059.36,-5069.36,3676.3,3544.3
2026-05-01,1,391.128,1955.6399999999999,1945.6399999999999,-341.3,-361.3
2026-05-04,1,-103.872,-519.36,-529.36,-1328.4,-1376.4
2026-05-05,1,319.128,1595.6399999999999,1585.6399999999999,3595.0,3512.5
2026-05-06,1,893.128,4465.64,4455.64,-1583.3,-1566.7
2026-05-07,2,-1004.744,-5023.72,-5043.72,-387.5,-554.2
2026-05-08,1,1445.128,7225.639999999999,7215.639999999999,5884.8,5968.8
2026-05-11,1,76.128,380.64,370.64,-3581.0,-3596.0
2026-05-12,3,-1303.616,-6518.08,-6548.08,3432.4,3417.4
2026-05-13,2,-728.744,-3643.7200000000003,-3663.7200000000003,-1731.8,-1728.8
2026-05-14,1,520.128,2600.6400000000003,2590.6400000000003,-2764.8,-2604.3
2026-05-15,2,-1698.744,-8493.72,-8513.72,-407.7,-397.2
2026-05-18,1,684.128,3420.6400000000003,3410.6400000000003,-3460.1,-3332.6
2026-05-19,3,-2984.616,-14923.08,-14953.08,-5044.4,-5026.4
2026-05-20,1,670.128,3350.6400000000003,3340.6400000000003,-786.4,-716.4
2026-05-21,1,508.128,2540.64,2530.64,-3245.5,-3246.0
2026-05-22,1,-309.872,-1549.3600000000001,-1559.3600000000001,-787.7,-843.2
2026-05-25,0,0.0,0.0,0.0,1711.9,1711.9
2026-05-26,2,-137.744,-688.72,-708.72,13.699999999999996,26.5
2026-05-27,1,291.128,1455.6399999999999,1445.6399999999999,-12.0,-12.0
2026-05-28,2,-228.744,-1143.72,-1163.72,-1127.8,-1102.8
2026-05-29,1,-177.872,-889.3600000000001,-899.3600000000001,-1817.8,-1785.8
