obj,period,nwk,wkpos,weekly,med,maxdd,top5,worst,streak,ann,t
P1 (1 unit),FULL 22-07..26-07,213,52.58215962441315,1153.70436056338,117.37759999999994,27292.425600000046,18436.043840000013,-7579.3024000000005,8,59992.62674929576,3.590219700787637
P1 (1 unit),trail 24m,105,54.285714285714285,1587.5387428571428,271.3375999999997,27292.425600000046,12435.667840000006,-7579.3024000000005,6,82552.01462857143,2.843978623771044
P1 (1 unit),trail 12m,53,49.056603773584904,717.5655245283018,-80.58240000000012,27292.425600000002,9249.793920000002,-6505.7024,6,37313.40727547169,1.184085139033189
P1 (1 unit),2026 YTD,31,51.61290322580645,250.82018064516112,28.017600000000726,27292.425600000002,16674.964,-6505.7024,6,13042.649393548378,0.326202336407087
BMOM alone (1 ctr),FULL 22-07..26-07,213,56.8075117370892,1120.6566056338027,1089.5489999999998,44603.234,27795.578799999996,-16970.451,4,58274.14349295774,2.4173106386019847
BMOM alone (1 ctr),trail 24m,105,59.04761904761905,1310.441952380952,1664.549000000001,44603.234,26817.5642,-16970.451,3,68142.9815238095,1.6724759775961238
BMOM alone (1 ctr),trail 12m,53,60.37735849056604,1416.7120188679244,1844.5490000000002,44603.23400000001,16956.225800000004,-16970.451,3,73669.02498113207,1.2505489453671454
BMOM alone (1 ctr),2026 YTD,31,45.16129032258064,7.225129032258015,-1526.0909999999997,44603.23400000001,29369.568000000007,-16970.451,3,375.70670967741677,0.00454851334617856
X9a alone (1 unit),FULL 22-07..26-07,213,52.112676056338024,940.5705704225354,123.1254999999999,26646.506499999996,17760.9698,-8814.7145,8,48909.66966197184,3.070293295984737
X9a alone (1 unit),trail 24m,105,54.285714285714285,1338.4976904761909,416.2055000000005,23408.996,13719.305200000006,-8814.7145,5,69601.87990476192,2.5425144918366374
X9a alone (1 unit),trail 12m,53,47.16981132075472,955.0379528301889,-215.7145,17372.625,9200.1667,-8814.7145,5,49661.97354716982,1.254641862306414
X9a alone (1 unit),2026 YTD,31,54.83870967741935,1438.3448548387098,821.8455000000006,11995.652499999997,6907.033499999999,-6306.2345,3,74793.93245161291,1.3333691667301166
1B:2X  (3 nominal),FULL 22-07..26-07,213,56.33802816901409,3001.797746478874,1561.1999999999998,47403.07999999996,35189.864,-23318.04,7,156093.48281690147,3.8894787347660267
1B:2X  (3 nominal),trail 24m,105,59.04761904761905,3987.4373333333333,2806.56,47403.0799999999,30553.783999999978,-23318.04,3,207346.74133333334,2.977476674550771
1B:2X  (3 nominal),trail 12m,53,54.71698113207547,3326.7879245283016,783.1199999999998,47403.080000000075,21041.87200000002,-23318.04,3,172992.97207547168,1.6381999594273884
1B:2X  (3 nominal),2026 YTD,31,45.16129032258064,2883.914838709678,-848.1600000000004,47403.08,16669.423999999995,-23318.04,3,149963.57161290327,0.9804876280329813
2B:3X  (5 nominal),FULL 22-07..26-07,213,57.74647887323944,5063.024922535212,2666.554500000002,86650.00949999993,57273.88729999996,-43462.2855,7,263277.295971831,3.860202426609126
2B:3X  (5 nominal),trail 24m,105,61.904761904761905,6636.376976190476,3956.8345,86650.00950000016,51418.960200000045,-43462.2855,3,345091.60276190477,2.920692872441718
2B:3X  (5 nominal),trail 12m,53,60.37735849056604,5698.537896226415,1724.2345000000023,86650.00949999987,40474.47469999996,-43462.2855,3,296323.9706037736,1.6507419966145278
2B:3X  (5 nominal),2026 YTD,31,48.38709677419355,4329.484822580646,-95.76549999999861,86650.00949999999,34660.8405,-43462.2855,3,225133.2107741936,0.8661380279805925
NETFUSE_1 (1 unit),FULL 22-07..26-07,213,58.68544600938967,1232.9852920187793,756.7344000000003,23366.407999999996,15610.879359999992,-9730.0656,5,64115.235184976525,3.667001298426159
NETFUSE_1 (1 unit),trail 24m,105,58.0952380952381,1582.7241142857144,1081.8543999999997,23366.407999999996,15159.73952,-9730.0656,5,82301.65394285716,2.726591025587408
NETFUSE_1 (1 unit),trail 12m,53,52.83018867924528,1098.572890566038,615.4543999999997,23366.407999999996,10272.951679999998,-8326.4656,5,57125.79030943398,1.3862747440633187
NETFUSE_1 (1 unit),2026 YTD,31,51.61290322580645,766.7576258064515,989.6944000000003,23366.408000000003,10210.979733333335,-8326.4656,5,39871.39654193548,0.7368968129418385
