rep,seed,net,contracts_traded,exposure_hours,pnl_per_contract,pnl_per_exposure_hour,marginal_gradient,sharpe
0,20260810.0,259773.099999868,419876,53636.9,0.6186900418215568,4.843178856344569,0.3634459510285909,1.5974111019027424
1,20260811.0,193107.70000000994,420022,53636.9,0.45975615562996686,3.600277048077162,0.33058590563712614,1.2861667080198573
2,20260812.0,228851.3999999494,420104,53636.9,0.5447493953876883,4.266678350164708,0.3473949335401208,1.3956065968401172
3,20260813.0,169747.69999998584,420182,53636.9,0.40398612981990145,3.1647559795585845,0.31647035017512953,1.1031063194804178
4,20260814.0,231237.89999995744,419994,53636.9,0.5505742939183832,4.311171973025239,0.34808768565348447,1.4358927536810568
5,20260815.0,214952.0999999428,421866,53636.9,0.5095269587972077,4.007541450008162,0.3397453575030798,1.4067140289350815
6,20260816.0,202335.00000001074,419520,53636.9,0.4823012013730233,3.7723097345299736,0.33212066138053364,1.3395969489313515
7,20260817.0,197300.29999998532,420488,53636.9,0.46921743307772235,3.678443385057401,0.3307858279480814,1.3538010213242535
8,20260818.0,213470.09999997696,420186,53636.9,0.5080371549741709,3.9799112178365443,0.338942993467125,1.3509556994780516
9,20260819.0,179818.2999999782,420138,53636.9,0.4279981815498198,3.3525110511602683,0.3210661465183923,1.2257255743538027
10,20260820.0,200651.39999994685,419784,53636.9,0.47798725058588903,3.740920895874796,0.3307931697990011,1.2894872464727483
11,20260821.0,206625.0999999709,420636,53636.9,0.49122067535819786,3.852293849942314,0.33334467637789844,1.3122609870273958
12,20260822.0,221823.09999995856,420196,53636.9,0.5279038829497629,4.135643558817876,0.3402442729645622,1.3551778407485209
13,20260823.0,223811.29999994152,420018,53636.9,0.5328612107098779,4.17271132373313,0.3423133166562782,1.4537235788082088
14,20260824.0,224104.79999994198,419458,53636.9,0.5342723228545933,4.178183302911652,0.34382178636219446,1.4005873041055141
15,20260825.0,191407.59999994296,420546,53636.9,0.4551406980447869,3.5685805853795234,0.3268476618432897,1.173244640094504
16,20260826.0,163603.80000003145,420328,53636.9,0.38922888791617843,3.0502098368852684,0.3163401544348912,1.0932059104523266
17,20260827.0,140299.90000006845,420594,53636.9,0.3335756097330643,2.615734690112002,0.3026002911038733,0.8903711943637638
18,20260828.0,199292.29999999513,420128,53636.9,0.47436090905627604,3.7155819967223147,0.33182613319565946,1.225061137289898
19,20260829.0,147485.70000004332,419792,53636.9,0.35133042077991794,2.749705892772388,0.3056916097557453,0.9739453956556746
20,20260830.0,205425.89999996978,420664,53636.9,0.48833724777962884,3.8299361074180234,0.331784821898247,1.3705319606592783
21,20260831.0,221184.29999994606,420788,53636.9,0.5256430791751334,4.123733847406283,0.3430738742709468,1.473950800849447
22,20260832.0,195841.00000000748,420310,53636.9,0.46594418405464416,3.6512363689923815,0.3284720008198466,1.2953148000035535
23,20260833.0,241520.6999999399,420142,53636.9,0.5748549299997142,4.502883276250863,0.35254643447991063,1.5570110230463567
24,20260834.0,191967.19999996581,420122,53636.9,0.4569320340281295,3.5790137013877725,0.3275072461696755,1.230729268356146
25,20260835.0,137630.30000005735,420528,53636.9,0.3272797530724645,2.5659629844390213,0.2995853947692997,0.8841598052781577
26,20260836.0,229033.59999992573,420096,53636.9,0.5451934795854417,4.270075265347657,0.3485154181903479,1.491107349022615
27,20260837.0,260471.09999989372,420246,53636.9,0.6198062563353219,4.85619228553279,0.3628126930529392,1.614805402949206
28,20260838.0,223577.59999992113,419816,53636.9,0.5325609314554975,4.1683542486594325,0.3437229328988403,1.3828217349353826
29,20260839.0,212718.09999996834,419606,53636.9,0.5069472314503805,3.965891019055321,0.33550281844634205,1.3549490476533674
30,20260840.0,229713.5999999383,421096,53636.9,0.5455136120978074,4.282753104671193,0.3474647374393031,1.5021527333922822
31,20260841.0,213402.19999995598,421072,53636.9,0.5068069118819489,3.978645298291959,0.34019215682560267,1.2910058105506586
32,20260842.0,176975.90000000712,420294,53636.9,0.4210764369703282,3.2995176827894066,0.3207792475353796,1.1580483646663964
33,20260843.0,191546.59999997946,419516,53636.9,0.4565894983742681,3.5711720848889374,0.3281993558736266,1.1807060278380221
34,20260844.0,211431.49999996685,420310,53636.9,0.5030370440864287,3.941903801300352,0.33635787432087444,1.2733394506432834
35,20260845.0,211192.0999999673,419856,53636.9,0.5030107941769733,3.9374404561033036,0.3389479164867269,1.4091330893592493
36,20260846.0,181883.90000001623,419154,53636.9,0.43393096570715356,3.391021852493642,0.3203784638274427,1.1939354785136524
37,20260847.0,232390.2999999896,420528,53636.9,0.5526155214396892,4.332657181902563,0.3489139843392976,1.4195004005008243
38,20260848.0,212411.6999999725,419912,53636.9,0.5058481300843332,3.9601785338073694,0.33836917525106586,1.3574982524097678
39,20260849.0,206223.5999999504,419876,53636.9,0.49115357867549087,3.8448083315767767,0.33519008045675097,1.353169994490165
40,20260850.0,194655.09999996066,419516,53636.9,0.46399922768132956,3.6291265900892977,0.32969035783552036,1.2661060412430047
41,20260851.0,171409.29999999865,420198,53636.9,0.4079250734177665,3.1957346528229382,0.3193340925924217,1.1606625129287413
42,20260852.0,231621.69999994934,420672,53636.9,0.5505992792483202,4.318327494690211,0.3502090828656299,1.4536676456049213
43,20260853.0,203337.89999997037,419654,53636.9,0.4845370233572666,3.791007683142955,0.33197737978491304,1.2806331228794745
44,20260854.0,190369.19999997606,419392,53636.9,0.4539170990385512,3.5492207789782046,0.3252362064251938,1.2025319823299354
45,20260855.0,188771.69999997932,419832,53636.9,0.4496362830846132,3.519437178509185,0.32627142457151886,1.2149357783455867
46,20260856.0,214452.89999992962,420034,53636.9,0.5105608117436436,3.9982344244341044,0.33924992174372826,1.392726563459146
47,20260857.0,257958.49999996103,419450,53636.9,0.614992251758162,4.8093476692344455,0.36135195319969304,1.65725880260789
48,20260858.0,215104.2999999446,420248,53636.9,0.5118508594923583,4.010379048750853,0.3382590747405025,1.3574090880527687
49,20260859.0,199685.9999999688,419590,53636.9,0.4759074334468619,3.7229220928123885,0.33160200101868736,1.3318792945738096
50,20260860.0,172138.09999998347,419426,53636.9,0.4104135175215258,3.209322313556217,0.3181006415582064,1.1285930702131006
51,20260861.0,227405.79999994297,420578,53636.9,0.5406982771327624,4.2397267552737565,0.3443157372497663,1.471693916632515
52,20260862.0,204764.69999996576,420242,53636.9,0.4872542487423098,3.817608773064173,0.33396846779136363,1.3538658699681052
53,20260863.0,182561.29999998875,419128,53636.9,0.4355740966959706,3.403651217724901,0.3221716441476596,1.1805282306791038
54,20260864.0,190051.90000003533,420314,53636.9,0.4521664755397996,3.5433050754244806,0.3275824028009901,1.25617310011075
55,20260865.0,228746.5999999085,419926,53636.9,0.5447307382727159,4.264724471397648,0.3465648140405229,1.4057150900710182
56,20260866.0,227471.09999992084,419406,53636.9,0.5423649160954322,4.240944200726008,0.34534070189125055,1.4694932014458122
57,20260867.0,125424.60000005038,421446,53636.9,0.29760538716715873,2.3384013617500337,0.2945594638246244,0.7691357522544072
58,20260868.0,244569.89999995523,419704,53636.9,0.5827199645463356,4.559732199287342,0.35476703194994996,1.5310609636822632
59,20260869.0,185683.40000000427,420034,53636.9,0.44206754691287914,3.461859279712367,0.32430724711194375,1.2057293643293587
60,20260870.0,258705.19999994585,420112,53636.9,0.6158005484250529,4.823269055444029,0.3632334816427732,1.683944038607687
61,20260871.0,208015.79999992452,418968,53636.9,0.49649567508717735,3.878221895745737,0.3352806311429415,1.3380757807743782
62,20260872.0,192164.29999999248,421538,53636.9,0.45586471445039944,3.5826884104038914,0.3292664253386262,1.2213225154833154
63,20260873.0,232455.3999999496,419654,53636.9,0.5539215639549476,4.33387089857821,0.35152231585240173,1.5137389516970574
64,20260874.0,209216.29999996853,421168,53636.9,0.49675260228689866,3.9006038753165924,0.3378791859617557,1.34836362729277
65,20260875.0,221701.19999995633,420952,53636.9,0.5266662232272475,4.133370869680319,0.3439539390549218,1.4035032608440148
66,20260876.0,216050.39999993637,420894,53636.9,0.5133130907067727,4.02801802490331,0.3392203313878124,1.4145958129852219
67,20260877.0,221823.69999993432,420752,53636.9,0.5272077138075025,4.1356547451462395,0.3421257998078191,1.4007909789506077
68,20260878.0,200883.49999999718,419360,53636.9,0.47902398893551407,3.745248140738879,0.33031280949868375,1.2722844465822263
69,20260879.0,183758.20000001843,420272,53636.9,0.43723636121373405,3.425966079322601,0.32340696404942376,1.203224799290813
70,20260880.0,205568.19999997862,420852,53636.9,0.4884572248675986,3.8325891317354026,0.33540019835084384,1.2628384999448352
71,20260881.0,211758.1999999665,420092,53636.9,0.5040757738780232,3.947994757339938,0.3395657880121514,1.2910727512554734
72,20260882.0,197686.69999994506,420552,53636.9,0.47006481957033863,3.685647380813303,0.32944716608241414,1.2061907520560267
73,20260883.0,204996.9999999579,419840,53636.9,0.4882741044206314,3.8219397467034426,0.3304703602277869,1.3422133371737757
74,20260884.0,181042.99999998868,420380,53636.9,0.4306651125172194,3.3753442126593574,0.32197279186117433,1.1422015066815634
75,20260885.0,214823.09999999162,419366,53636.9,0.5122568353180554,4.0051363893139165,0.33849409982103074,1.3215185658642616
76,20260886.0,175495.40000001507,420074,53636.9,0.4177725829259013,3.2719154164393367,0.32000877772584413,1.1481348993311113
77,20260887.0,183865.2000000074,419352,53636.9,0.4384507525897275,3.42796097462768,0.32218573736560724,1.163568082504715
78,20260888.0,207084.0999999627,419596,53636.9,0.49353211184082474,3.8608513914853897,0.335664255837293,1.3737528431041628
79,20260889.0,199974.29999999556,419248,53636.9,0.47698331297941926,3.72829712380834,0.3326409232578265,1.2902567585183375
80,20260890.0,233559.0999999667,419116,53636.9,0.5572660075014237,4.354448150433129,0.3490828622336324,1.4818977240882762
81,20260891.0,249061.49999993134,420780,53636.9,0.5919043205473914,4.643473056793575,0.3585298147813072,1.6618468430287294
82,20260892.0,237002.3999999184,419874,53636.9,0.5644607668012747,4.418644627111529,0.35098547199003477,1.4359251650422271
83,20260893.0,130951.8000000515,420218,53636.9,0.31162825009888084,2.441449822790868,0.29640948252251875,0.8633086252321857
84,20260894.0,198072.59999997582,420216,53636.9,0.4713590153634698,3.69284205462985,0.3293042192707321,1.2844013304891964
85,20260895.0,142335.00000005684,420630,53636.9,0.33838527922415623,2.6536768530630375,0.3017601621005243,0.9201260756578717
86,20260896.0,175864.60000000885,420446,53636.9,0.41828106344217536,3.2787987374365195,0.31944147635382775,1.1323560848113543
87,20260897.0,199213.4999999359,419390,53636.9,0.475007749350094,3.7141128588702164,0.3308509099069201,1.3171202618124176
88,20260898.0,189171.69999999157,421292,53636.9,0.44902751535749924,3.5268947310525323,0.3269330498005733,1.1920394154557166
89,20260899.0,196506.2999999825,421128,53636.9,0.4666189377101083,3.663640143259258,0.3326560704604693,1.2381830958898952
90,20260900.0,206538.69999995598,420382,53636.9,0.491311949607633,3.850683018592722,0.33436270809075225,1.3465547651410175
91,20260901.0,184950.8999999969,421354,53636.9,0.4389442131794095,3.4482026366176437,0.32539217732868525,1.149410042622102
92,20260902.0,203332.29999996224,421718,53636.9,0.4821522913415179,3.7909032774072,0.33478390449591655,1.294813114210993
93,20260903.0,185339.0000000063,419220,53636.9,0.44210438433282356,3.4554383269727795,0.3238181681614718,1.1488126882960938
94,20260904.0,214990.99999993658,420990,53636.9,0.5106795885886519,4.008266696992864,0.3385816296556644,1.3192799670470923
95,20260905.0,191834.09999998534,419596,53636.9,0.45718762809937497,3.576532200779414,0.32744404592932624,1.1941808557806177
96,20260906.0,197989.1999999754,420572,53636.9,0.470761724508468,3.691287154924602,0.3320252143751968,1.2824107791601052
97,20260907.0,256807.2999998995,420728,53636.9,0.610387946606595,4.7878848330142025,0.35999898116125056,1.6038160084301338
98,20260908.0,187117.09999997148,420926,53636.9,0.4445368069446209,3.4885890124144288,0.3255654311853029,1.2070610117635694
99,20260909.0,209936.99999996464,420320,53636.9,0.4994694518461283,3.9140405206110835,0.34006835265398555,1.374323763477553
100,20260910.0,194916.9999999884,420520,53636.9,0.46351422048889085,3.6340094226174218,0.3302385798083119,1.2402480176814075
101,20260911.0,196705.19999994533,420552,53636.9,0.4677309821376318,3.6673484112606305,0.3325373582584253,1.3231027074476587
102,20260912.0,214865.49999995678,419270,53636.9,0.5124752546090986,4.005926889882837,0.3402439582812411,1.3490025356646596
103,20260913.0,183094.50000003682,420070,53636.9,0.435866641274161,3.4135921352657745,0.3242137897830967,1.1604641777476423
104,20260914.0,181849.39999997916,420054,53636.9,0.4329191008774566,3.3903786385861068,0.3208932350656829,1.1531644327731647
105,20260915.0,186291.59999996077,419576,53636.9,0.44399965679629144,3.473198488353368,0.3241464632035272,1.2102709003661754
106,20260916.0,239503.399999921,420104,53636.9,0.5701050216135076,4.465272974387427,0.350750353928726,1.5993727497697436
107,20260917.0,187594.59999999285,420056,53636.9,0.44659426362197624,3.497491465763175,0.3263738884378152,1.2442998220879797
108,20260918.0,232748.7999999357,419448,53636.9,0.554893097594781,4.339341013368329,0.34884735594126187,1.5085581849631629
109,20260919.0,177556.00000002488,420190,53636.9,0.42256122230425497,3.3103329983653955,0.3208562419728875,1.1217479701039452
110,20260920.0,190590.199999993,420112,53636.9,0.45366521308601754,3.5533410767585933,0.32751064903128546,1.2665180434086538
111,20260921.0,236954.99999993297,420430,53636.9,0.5636015507930761,4.417760907135442,0.35241922264771397,1.4857540257141468
112,20260922.0,233912.5999999396,420986,53636.9,0.5556303535032984,4.361038762492605,0.3504435203349823,1.5686059452418704
113,20260923.0,224908.69999993002,420782,53636.9,0.5345017134761706,4.193171119134961,0.34538787128725557,1.4585425871398778
114,20260924.0,190688.00000000218,420790,53636.9,0.453166662705868,3.555164448355557,0.3267015415233815,1.221511118530976
115,20260925.0,234049.39999995634,418794,53636.9,0.5588652177441805,4.363589245462664,0.3479684746768992,1.4835719825286737
116,20260926.0,172225.00000003554,420290,53636.9,0.40977658283574564,3.21094246684718,0.3174723660882946,1.1668966013464765
117,20260927.0,209404.4999999587,421700,53636.9,0.49657220773051625,3.9041126537879465,0.33893405243742786,1.3660192814978844
118,20260928.0,225552.69999996587,420122,53636.9,0.5368742888969534,4.205177778730051,0.346009540646178,1.4635209043482407
119,20260929.0,221491.8999999139,420494,53636.9,0.5267421176043271,4.129468705311342,0.34351147128216203,1.4122981937415775
120,20260930.0,183823.40000001827,420184,53636.9,0.4374831026407913,3.4271816603871263,0.32296296964447957,1.206822484804379
121,20260931.0,214391.09999994925,420746,53636.9,0.5095499422453196,3.9970822325665587,0.3396885750205289,1.342956248655428
122,20260932.0,233400.6999999615,419802,53636.9,0.555978056321698,4.351494959625957,0.3471285938961344,1.4814732648880065
123,20260933.0,244316.1999999466,420682,53636.9,0.5807621909184292,4.555002246586708,0.35736006138700693,1.5919557345952644
124,20260934.0,208508.69999993822,421272,53636.9,0.4949502933969934,3.88741146486725,0.3374699310083999,1.328622124155496
125,20260935.0,174408.30000003392,419658,53636.9,0.4155962712495268,3.2516476530156275,0.3188012934684932,1.1514816281070779
126,20260936.0,197206.89999995424,419944,53636.9,0.46960285180870365,3.6767020465380034,0.33055854079491465,1.229531928985564
127,20260937.0,180529.59999995632,420426,53636.9,0.42939684986170296,3.3657724439696612,0.32305935526700297,1.178369273685735
128,20260938.0,205341.99999996033,420290,53636.9,0.48857217635432754,3.828371885771928,0.33264597960494213,1.3702434461604331
129,20260939.0,173989.10000001572,420096,53636.9,0.41416509559723425,3.2438321379501,0.31912480863812087,1.1402852759371063
130,20260940.0,175742.4000000072,419724,53636.9,0.41870943763046004,3.276520455134566,0.31969298302607285,1.0983875770884848
131,20260941.0,176681.20000000583,420062,53636.9,0.42060743414068835,3.2940233309532396,0.3197093017322626,1.1931199769883882
132,20260942.0,160089.50000003516,421160,53636.9,0.380115633013665,2.9846896446296327,0.3118749596635452,1.0252247769669118
133,20260943.0,249940.89999995098,419584,53636.9,0.5956873951341114,4.659868486059988,0.35723421845173825,1.5289005258666712
134,20260944.0,240389.29999994618,420878,53636.9,0.5711614767223427,4.481789588882768,0.35467976608253055,1.523695817472201
135,20260945.0,202192.39999999254,420824,53636.9,0.48046784403929566,3.7696511170480123,0.333381614942767,1.2953731600973373
136,20260946.0,176864.2999999904,419608,53636.9,0.4214988751405846,3.297437025629565,0.3199406107017303,1.174581334524292
137,20260947.0,228717.99999994054,419630,53636.9,0.5450468269664718,4.264191256391412,0.35000366103830743,1.4654248753293553
138,20260948.0,223562.89999995418,420354,53636.9,0.5318443502380237,4.168080183604089,0.34464132105056905,1.4533745460704566
139,20260949.0,232927.29999988762,421268,53636.9,0.5529195191656798,4.342668946189798,0.35081267500265473,1.5170181448511058
140,20260950.0,225993.7999999563,420108,53636.9,0.537942148209404,4.213401594796797,0.346451489793292,1.412606223166278
141,20260951.0,226274.79999994297,420348,53636.9,0.5383035009086352,4.218640525458089,0.34346085468629317,1.4371275599256665
142,20260952.0,199785.79999996015,420878,53636.9,0.4746881519109104,3.724782752171735,0.33425108169095835,1.2918863671462135
143,20260953.0,250950.8999999341,420064,53636.9,0.5974111087832666,4.678698806231048,0.35700654097449197,1.5221439762738949
144,20260954.0,190770.19999996544,420542,53636.9,0.4536293640111224,3.556696975402483,0.32730834440057455,1.2057855687234469
145,20260955.0,188686.39999996725,419754,53636.9,0.44951662164021605,3.51784685542914,0.3278016366789267,1.2037002203465346
146,20260956.0,209656.599999968,420816,53636.9,0.49821442150480966,3.90881277627842,0.3376543571652358,1.3595181648161745
147,20260957.0,197936.49999999255,420010,53636.9,0.47126616032949825,3.690304622377366,0.33089236585143084,1.3026108206978162
148,20260958.0,216510.49999996982,420630,53636.9,0.5147290968308723,4.036596074716656,0.3386077794171314,1.461355334757267
149,20260959.0,196469.29999999382,420528,53636.9,0.4671967146063849,3.6629503196492306,0.3295323689184659,1.2650284531293656
150,20260960.0,230413.0999999663,420416,53636.9,0.548059778885595,4.295794499681493,0.34730749861788984,1.4699842505740637
151,20260961.0,233412.2999999769,420748,53636.9,0.5547555781607445,4.351711228649995,0.34894772124729573,1.4851171732603592
152,20260962.0,220523.49999997127,421070,53636.9,0.5237217089794364,4.111413970605521,0.3433223555416716,1.4238541891388024
153,20260963.0,189091.50000001668,420150,53636.9,0.4500571224563053,3.525399491768105,0.32657774068784023,1.1513297954110449
154,20260964.0,162796.00000000242,420030,53636.9,0.3875818393924301,3.035149309523899,0.31189233141270245,1.0250992954999683
155,20260965.0,215868.69999997018,420472,53636.9,0.5133961357711576,4.024630431661229,0.3395536759467822,1.3311135198099862
156,20260966.0,158269.5000000478,419690,53636.9,0.3771104863114389,2.9507577805586784,0.3087854815053396,1.0489796163772929
157,20260967.0,182086.80000002062,420878,53636.9,0.43263558560918036,3.394804696021221,0.32339681826468913,1.1787608855403438
158,20260968.0,285523.89999989374,420314,53636.9,0.6793109437227733,5.3232737164133965,0.3757721657667503,1.8004269640347665
159,20260969.0,200796.7999999793,419838,53636.9,0.47827209542723453,3.7436317162248245,0.3332054992156166,1.221631844389268
160,20260970.0,202299.49999995288,420360,53636.9,0.4812529736415284,3.771647876740693,0.33526522594777874,1.3265839604423908
161,20260971.0,211949.99999996394,420030,53636.9,0.5046068137989285,3.9515706537843154,0.33720605379355284,1.2906696796182333
162,20260972.0,242997.99999995242,421170,53636.9,0.5769594225608482,4.530425882180968,0.35351393615245597,1.5607514639017086
163,20260973.0,238140.69999998025,421272,53636.9,0.5652896465940775,4.439866957262263,0.35021929537071456,1.4717962311757349
164,20260974.0,197500.39999997566,420034,53636.9,0.4702009837298306,3.682174025716916,0.3305301850708866,1.3151678545888363
165,20260975.0,175056.3999999918,420264,53636.9,0.4165391277863243,3.26373075252283,0.31830577950223005,1.0763206354459893
166,20260976.0,164001.10000003516,420866,53636.9,0.38967533609280663,3.05761705094879,0.3152904245886675,1.0706890485444391
167,20260977.0,221189.6999999657,420702,53636.9,0.5257633669437409,4.123834524365981,0.34287902467008174,1.3850481885188484
168,20260978.0,158355.10000003336,420146,53636.9,0.37690493304716305,2.952353696802637,0.31223059272657533,1.0482477777049826
169,20260979.0,206197.9999999488,420850,53636.9,0.4899560413447756,3.844331048213987,0.333962834956135,1.3399310941989715
170,20260980.0,185640.2999999547,420058,53636.9,0.44193968451964893,3.461055728424922,0.3228773803184711,1.1710250841588767
171,20260981.0,203832.3999999643,420254,53636.9,0.48502191531779426,3.8002270824742723,0.3327370366544784,1.3057825670974372
172,20260982.0,195436.19999997047,419592,53636.9,0.46577675456150375,3.6436893258180554,0.32985362150948055,1.3140536736672026
173,20260983.0,249426.99999994997,419780,53636.9,0.5941850493114249,4.6502873954301975,0.3579120426018545,1.5805966681839072
174,20260984.0,226546.9999999395,420130,53636.9,0.5392307143025719,4.223715389963616,0.34601317626890815,1.4025428845233985
175,20260985.0,223310.59999996374,420106,53636.9,0.531557749710701,4.1633763323376956,0.3427669552157638,1.4254527770969905
176,20260986.0,229611.6999999477,420472,53636.9,0.5460808329685395,4.280853293161009,0.3475401587839812,1.4329133541147252
177,20260987.0,170467.60000003825,419246,53636.9,0.40660519122433664,3.1781777097490393,0.3144495650172845,1.0452688016469565
178,20260988.0,211671.199999944,420362,53636.9,0.503545039751319,3.9463727396613897,0.33860340791779475,1.3832562073371397
179,20260989.0,185919.39999994307,419934,53636.9,0.44273481070821386,3.466259235711666,0.32495076101722564,1.2129604232945732
180,20260990.0,233310.59999993254,420436,53636.9,0.5549253631942378,4.34981514591508,0.34971677887217306,1.4508522526175394
181,20260991.0,169217.7000000227,420432,53636.9,0.4024853008334825,3.1548747224396396,0.3168010398312939,1.0830862857417962
182,20260992.0,209379.49999994205,420870,53636.9,0.4974920996981064,3.903646556753691,0.3361762048382231,1.3759878548171591
183,20260993.0,208975.3999999352,420944,53636.9,0.4964446577215383,3.8961125642968777,0.3374822491325652,1.277053478372919
184,20260994.0,251236.69999989655,420832,53636.9,0.5969999904947736,4.684027227522406,0.3582394122953472,1.5974190056137672
185,20260995.0,192206.59999997486,420306,53636.9,0.4573015850356047,3.5834770465849974,0.3273315144699247,1.2257364936873176
186,20260996.0,220396.49999993635,421020,53636.9,0.5234822573747954,4.10904619767243,0.3433755778543281,1.4801951085235785
187,20260997.0,218937.99999997104,419340,53636.9,0.522101397433994,4.08185409671273,0.3422793031725034,1.3497562251988273
188,20260998.0,177267.70000002327,420642,53636.9,0.4214217790901129,3.3049579673699125,0.3216227498328651,1.1587896828851416
189,20260999.0,206720.30000000997,419468,53636.9,0.49281542334578554,3.8540687474483044,0.3364169097632474,1.3027744853502015
190,20261000.0,206201.09999997137,419636,53636.9,0.4913808634148914,3.844388844246617,0.33519274947321115,1.3223113554003885
191,20261001.0,220006.89999995966,421124,53636.9,0.5224278359817053,4.101782541495867,0.3417043012227589,1.4232619481055973
192,20261002.0,207076.19999999602,420042,53636.9,0.49298927250131186,3.8607041048232844,0.3342998051275379,1.3087828024471917
193,20261003.0,224696.6999999501,421082,53636.9,0.5336174426832543,4.189218616287483,0.3454130678551366,1.4454215046452115
194,20261004.0,186690.90000002363,421574,53636.9,0.44284253772771476,3.480642990180708,0.32461873721921874,1.2229428808859037
195,20261005.0,194769.19999998514,419802,53636.9,0.46395491207756306,3.6312538569526787,0.3261940438730692,1.279453250516829
196,20261006.0,201322.3999999852,420074,53636.9,0.47925460752149673,3.753430940266593,0.33345587104723023,1.3596610969332958
197,20261007.0,187316.29999996666,419508,53636.9,0.4465142500261417,3.492302873580812,0.32626388263711686,1.1794296094029786
198,20261008.0,210398.80000000415,420678,53636.9,0.5001421514792885,3.9226502650228507,0.33611842883400367,1.3889143889193984
199,20261009.0,232903.7999999839,419358,53636.9,0.5553817978910236,4.342230814979685,0.3472854804633488,1.4766099820845255
200,20261010.0,225067.1999999476,420452,53636.9,0.5352982028862928,4.1961261743305,0.34548105842610743,1.4703966149555365
201,20261011.0,196635.2999999785,421018,53636.9,0.46704725213643716,3.666045203954339,0.3324530503025755,1.3017628413683435
202,20261012.0,202915.99999995265,419010,53636.9,0.48427483830923523,3.78314182959777,0.33227008737852987,1.3116321680934886
203,20261013.0,210273.999999963,421220,53636.9,0.4992023170788733,3.9203235086286305,0.3392784731049172,1.3194334229722258
204,20261014.0,176842.59999999654,419766,53636.9,0.4212885274176483,3.297032453404215,0.3185670417297773,1.1104941706530178
205,20261015.0,169167.80000003093,420528,53636.9,0.40227475935022383,3.153944392760039,0.319003501163346,1.1290872763706998
206,20261016.0,206648.2999999612,419738,53636.9,0.49232688010130415,3.852726387989634,0.3341196549253808,1.2795368987396587
207,20261017.0,208587.2999999358,419848,53636.9,0.4968162287302448,3.8888768739419284,0.33494401763442205,1.3108289691913235
208,20261018.0,201005.89999997235,420144,53636.9,0.47842144598035996,3.74753015181661,0.3318495905227258,1.2399351409552475
209,20261019.0,233039.3999999515,420434,53636.9,0.5542829552318592,4.344758925291199,0.3488296435054654,1.4842011799280928
210,20261020.0,260823.39999990028,420294,53636.9,0.6205736936523012,4.862760524935264,0.3637262446948045,1.601395660641493
211,20261021.0,212936.29999998133,421058,53636.9,0.5057172646048319,3.969959113967834,0.33909302246957523,1.3632486766088168
212,20261022.0,223427.89999993195,420204,53636.9,0.5317129299100721,4.165563259620372,0.34475123143962993,1.4155856031173637
213,20261023.0,167968.60000002786,420786,53636.9,0.3991782045981279,3.131586650235712,0.3148246725201337,1.1253857081521594
214,20261024.0,231839.19999991675,420682,53636.9,0.5511032085991717,4.3223825388849235,0.3490597136644942,1.4890398532579747
215,20261025.0,233651.4999999417,419790,53636.9,0.5565913909334231,4.356170845070124,0.34803334493076454,1.488849618493599
216,20261026.0,236560.19999995737,418742,53636.9,0.5649306733023135,4.410400302775838,0.35060145804113185,1.5993462398206844
217,20261027.0,197902.5000000102,420050,53636.9,0.47114034043568664,3.68967073041153,0.33052267788451284,1.2981180588189942
218,20261028.0,193796.10000002346,419576,53636.9,0.46188557019472865,3.6131114960041213,0.32739243249937244,1.1982709292451508
219,20261029.0,187010.40000000864,420044,53636.9,0.4452162154441169,3.4865997102742448,0.32412211230867627,1.2380255258700377
220,20261030.0,222361.79999996143,418968,53636.9,0.5307369536574665,4.145687017705375,0.34428129629298243,1.4029927530806778
221,20261031.0,196039.49999996796,419970,53636.9,0.46679405671826074,3.6549371794411676,0.329871914201791,1.2955026189937786
222,20261032.0,182370.70000002751,420302,53636.9,0.43390395477544125,3.400097693938828,0.3243273687473034,1.233670896966659
223,20261033.0,215302.19999994154,420382,53636.9,0.51215846539562,4.014068672871503,0.3416889217997019,1.3950305231818472
224,20261034.0,175022.99999999258,419600,53636.9,0.4171186844613741,3.2631080468854945,0.3193935029657556,1.179063241175116
225,20261035.0,235067.3999998628,420434,53636.9,0.5591065422869292,4.382568716683156,0.34979074357323037,1.4650006766238033
226,20261036.0,140250.2000000515,420332,53636.9,0.3336652931493474,2.6148080892082035,0.30187873036420476,0.9160315121796142
227,20261037.0,204002.4999999689,420390,53636.9,0.48526963058105305,3.803398406693319,0.332893348175947,1.2635062785211961
228,20261038.0,166584.00000004252,420720,53636.9,0.3959498003423715,3.10577233210798,0.3146620712231593,1.0704673807068157
229,20261039.0,191491.7999999671,420418,53636.9,0.455479546546454,3.5701504001903,0.32745548041420397,1.270886240180352
230,20261040.0,185136.39999996527,420314,53636.9,0.4404716473873468,3.4516610766089255,0.32417829398628667,1.180069559069854
231,20261041.0,252240.79999985298,419268,53636.9,0.6016218743139304,4.702747548792957,0.3552137757735283,1.6037381342078387
232,20261042.0,246859.79999993535,421658,53636.9,0.5854502938398781,4.60242482320819,0.35654551822367286,1.5998074556513953
233,20261043.0,202719.89999995494,419654,53636.9,0.4830643816095044,3.779485764463549,0.33316248562501477,1.321454792106712
234,20261044.0,196538.899999976,420724,53636.9,0.46714449377733624,3.664247933791401,0.3302375399260024,1.2708242626820898
235,20261045.0,190429.2999999785,420198,53636.9,0.4531894487836175,3.550341276247854,0.327400674353765,1.1615168614844993
236,20261046.0,204072.79999996084,419838,53636.9,0.4860751051595159,3.804709071552622,0.33168229248961023,1.3325786980674204
237,20261047.0,208777.19999999172,420352,53636.9,0.4966723127283603,3.892417347012816,0.33523683674113325,1.3468754924411368
238,20261048.0,191428.90000000372,419674,53636.9,0.45613714454553705,3.568977700053577,0.3280576484002214,1.2406100130596365
239,20261049.0,211640.0999999369,419786,53636.9,0.5041618824828291,3.94579291495103,0.3386805742698258,1.3729124852003147
240,20261050.0,211745.39999992828,420024,53636.9,0.504126907033713,3.947756115657845,0.3369645364365901,1.3552053731141755
241,20261051.0,215066.89999996024,419854,53636.9,0.5122421127343321,4.009681767588362,0.33825993264050286,1.3990296980235633
242,20261052.0,204522.0999999698,418926,53636.9,0.48820579290846067,3.813085767446847,0.3349514124123519,1.3049233679571917
243,20261053.0,235925.6999999406,420402,53636.9,0.5611907174560078,4.398570760054004,0.34907182998100245,1.5027058549508434
244,20261054.0,225767.69999994824,420382,53636.9,0.5370536797482962,4.209186213221648,0.3457370881485161,1.4462624526308576
245,20261055.0,224749.79999993174,420608,53636.9,0.534345043365632,4.190208606387239,0.3442828991770063,1.4217379744775267
246,20261056.0,246948.69999990778,420102,53636.9,0.5878303364418827,4.604082264260383,0.35705285367638634,1.563313008067461
247,20261057.0,166875.70000003444,419712,53636.9,0.39759573231176243,3.1112107522998986,0.3140389596374769,1.0590778037320736
248,20261058.0,206803.99999997663,420620,53636.9,0.491664685464259,3.8556292403173305,0.3356345115435278,1.3192040198395296
249,20261059.0,177779.60000000318,420946,53636.9,0.42233350596039204,3.314501770236594,0.32184407700855533,1.1865553948521232
250,20261060.0,224821.4999999345,419900,53636.9,0.535416765896486,4.191545372680645,0.34649651210304755,1.4567076863300417
251,20261061.0,198660.09999995705,419566,53636.9,0.4734895105894116,3.703795334927206,0.3277242104315394,1.3203671036247864
252,20261062.0,203563.89999996652,420394,53636.9,0.4842217063040065,3.7952212003297454,0.3322839079626461,1.2288942991785357
253,20261063.0,188384.50000003036,420360,53636.9,0.44815039489968206,3.512218267648398,0.3255556381996929,1.2559001795924456
254,20261064.0,221486.89999993498,418904,53636.9,0.5287294941082801,4.129375485904945,0.341512902746998,1.4784084446139474
255,20261065.0,210280.5999999567,419426,53636.9,0.501353278051329,3.9204465582454744,0.3376550618240485,1.3546899919397803
256,20261066.0,243976.59999993126,420646,53636.9,0.5800045644079137,4.548670784477315,0.3551005688829621,1.540643397454811
257,20261067.0,243453.39999995593,419544,53636.9,0.5802809717215738,4.538916305751375,0.3530486659200317,1.4835354923362878
258,20261068.0,183941.20000001695,420222,53636.9,0.4377238697641174,3.42937790961105,0.3229541492751583,1.1958170679665374
259,20261069.0,208132.89999993183,420284,53636.9,0.49521966099097714,3.8804050942528714,0.33543929365760977,1.3716562967812342
260,20261070.0,190592.19999998962,420772,53636.9,0.4529583717547499,3.553378364521246,0.32732032596378546,1.2233281227538642
261,20261071.0,180788.00000001374,420090,53636.9,0.43035540003335887,3.370590022913586,0.3219808333116547,1.1559049950861249
262,20261072.0,233322.0999999616,418976,53636.9,0.5568865519742457,4.350029550551236,0.34699223063119505,1.548845340739883
263,20261073.0,168031.30000003864,420308,53636.9,0.39978135081901517,3.1327556215970467,0.3141469266736863,1.106591171123172
264,20261074.0,209082.29999994978,420168,53636.9,0.4976159536184331,3.898105595214298,0.33806393044660105,1.2858251919008516
265,20261075.0,194305.20000000118,420352,53636.9,0.46224402405603204,3.62260309600296,0.3288355643185943,1.2395911386181824
266,20261076.0,229977.6999999356,420752,53636.9,0.5465873008326416,4.287676953737736,0.3472056598788801,1.4724387209666112
267,20261077.0,189275.99999999348,420850,53636.9,0.4497469407152037,3.5288392878781862,0.3270114117241322,1.207041459600887
268,20261078.0,221010.99999993973,420480,53636.9,0.5256159627091412,4.120502862766859,0.34364158014984986,1.420442698566164
269,20261079.0,189515.50000001665,420900,53636.9,0.4502625326681317,3.5333044974638104,0.32491638000917356,1.1857985155107227
270,20261080.0,229851.59999991537,421416,53636.9,0.5454268466311564,4.285325960298141,0.34963850646760103,1.4294885474447128
271,20261081.0,234152.4999999519,419470,53636.9,0.5582103606931411,4.365511429630569,0.3484832058474342,1.4722153372429203
272,20261082.0,222770.9999999732,420460,53636.9,0.5298268563001789,4.153316093957205,0.34465162187535503,1.390569987932707
273,20261083.0,186696.8000000248,420468,53636.9,0.44402142374693154,3.480752989080741,0.32606768651960577,1.1647993737193458
274,20261084.0,195699.80000000494,420838,53636.9,0.46502407102021426,3.648603852944613,0.3320057704178944,1.223773990371093
275,20261085.0,199442.59999995324,419716,53636.9,0.4751846486670826,3.7183841720896105,0.33068353838882814,1.3020015216031617
276,20261086.0,217837.89999996164,419924,53636.9,0.5187555367160763,4.0613439628308425,0.33989264291570437,1.3902597821316718
277,20261087.0,219469.59999994523,420466,53636.9,0.5219675312628018,4.091765184042053,0.34196311197194457,1.3419954499198699
278,20261088.0,226441.49999993257,419900,53636.9,0.5392748273396822,4.2217484604802396,0.3450528649422254,1.4326967717903845
279,20261089.0,194598.1999999909,419882,53636.9,0.4634592576009234,3.628065753240603,0.33058173576333527,1.243153611626981
280,20261090.0,202636.09999994925,419936,53636.9,0.48254043473279085,3.77792340720566,0.33342432626797097,1.3003748695477422
281,20261091.0,194491.00000004127,419880,53636.9,0.46320615413937616,3.626067129159986,0.3269168150767,1.318083406419987
282,20261092.0,181507.70000000967,419952,53636.9,0.43221058597175316,3.3840080243267168,0.32186203065708596,1.1855815187184326
283,20261093.0,250266.39999994685,420054,53636.9,0.5957957786378582,4.665937069441874,0.35733275764244316,1.5949150915784467
284,20261094.0,157783.80000002976,419398,53636.9,0.3762149557223205,2.941702447382861,0.30783316983560016,1.0124400916542806
285,20261095.0,166718.30000004984,420968,53636.9,0.3960355656488138,3.1082762053744686,0.3178674217617146,1.0806359435712904
286,20261096.0,186323.60000002012,420196,53636.9,0.44342068939261703,3.473795092557924,0.32406899070872824,1.2065342299356347
287,20261097.0,180959.10000000466,420446,53636.9,0.43039795835851613,3.373779991013736,0.32431294259309545,1.1731558083307732
288,20261098.0,214539.69999999626,418432,53636.9,0.5127229752982474,3.9998527133372037,0.3366564647565757,1.3991015817639196
289,20261099.0,124536.50000004467,419020,53636.9,0.2972089637727189,2.321843730716068,0.2924560816442881,0.8082361462032365
290,20261100.0,228866.2999999439,420488,53636.9,0.5442873518386825,4.266956143996836,0.3464996093512466,1.4716376437061693
291,20261101.0,232754.3999999678,420464,53636.9,0.5535655846873164,4.33944541910453,0.3497486739581699,1.484887493340676
292,20261102.0,241849.29999988517,420968,53636.9,0.5745075635199948,4.5090096556640145,0.3536892130367441,1.5948759735887348
293,20261103.0,158115.90000000855,421534,53636.9,0.37509643350241867,2.9478940803813893,0.3111328466128348,1.0116112792377425
294,20261104.0,199119.79999995398,419748,53636.9,0.47437938953837533,3.7123659271873275,0.3315113403308414,1.2584363188377283
295,20261105.0,145689.900000043,420064,53636.9,0.3468278643255385,2.7162252106300513,0.3035135793688584,0.9189017285590598
296,20261106.0,154701.00000004453,420670,53636.9,0.36774906696470994,2.8842270899333204,0.309549147706085,1.0027973058742026
297,20261107.0,223891.49999994555,420100,53636.9,0.5329481075933005,4.1742065630181004,0.3450644602323511,1.443643296312189
298,20261108.0,200588.19999997187,420862,53636.9,0.47661276142766956,3.7397426025734495,0.32969879771806054,1.3180155801414635
299,20261109.0,193874.60000001328,419826,53636.9,0.4617975065860935,3.6145750406905184,0.32726630883360014,1.2214889194976717
300,20261110.0,197862.09999997684,420386,53636.9,0.4706676720917843,3.688917517604053,0.33114834502372986,1.2939387167697078
301,20261111.0,190428.69999997926,421282,53636.9,0.45202192355709303,3.550330089919053,0.32458565747368323,1.2559871810727334
302,20261112.0,242081.39999992502,421364,53636.9,0.5745184685922979,4.513336900527902,0.3538872731498507,1.5408731829152633
303,20261113.0,198825.79999999353,419788,53636.9,0.4736338342210676,3.706884626068873,0.33132451853774814,1.23604857814993
304,20261114.0,190212.3999999448,419704,53636.9,0.45320606903900085,3.5462974183807194,0.32592764753242565,1.2005670005200313
305,20261115.0,187037.2000000136,419492,53636.9,0.4458659521516825,3.4870993662947263,0.32534603848497623,1.191664580376481
306,20261116.0,271421.099999892,419906,53636.9,0.6463853814898858,5.060342786400631,0.36696001911491005,1.6630617107715795
307,20261117.0,213871.69999993264,421272,53636.9,0.5076807858104327,3.9873986005890094,0.3401056156950145,1.3502340832851776
308,20261118.0,170290.80000003995,419498,53636.9,0.4059394800452921,3.1748814715250124,0.31484664855116573,1.136787303607478
309,20261119.0,221456.5999999638,420326,53636.9,0.5268686686047587,4.128810576300341,0.341775597710314,1.413455375801407
310,20261120.0,207008.59999995053,420456,53636.9,0.49234307513735215,3.859443778442649,0.33563173758415765,1.3799478224632122
311,20261121.0,234856.49999992552,419170,53636.9,0.5602893813963917,4.378636722105966,0.3500201985624131,1.5581945588993014
312,20261122.0,145226.80000004452,420638,53636.9,0.34525363852063895,2.7075912291732838,0.3033896292070073,0.9556796342681845
313,20261123.0,183891.69999999827,419672,53636.9,0.4381795783373641,3.428455037483491,0.3240483066606144,1.2028245064318799
314,20261124.0,210814.49999993466,420790,53636.9,0.5009969343376379,3.9304005265019915,0.33758594869515146,1.3354520175927496
315,20261125.0,210962.9999999378,419980,53636.9,0.5023167769892324,3.9331691428836826,0.3379840582994006,1.345149508431616
316,20261126.0,280442.89999987377,420314,53636.9,0.6672223623288155,5.228544155234061,0.3739403893311326,1.792518887464317
317,20261127.0,229582.59999991485,420806,53636.9,0.5455782474582465,4.280310756212884,0.34598130922070086,1.3976063306592572
318,20261128.0,221794.29999995863,420238,53636.9,0.5277825898656443,4.135106615034773,0.34490224185663804,1.384705416483609
319,20261129.0,154042.60000003036,420316,53636.9,0.36649235337229696,2.871951958447083,0.30768206368498496,0.9982696728213182
320,20261130.0,211267.29999998692,419858,53636.9,0.5031875062520826,3.938842475981776,0.3373994556484305,1.3836923114461177
321,20261131.0,192401.29999993928,420768,53636.9,0.4572621967448553,3.587107010284697,0.3264271496384475,1.2774845836965278
322,20261132.0,225979.2999999683,420728,53636.9,0.537114953128787,4.213131258517332,0.347083856730819,1.439042737918781
323,20261133.0,197448.29999997112,419478,53636.9,0.4707000128730735,3.68120267949809,0.32784418767715645,1.3281146743430607
324,20261134.0,229656.79999998983,419808,53636.9,0.5470519856696152,4.2816941322110305,0.3450332135853748,1.4095272415561744
325,20261135.0,218526.29999997254,419208,53636.9,0.5212837064177509,4.074178410757753,0.34167787169754427,1.3491956305560404
326,20261136.0,192725.89999995322,420874,53636.9,0.45791828433201676,3.593158814173698,0.32826650666528556,1.2349790906449118
327,20261137.0,186764.6000000131,420826,53636.9,0.443804802935211,3.4820170442365814,0.3247629847083102,1.2026860307862501
328,20261138.0,236485.19999993467,420782,53636.9,0.5620135842311094,4.40900201167358,0.3525373415418453,1.5208912706526783
329,20261139.0,163153.70000003444,421652,53636.9,0.38693922950687876,3.0418182258861797,0.3134619130345967,1.092903265004071
330,20261140.0,236355.19999988776,419232,53636.9,0.563781390733264,4.406578307096193,0.34952160991238945,1.4653351387576306
331,20261141.0,209712.49999997058,420050,53636.9,0.4992560409474362,3.909854969246369,0.3368428262665291,1.34502798996475
332,20261142.0,225960.3999998787,420604,53636.9,0.5372283668245634,4.212778889157999,0.3470295743552747,1.3799097695231184
333,20261143.0,150678.00000003458,421020,53636.9,0.35788798631902186,2.8092227552307194,0.3068118052198623,1.0039707955732844
334,20261144.0,147420.80000004658,420508,53636.9,0.35057787247816113,2.7484959048723283,0.30589639813181746,0.9500127778425153
335,20261145.0,220519.29999994484,420938,53636.9,0.5238759627307225,4.111335666303325,0.3431131387218841,1.3760380533475607
336,20261146.0,227500.49999996056,419680,53636.9,0.5420808711398222,4.2414923308386685,0.3463683721143957,1.408255846236162
337,20261147.0,228503.79999994356,420178,53636.9,0.5438261879487826,4.260197737004629,0.34486337977113424,1.4977943984323294
338,20261148.0,170247.70000002685,419722,53636.9,0.4056201485745966,3.174077920238247,0.3185981332720956,1.0997517091044589
339,20261149.0,232168.19999996098,420222,53636.9,0.5524893984607208,4.328516375852463,0.34834923510884236,1.5696458826547406
340,20261150.0,215115.6999999473,419852,53636.9,0.5123607842762385,4.010591588998381,0.3376674767276311,1.353935735155114
341,20261151.0,195687.30000000144,420158,53636.9,0.4657469332965252,3.6483708044275756,0.3297565788217512,1.2936132882660376
342,20261152.0,209857.69999995353,419522,53636.9,0.5002305004265654,3.9125620608192033,0.33704066420247963,1.3614748199746634
343,20261153.0,217364.49999996138,419920,53636.9,0.517633120594307,4.052517949396057,0.3402915233299611,1.3987147718779054
344,20261154.0,216033.099999966,421046,53636.9,0.5130866936153438,4.027695485756373,0.34315248089584044,1.4417143870108569
345,20261155.0,201468.29999999373,419238,53636.9,0.48055829862749494,3.7561510825568543,0.3309185033552492,1.2547115735159655
346,20261156.0,241523.69999993165,419542,53636.9,0.5756841984829448,4.502939207894782,0.35330381198844557,1.5783654003650516
347,20261157.0,191996.70000001218,419912,53636.9,0.4572308007392315,3.579563695888692,0.3280043048102787,1.2626297284322119
348,20261158.0,204344.2999999651,419578,53636.9,0.48702339016813345,3.8097708853413432,0.3327103863826941,1.3154079541819805
349,20261159.0,197053.99999996417,420100,53636.9,0.4690645084502837,3.6738513970785815,0.3293614683012591,1.3249291126851652
350,20261160.0,254972.89999994295,420354,53636.9,0.6065670839338818,4.753684497052271,0.3601988316301247,1.6397830458121632
351,20261161.0,247848.59999994122,420626,53636.9,0.5892374698662023,4.620859893094888,0.35685470451862855,1.6067630612936192
352,20261162.0,134592.30000005322,419978,53636.9,0.3204746439100458,2.5093228728739585,0.29667240463247757,0.8712035887487922
353,20261163.0,170038.10000002227,420756,53636.9,0.40412519369901384,3.170170162705568,0.3179109024794811,1.06531532248145
354,20261164.0,221913.8999999592,420334,53636.9,0.5279465853344226,4.137336423245176,0.3433526230021988,1.3828625346973316
355,20261165.0,176720.20000000633,421292,53636.9,0.41947200516507865,3.2947504423262033,0.32080654036626965,1.1903691019118874
356,20261166.0,214178.59999993004,420336,53636.9,0.5095414144872912,3.9931204077776687,0.33864993630137796,1.3936411019409118
357,20261167.0,239932.69999993875,421102,53636.9,0.5697733565737962,4.47327679265466,0.3539536286682352,1.5020232567142922
358,20261168.0,183756.30000000383,420558,53636.9,0.4369345013054176,3.425930655947749,0.3251849709477272,1.15303056404845
359,20261169.0,220630.4999999604,420970,53636.9,0.5241002921822467,4.1134088659106025,0.3433889479540652,1.417556195681924
360,20261170.0,191105.60000001334,420936,53636.9,0.45400155843171724,3.562950133210781,0.32720002447006274,1.2908463295635753
361,20261171.0,202735.49999994438,419810,53636.9,0.4829220361590824,3.7797766090125338,0.32895716355654314,1.2875742945443909
362,20261172.0,222931.59999995315,421716,53636.9,0.5286296939171223,4.156310301302893,0.344846016322176,1.3898904204743976
363,20261173.0,225024.5999999496,419646,53636.9,0.536224818060817,4.195331944984695,0.3448396689476821,1.4179150408170866
364,20261174.0,245176.79999993762,420138,53636.9,0.5835625437354812,4.57104717088306,0.3559807270581511,1.5373984884973255
365,20261175.0,198478.39999993725,420024,53636.9,0.4725406167265138,3.700407741684125,0.32879927316395746,1.3159773676944557
366,20261176.0,218872.89999996484,420404,53636.9,0.5206251605597588,4.080640380036222,0.34004066056022497,1.421532395462943
367,20261177.0,227378.0999999213,420676,53636.9,0.5405064705377091,4.239210319759742,0.34943752105416004,1.4422715684834664
368,20261178.0,251394.29999996666,419268,53636.9,0.5996028793038501,4.686965503225702,0.3579806265565939,1.566923799233123
369,20261179.0,159734.4000000345,419704,53636.9,0.38058822408181603,2.978069202359467,0.3105535329605905,1.0130625772390036
370,20261180.0,207909.09999993982,420456,53636.9,0.49448479745785484,3.8762325936051454,0.3385523563673133,1.3501818402155443
371,20261181.0,196127.79999994984,420148,53636.9,0.466806458676347,3.656583434164723,0.3285915851522434,1.2924231125913936
372,20261182.0,206655.3999999728,422454,53636.9,0.4891784667679151,3.8528587595474906,0.33644811019769766,1.3490019355694765
373,20261183.0,190685.80000001905,419728,53636.9,0.4543080280563104,3.5551234318168845,0.3261015306427969,1.2173801190814815
374,20261184.0,145878.2000000522,420572,53636.9,0.3468566618796596,2.7197358534898957,0.3059651084825903,0.954926417567437
375,20261185.0,194589.50000001525,419980,53636.9,0.4633303966855928,3.6279035514732443,0.32989730438593795,1.1948263903845664
376,20261186.0,220054.49999995055,421750,53636.9,0.521765263781744,4.102669990248328,0.34349774283212353,1.3930289572377206
377,20261187.0,195607.20000001218,419642,53636.9,0.46612874783747144,3.6468774295310165,0.3306706658707091,1.2492516804786646
378,20261188.0,252304.2999999084,420378,53636.9,0.6001843578872073,4.703931435260211,0.3590395577150757,1.5976263868467324
379,20261189.0,206417.8999999369,420064,53636.9,0.4913963110381677,3.8484308377243446,0.331676588738751,1.302857558190912
380,20261190.0,213525.59999997544,419906,53636.9,0.5085080946687484,3.980945953251874,0.3387958730086351,1.4189396447211504
381,20261191.0,226752.19999996314,420512,53636.9,0.5392288448366828,4.227541114418677,0.3460269322083466,1.4080826461342952
382,20261192.0,196787.7999999802,419348,53636.9,0.46927086810949425,3.6688883958614347,0.3309559842296649,1.2795184330590235
383,20261193.0,244316.99999992098,420130,53636.9,0.581527146359272,4.555017161691317,0.3564812460220562,1.561776407260898
384,20261194.0,159590.6000000509,419936,53636.9,0.38003552922362194,2.9753882122205217,0.3119777929414293,1.0486320454760467
385,20261195.0,237865.79999988156,420688,53636.9,0.5654209295246871,4.434741754275164,0.3519286434163739,1.4678484973292631
386,20261196.0,247022.09999991997,419546,53636.9,0.5887843049389577,4.605450725152274,0.35420753483263956,1.5810931796519179
387,20261197.0,214357.29999997668,419238,53636.9,0.5113021720358762,3.9964520693771766,0.3372244512904959,1.3623109955171937
388,20261198.0,210429.29999998523,418908,53636.9,0.5023281961671423,3.9232189034039107,0.336512594368777,1.318034284837001
389,20261199.0,173741.40000000212,420174,53636.9,0.41349869339845424,3.2392140485375203,0.31714958527162274,1.154493810335189
390,20261200.0,204580.3999999586,420904,53636.9,0.48605002565895933,3.814172705729798,0.3361331452173246,1.2926514426641194
391,20261201.0,196629.39999999377,419644,53636.9,0.4685624005108944,3.6659352050546126,0.3296090135934566,1.3265441879626008
392,20261202.0,202339.29999996282,420338,53636.9,0.48137284756544213,3.7723899032189188,0.33086455236684253,1.3002770809076714
393,20261203.0,229358.99999994962,420170,53636.9,0.5458719089890988,4.276141984341929,0.3478199207603647,1.454581462052938
394,20261204.0,151582.80000003893,420388,53636.9,0.3605783228827629,2.826091739083335,0.30912962563494795,0.9743121932360885
395,20261205.0,172286.80000000054,419868,53636.9,0.4103356292930172,3.21209465871444,0.3159337944273526,1.1208545021274174
396,20261206.0,158432.9000000087,418624,53636.9,0.37846110113134623,2.9538041907718138,0.3068649006959794,1.020190675852312
397,20261207.0,171141.4999999845,419180,53636.9,0.4082768738966184,3.190741821395056,0.3144848469477835,1.1517360277026236
398,20261208.0,149315.4000000501,420604,53636.9,0.3550023299827156,2.7838186024928753,0.30593266080567794,0.9664073499083885
399,20261209.0,227095.2999999556,420868,53636.9,0.5395879468145728,4.233937830112397,0.34817289621217484,1.4733686767946086
400,20261210.0,190529.99999998964,420880,53636.9,0.4526943546853964,3.5522187151007913,0.3299274823784095,1.20746349494303
401,20261211.0,200239.89999999275,420504,53636.9,0.4761902383805927,3.7332489386969185,0.33278863088556515,1.2738553498266156
402,20261212.0,206659.59999995903,421246,53636.9,0.4905912459701909,3.8529370638489366,0.3368304739151303,1.3495615646738741
403,20261213.0,215042.39999998044,419124,53636.9,0.513075843902951,4.009224992495473,0.3402382180886827,1.371650390791828
404,20261214.0,213984.8999999621,420144,53636.9,0.5093132354620371,3.989509087959261,0.3364231973316147,1.3088991840387922
405,20261215.0,251469.89999991286,421044,53636.9,0.597253256191545,4.6883749806553485,0.3573533882613941,1.6640127011487575
406,20261216.0,246169.69999993147,420462,53636.9,0.5854743115904207,4.589558680683102,0.35598874029879535,1.5484674580941806
407,20261217.0,182516.50000000023,420720,53636.9,0.4338194048298161,3.402815971840286,0.3223522080019371,1.1822650096635539
408,20261218.0,202970.29999994874,420258,53636.9,0.4829659399700868,3.784154192355426,0.3351397201804,1.3311020656895023
409,20261219.0,111592.70000007813,419402,53636.9,0.2660757459432195,2.080521059197644,0.2869663127263895,0.7283088298202249
410,20261220.0,183944.1999999926,420412,53636.9,0.4375331817359937,3.4294338412546694,0.32142107692211824,1.1914132053953779
411,20261221.0,204883.19999993235,420562,53636.9,0.48716526932992604,3.8198180730044493,0.33565088303117435,1.318075038094215
412,20261222.0,177739.89999998861,420284,53636.9,0.4229042742526211,3.313761608146418,0.3196025214647601,1.1393847918062934
413,20261223.0,192474.1999999581,419322,53636.9,0.45901288270102236,3.5884661492360315,0.3279066326088019,1.3145772673479141
414,20261224.0,173271.60000003522,421266,53636.9,0.4113116178377444,3.2304551530762446,0.3208398601082959,1.1096735200130015
415,20261225.0,234560.09999996042,419336,53636.9,0.5593607512828863,4.373110675672167,0.34784353422604436,1.4925470674052381
416,20261226.0,190662.59999997975,421026,53636.9,0.45285231790905967,3.5546908937686506,0.3280176556471475,1.2053019398852478
417,20261227.0,172270.30000002772,420558,53636.9,0.4096231673158702,3.211787034672543,0.31765069841025273,1.1297456061462345
418,20261228.0,158288.10000003123,419846,53636.9,0.37701466728284,2.9511045567516248,0.3110634499444278,1.029797122106802
419,20261229.0,195207.5999999484,420296,53636.9,0.464452671450474,3.639427334539252,0.3308294788756414,1.2352378488678555
420,20261230.0,178402.09999999224,420276,53636.9,0.42448795553396396,3.3261075863816183,0.32102801931412545,1.1595167401964925
421,20261231.0,230926.4999999389,420400,53636.9,0.5493018553756872,4.305366268370076,0.34816184063427735,1.4486610917792104
422,20261232.0,145680.60000004485,420706,53636.9,0.3462764971263658,2.7160518225334584,0.3050703528876871,0.9353067335516957
423,20261233.0,186322.5999999836,420256,53636.9,0.4433550026650032,3.4737764486758853,0.32581150955664595,1.1909752730711034
424,20261234.0,219954.5999999504,420316,53636.9,0.5233077018242237,4.100807466500681,0.34067744345227585,1.4548838785884195
425,20261235.0,217944.29999989297,420278,53636.9,0.518571754885797,4.063327671806032,0.33988460680986293,1.3965656531721835
426,20261236.0,192241.6999999762,420532,53636.9,0.45713929023231575,3.584131446820681,0.3284823680877189,1.2595240881554164
427,20261237.0,221736.2999999967,420098,53636.9,0.5278204133321194,4.134025269916731,0.3423686001769543,1.4360025381055097
428,20261238.0,174461.70000003476,419462,53636.9,0.41591777085894494,3.2526432362801496,0.3185622382762166,1.0960813393155742
429,20261239.0,206400.1999999725,419692,53636.9,0.49178969339413786,3.8481008410249755,0.33332315816296676,1.280421419846447
430,20261240.0,207938.90000000343,419854,53636.9,0.49526478251964595,3.8767881812707934,0.33716850789713865,1.3496854463896215
431,20261241.0,248271.19999992775,418892,53636.9,0.5926854654658665,4.628738797356442,0.356472923285307,1.6457706863127792
432,20261242.0,204629.59999995635,421356,53636.9,0.485645392494604,3.8150899846925594,0.3359061309259789,1.2637626017570116
433,20261243.0,183562.30000000857,420818,53636.9,0.4362035369209696,3.422313742964425,0.32333743103638,1.2047830135714632
434,20261244.0,177560.99999997768,419260,53636.9,0.4235104708295036,3.310426217771304,0.3185509145632185,1.1762675620280485
435,20261245.0,207755.39999998748,419644,53636.9,0.49507534958199684,3.8733670290413404,0.3348713145943324,1.2831848595953563
436,20261246.0,205439.99999994555,420340,53636.9,0.48874720464373017,3.8301989861447163,0.3361439290770284,1.315333471089659
437,20261247.0,178317.90000001623,420844,53636.9,0.42371496326433605,3.3245377715717392,0.3225554198859634,1.1515613635364712
438,20261248.0,209539.19999999835,419652,53636.9,0.4993165765920295,3.9066239846075805,0.3341231740208418,1.3056272523722752
439,20261249.0,224882.7999999698,420008,53636.9,0.5354250395229848,4.192688242608536,0.34317849969993613,1.4464281066530453
440,20261250.0,202341.29999996882,420218,53636.9,0.481515070748918,3.772427190981746,0.33122681711489665,1.326840028374393
441,20261251.0,188499.19999995094,419082,53636.9,0.44979073307837353,3.5143567208386566,0.3240892575135199,1.2076406046784747
442,20261252.0,204246.89999996222,420134,53636.9,0.48614703880181614,3.80795497129704,0.3358295460410691,1.3817569533689105
443,20261253.0,257477.1999998899,419462,53636.9,0.6138272358399328,4.8003743691356116,0.36231585359584867,1.6307664581049222
444,20261254.0,202842.79999997225,420588,53636.9,0.48228385022866144,3.781777097482745,0.33338700805154176,1.285767510443479
445,20261255.0,231753.19999993223,419642,53636.9,0.5522640727094338,4.3207791650884415,0.34706041972093254,1.4766415671590185
446,20261256.0,181170.20000001087,420462,53636.9,0.4308836470359054,3.3777157143684824,0.3219492633244842,1.1925504356285754
447,20261257.0,252946.29999993448,419918,53636.9,0.6023707009462193,4.715900807092402,0.3598880681418023,1.6962480162556186
448,20261258.0,248173.19999987623,419982,53636.9,0.5909138963095472,4.626911696982417,0.35523349422203543,1.6086904170632836
449,20261259.0,211843.19999997978,419872,53636.9,0.5045423367120927,3.949579487255598,0.33855217774655705,1.337670192651936
450,20261260.0,256086.49999994543,420580,53636.9,0.6088889153073028,4.774446323332359,0.35979674495684644,1.573441520234115
451,20261261.0,207450.09999995134,420606,53636.9,0.4932171676104272,3.8676750520621312,0.3369656205948244,1.3013298076439788
452,20261262.0,214199.89999994796,420854,53636.9,0.5089648666757307,3.9935175224509236,0.34041219687973573,1.336404854851393
453,20261263.0,180569.3000000043,420448,53636.9,0.4294688047035645,3.36651260606046,0.3243051375261959,1.2354524455609723
454,20261264.0,182132.80000001454,420738,53636.9,0.43288887621278455,3.395662314563566,0.32605334890209975,1.1626572022048565
455,20261265.0,207269.29999998314,420778,53636.9,0.4925858766379971,3.8643042383132347,0.3378020001073658,1.3821400000515365
456,20261266.0,228158.29999992988,420238,53636.9,0.5429263893315928,4.253756275995254,0.3467032281692144,1.4350373900027555
457,20261267.0,162749.90000004054,419884,53636.9,0.38760681521572754,3.0342898265940152,0.3123906365565626,1.057839259170228
458,20261268.0,196118.79999996215,419698,53636.9,0.46728552435313525,3.6564156392327325,0.32881419112144766,1.2617302205268768
459,20261269.0,187702.7000000191,421362,53636.9,0.445466605911352,3.4995068693384423,0.32741225830122306,1.2246669403439947
460,20261270.0,163642.00000000917,419530,53636.9,0.3900603055800757,3.0509220331527205,0.31248701509259946,1.0546370882185863
461,20261271.0,213728.69999994876,419162,53636.9,0.5098952195092799,3.984732525555145,0.3365758908626055,1.3427318326973872
462,20261272.0,259246.6999999236,419852,53636.9,0.6174716328609215,4.833364717198862,0.3618811493095052,1.6316007752179413
463,20261273.0,210791.89999997572,420504,53636.9,0.501283935467857,3.9299791747840707,0.33871290855364633,1.2897239417320179
464,20261274.0,197303.6999999757,420872,53636.9,0.4687974015852224,3.6785067742538384,0.3307234589120601,1.2695254522547923
465,20261275.0,245251.59999994704,421006,53636.9,0.5825370659799315,4.572441733208799,0.3540621032449341,1.5018456064637666
466,20261276.0,128062.30000005887,420638,53636.9,0.3044477674391255,2.3875783276076517,0.2949012500596848,0.8458604238843185
467,20261277.0,213236.59999996345,419776,53636.9,0.5079771116022913,3.9755578715392472,0.3392848493215194,1.3495908724123358
468,20261278.0,200999.0999999699,420946,53636.9,0.47749378780168933,3.7474033734233316,0.33342162797611224,1.2441703741485552
469,20261279.0,194342.0000000027,420310,53636.9,0.46237776878970926,3.6232891908369558,0.33144921685402257,1.2780585869277177
470,20261280.0,217287.29999996428,419848,53636.9,0.5175380137572747,4.051078641755289,0.3402698478579565,1.2903065150619348
471,20261281.0,221986.09999993994,419906,53636.9,0.528656651726672,4.13868251147885,0.343017149277,1.4855486488348104
472,20261282.0,172185.5000000338,421080,53636.9,0.4089139830911793,3.210206033533515,0.31752831916449165,1.0654924567386985
473,20261283.0,212538.59999997893,419636,53636.9,0.5064832378537087,3.9625444423517937,0.33865900873011556,1.3812805851952792
474,20261284.0,226706.4999999189,419980,53636.9,0.5398030858610383,4.226689089039801,0.3437375839871422,1.4473467862348186
475,20261285.0,232523.79999992685,421278,53636.9,0.5519485945146123,4.335146140062659,0.3494440175150368,1.4709081625324836
476,20261286.0,203855.8999999493,420674,53636.9,0.4845935332346408,3.800665213685901,0.334045580858441,1.2988987360138282
477,20261287.0,212427.4999999626,420340,53636.9,0.5053706523289779,3.9604731071326382,0.33494714138254017,1.3179721442198986
478,20261288.0,219421.99999994852,420810,53636.9,0.5214277227250981,4.090877735289483,0.34360137371334026,1.3752229068259756
479,20261289.0,231314.69999992973,420832,53636.9,0.5496604345675465,4.312603823113001,0.3491895741660794,1.5002269355171525
480,20261290.0,186656.699999987,419472,53636.9,0.4449801178624247,3.4800053694375888,0.3229291549547376,1.2520369790490677
481,20261291.0,190910.499999969,419220,53636.9,0.45539454224504794,3.5593127119570482,0.3272782608491213,1.238345718779679
482,20261292.0,234756.8999999677,421724,53636.9,0.556660043061262,4.376779791523516,0.34979756005627705,1.478875168859071
483,20261293.0,235569.59999996287,420016,53636.9,0.5608586339567132,4.391931673902907,0.35066606216493273,1.5742926854705188
484,20261294.0,184435.50000002186,419230,53636.9,0.4399386971352762,3.438593580166301,0.3224091083648894,1.217388472708721
485,20261295.0,181489.40000001725,420894,53636.9,0.43119977951697397,3.38366684129801,0.32441686576691336,1.1126747800071282
486,20261296.0,201260.89999995977,420384,53636.9,0.47875490028155154,3.752284341562614,0.33383859157725637,1.2373266141598274
487,20261297.0,184662.59999997407,419636,53636.9,0.44005423748194644,3.4428276056217655,0.3220329039602887,1.1918138916763916
488,20261298.0,226909.09999994937,420466,53636.9,0.5396609951814163,4.230466339403458,0.34538126304940836,1.4163648939457227
489,20261299.0,220891.7999999442,418678,53636.9,0.5275935205574313,4.118280512109092,0.341323515729969,1.4098342701209043
490,20261300.0,190627.99999997657,419330,53636.9,0.45460138792830607,3.5540458154736116,0.32635906031616313,1.2592134597250904
491,20261301.0,209951.29999996725,420498,53636.9,0.4992920299263427,3.9143071281145487,0.3361648784868911,1.3567054094209152
492,20261302.0,195081.80000001355,420018,53636.9,0.4644605707374769,3.6370819342656557,0.3289838084940818,1.2522110377262838
493,20261303.0,229791.399999938,420224,53636.9,0.5468307378920243,4.284203598640824,0.34685937697880737,1.4365611932377604
494,20261304.0,186322.10000003324,419486,53636.9,0.4441676241877756,3.473767126736132,0.3230280935490842,1.204172395684722
495,20261305.0,201798.69999994247,419732,53636.9,0.48077987858905796,3.7623110209565143,0.3327910988619538,1.327902173165871
496,20261306.0,194122.20000002126,419442,53636.9,0.4628105912140922,3.619191265714858,0.32695475125504037,1.2440270242510458
497,20261307.0,119151.0000000576,420480,53636.9,0.28336900684945204,2.2214371076638955,0.29356109861873736,0.7882626920783334
498,20261308.0,182395.6999999991,419632,53636.9,0.43465631791664866,3.4005637909722433,0.32036285478489995,1.1715217340686965
499,20261309.0,205588.19999995598,421022,53636.9,0.48830749937047463,3.832962009362136,0.3362411927475364,1.3004541086653103
REAL,,177924.3999999992,36794,53636.9,4.835690601728521,3.317201404257129,0.07394585807613654,1.1769955515978732
