session,ib_high,ib_low,eligible,extended,in_3b,first_break_up,close_dir
2022-01-03,19849.25,19656.5,True,True,True,True,1.0
2022-01-04,19876.5,19729.75,True,True,True,False,-1.0
2022-01-05,19611.75,19467.5,True,True,True,False,-1.0
2022-01-06,19215.0,18963.0,True,True,True,True,1.0
2022-01-07,19192.25,19013.75,True,True,True,False,-1.0
2022-01-10,18779.5,18559.5,True,True,True,False,1.0
2022-01-11,19017.25,18839.5,True,True,True,True,1.0
2022-01-12,19373.75,19249.0,True,True,True,False,-1.0
2022-01-13,19344.25,19195.75,True,True,True,False,-1.0
2022-01-14,18965.0,18744.25,True,True,True,True,1.0
2022-01-17,18976.25,18911.0,True,True,True,False,-1.0
2022-01-18,18799.25,18636.25,True,True,True,False,-1.0
2022-01-19,18736.5,18615.75,True,True,True,False,-1.0
2022-01-20,18658.0,18524.75,True,True,True,True,-1.0
2022-01-21,18183.0,17896.75,True,True,True,True,-1.0
2022-01-24,17628.0,17341.5,True,True,True,False,1.0
2022-01-25,17669.25,17401.0,True,True,True,False,-1.0
2022-01-26,17879.5,17714.75,True,True,True,False,-1.0
2022-01-27,17773.75,17596.5,True,True,True,False,-1.0
2022-01-28,17466.75,17224.75,True,True,True,True,1.0
2022-01-31,18089.0,17780.75,True,True,True,True,1.0
2022-02-01,18316.5,18093.75,True,True,True,True,1.0
2022-02-02,18542.5,18391.25,True,True,True,False,-1.0
2022-02-03,18196.75,18042.0,True,True,True,True,-1.0
2022-02-04,18031.25,17797.25,True,True,True,True,1.0
2022-02-07,18170.75,18034.5,True,True,True,False,-1.0
2022-02-08,17952.5,17832.0,True,True,True,True,1.0
2022-02-09,18315.75,18217.75,True,True,True,True,1.0
2022-02-10,18355.5,18099.5,True,True,True,True,-1.0
2022-02-11,18131.25,17954.5,True,True,True,False,-1.0
2022-02-14,17699.25,17546.5,True,True,True,True,1.0
2022-02-15,17886.5,17809.5,True,True,True,True,1.0
2022-02-16,17881.5,17745.5,True,True,True,True,1.0
2022-02-17,17859.5,17702.5,True,True,True,False,-1.0
2022-02-18,17585.25,17450.25,True,True,True,False,-1.0
2022-02-21,17248.25,17167.0,True,True,True,False,-1.0
2022-02-22,17472.5,17226.5,True,True,True,True,-1.0
2022-02-23,17395.5,17159.25,True,True,True,False,-1.0
2022-02-24,16847.75,16422.5,True,True,True,True,1.0
2022-02-25,17378.0,17196.25,True,True,True,True,1.0
2022-02-28,17521.75,17391.75,True,True,True,True,1.0
2022-03-01,17637.5,17511.5,True,True,True,False,-1.0
2022-03-02,17494.25,17315.5,True,True,True,True,1.0
2022-03-03,17720.0,17491.5,True,True,True,False,-1.0
2022-03-04,17360.0,17164.0,True,True,True,False,-1.0
2022-03-07,17244.25,16935.75,True,True,True,False,-1.0
2022-03-08,16738.5,16502.25,True,True,True,False,-1.0
2022-03-09,17012.5,16860.5,True,True,True,True,1.0
2022-03-10,16975.75,16853.75,True,True,True,False,1.0
2022-03-11,17090.25,16873.0,True,True,True,False,-1.0
2022-03-14,16757.75,16568.5,True,True,True,False,-1.0
2022-03-15,16630.0,16456.0,True,True,True,True,1.0
2022-03-16,17205.75,16980.75,True,True,True,True,1.0
2022-03-17,17381.25,17187.5,True,True,True,True,1.0
2022-03-18,17613.75,17363.5,True,True,True,True,1.0
2022-03-21,17835.25,17596.5,True,True,True,False,1.0
2022-03-22,17959.25,17742.5,True,True,True,True,1.0
2022-03-23,17964.0,17829.25,True,True,True,True,-1.0
2022-03-24,17924.5,17813.5,True,True,True,False,1.0
2022-03-25,18157.0,18062.75,True,True,True,True,-1.0
2022-03-28,18280.75,18118.25,True,True,True,False,1.0
2022-03-29,18588.0,18401.0,True,True,True,True,1.0
2022-03-30,18598.5,18509.75,True,True,True,True,-1.0
2022-03-31,18458.5,18334.5,True,True,True,True,-1.0
2022-04-01,18300.5,18175.0,True,True,True,False,-1.0
2022-04-04,18437.25,18252.0,True,True,True,True,1.0
2022-04-05,18504.75,18303.75,True,True,True,False,-1.0
2022-04-06,18012.0,17824.75,True,True,True,False,-1.0
2022-04-07,17976.5,17827.75,True,True,True,False,1.0
2022-04-08,17845.25,17681.0,True,True,True,True,-1.0
2022-04-11,17565.5,17430.75,True,True,True,False,-1.0
2022-04-12,17646.0,17481.5,True,True,True,False,-1.0
2022-04-13,17466.0,17289.5,True,True,True,True,1.0
2022-04-14,17615.25,17401.75,True,True,True,False,-1.0
2022-04-18,17371.0,17195.5,True,True,True,False,1.0
2022-04-19,17466.0,17202.0,True,True,True,True,1.0
2022-04-20,17638.5,17405.75,True,True,True,False,-1.0
2022-04-21,17651.5,17484.25,True,True,True,False,-1.0
2022-04-22,17146.25,16951.5,True,True,True,False,-1.0
2022-04-25,16775.5,16604.5,True,True,True,True,1.0
2022-04-26,16819.25,16536.25,True,True,True,False,-1.0
2022-04-27,16623.75,16314.0,True,True,True,False,-1.0
2022-04-28,16649.25,16432.0,True,True,True,False,1.0
2022-04-29,16801.5,16584.75,True,True,True,False,-1.0
2022-05-02,16362.75,16111.25,True,True,True,True,1.0
2022-05-03,16520.75,16337.0,True,True,True,True,1.0
2022-05-04,16482.75,16299.5,True,True,True,False,1.0
2022-05-05,16714.75,16373.0,True,True,True,False,-1.0
2022-05-06,16209.0,15887.5,True,True,True,True,-1.0
2022-05-09,15924.25,15714.75,True,True,True,False,-1.0
2022-05-10,15915.5,15704.75,True,True,True,False,-1.0
2022-05-11,15847.0,15514.5,True,True,True,False,-1.0
2022-05-12,15414.5,15061.75,True,True,True,True,1.0
2022-05-13,15707.25,15433.25,True,True,True,True,1.0
2022-05-16,15743.75,15572.0,True,True,True,False,-1.0
2022-05-17,15904.25,15771.75,True,True,True,False,1.0
2022-05-18,15768.25,15658.25,True,True,True,False,-1.0
2022-05-19,15377.75,15163.75,True,True,True,True,1.0
2022-05-20,15421.5,15244.25,True,True,True,False,-1.0
2022-05-23,15346.0,15152.25,True,True,True,True,1.0
2022-05-24,15216.0,14944.75,True,False,False,False,-1.0
2022-05-25,15259.25,15076.5,True,True,True,True,1.0
2022-05-26,15564.25,15267.5,True,True,True,True,1.0
2022-05-27,15951.0,15770.5,True,True,True,True,1.0
2022-05-30,16145.5,16105.0,True,True,True,True,1.0
2022-05-31,16056.5,15848.5,True,True,True,True,-1.0
2022-06-01,16192.0,15974.25,True,True,True,False,-1.0
2022-06-02,16001.0,15811.0,True,True,True,True,1.0
2022-06-03,16099.75,15977.75,True,True,True,False,-1.0
2022-06-06,16178.5,16042.0,True,True,True,False,-1.0
2022-06-07,15968.75,15781.0,True,True,True,True,1.0
2022-06-08,16151.5,15996.0,True,True,True,False,-1.0
2022-06-09,16017.0,15869.25,True,True,True,True,-1.0
2022-06-10,15453.0,15213.75,True,True,True,False,-1.0
2022-06-13,14938.25,14746.25,True,True,True,False,-1.0
2022-06-14,14775.75,14626.25,True,True,True,False,-1.0
2022-06-15,14907.75,14793.5,True,True,True,True,1.0
2022-06-16,14683.5,14536.75,True,True,True,False,-1.0
2022-06-17,14682.25,14516.25,True,True,True,False,1.0
2022-06-20,14719.0,14666.75,True,True,True,True,1.0
2022-06-21,15000.0,14809.5,True,True,True,True,1.0
2022-06-22,15049.75,14780.5,True,True,True,True,1.0
2022-06-23,15020.75,14876.75,True,True,True,True,1.0
2022-06-24,15416.25,15172.5,True,True,True,True,1.0
2022-06-27,15545.75,15354.75,True,True,True,False,-1.0
2022-06-28,15508.0,15338.5,True,True,True,False,-1.0
2022-06-29,15081.0,14898.25,True,True,True,True,1.0
2022-06-30,14921.75,14684.75,True,True,True,True,-1.0
2022-07-01,14951.0,14750.75,True,True,True,False,1.0
2022-07-04,14904.5,14864.5,True,True,True,True,-1.0
2022-07-05,14852.75,14723.0,True,True,True,True,1.0
2022-07-06,15216.25,15087.75,True,True,True,False,1.0
2022-07-07,15385.5,15252.0,True,True,True,True,1.0
2022-07-08,15458.25,15312.0,True,True,True,True,1.0
2022-07-11,15395.5,15186.75,True,False,False,False,-1.0
2022-07-12,15359.25,15138.75,True,True,True,False,-1.0
2022-07-13,15033.75,14856.25,True,True,True,True,1.0
2022-07-14,15018.25,14845.0,True,True,True,True,1.0
2022-07-15,15323.75,15187.25,True,True,True,True,1.0
2022-07-18,15520.25,15423.5,True,True,True,False,-1.0
2022-07-19,15429.25,15326.75,True,True,True,True,1.0
2022-07-20,15727.5,15591.25,True,True,True,True,1.0
2022-07-21,15875.0,15707.25,True,True,True,True,1.0
2022-07-22,16032.25,15876.5,True,True,True,False,-1.0
2022-07-25,15777.75,15621.75,True,True,True,False,-1.0
2022-07-26,15625.0,15513.0,True,True,True,False,-1.0
2022-07-27,15768.25,15610.25,True,True,True,True,1.0
2022-07-28,15987.75,15785.75,True,True,True,False,1.0
2022-07-29,16264.5,16078.0,True,True,True,True,1.0
2022-08-01,16402.0,16185.5,True,True,True,True,1.0
2022-08-02,16290.5,16153.75,True,True,True,True,1.0
2022-08-03,16507.0,16323.25,True,True,True,True,1.0
2022-08-04,16672.75,16565.25,True,True,True,False,1.0
2022-08-05,16643.75,16448.25,True,True,True,False,1.0
2022-08-08,16753.0,16565.75,True,True,True,False,-1.0
2022-08-09,16446.0,16307.0,True,True,True,False,-1.0
2022-08-10,16688.75,16571.5,True,True,True,True,1.0
2022-08-11,16908.75,16789.25,True,True,True,False,-1.0
2022-08-12,16796.25,16693.0,True,True,True,True,1.0
2022-08-15,16968.25,16868.0,True,True,True,True,1.0
2022-08-16,16993.0,16892.25,True,True,True,False,1.0
2022-08-17,16899.5,16799.25,True,True,True,False,-1.0
2022-08-18,16836.0,16756.25,True,True,True,True,1.0
2022-08-19,16759.0,16614.75,True,True,True,False,-1.0
2022-08-22,16426.0,16298.5,True,True,True,False,-1.0
2022-08-23,16352.25,16199.75,True,False,False,False,1.0
2022-08-24,16283.0,16185.25,True,True,True,True,1.0
2022-08-25,16435.25,16295.75,True,True,True,True,1.0
2022-08-26,16532.25,16294.25,True,True,True,False,-1.0
2022-08-29,15944.0,15812.5,True,True,True,False,-1.0
2022-08-30,15921.0,15717.25,True,True,True,False,-1.0
2022-08-31,15846.75,15708.75,True,True,True,False,-1.0
2022-09-01,15557.75,15429.5,True,True,True,False,1.0
2022-09-02,15748.75,15606.25,True,True,True,True,-1.0
2022-09-05,15481.75,15438.0,True,True,True,True,1.0
2022-09-06,15502.75,15263.75,True,False,False,False,-1.0
2022-09-07,15462.0,15363.25,True,True,True,True,1.0
2022-09-08,15618.25,15449.0,True,True,True,True,1.0
2022-09-09,15879.75,15748.75,True,True,True,True,1.0
2022-09-12,16095.5,15977.0,True,False,False,False,1.0
2022-09-13,15765.75,15616.0,True,True,True,False,-1.0
2022-09-14,15471.25,15356.0,True,True,True,False,1.0
2022-09-15,15491.25,15364.0,True,True,True,False,-1.0
2022-09-16,15143.25,15039.25,True,True,True,True,1.0
2022-09-19,15193.0,15073.0,True,True,True,True,1.0
2022-09-20,15205.25,15144.25,True,True,True,True,1.0
2022-09-21,15256.25,15195.25,True,True,True,True,-1.0
2022-09-22,14939.5,14823.5,True,True,True,False,-1.0
2022-09-23,14728.25,14595.5,True,True,True,False,-1.0
2022-09-26,14795.0,14599.75,True,True,True,False,-1.0
2022-09-27,14825.5,14662.5,True,True,True,False,-1.0
2022-09-28,14666.5,14523.25,True,True,True,True,1.0
2022-09-29,14659.5,14416.25,True,True,True,False,-1.0
2022-09-30,14532.5,14400.25,True,True,True,True,-1.0
2022-10-03,14471.25,14297.0,True,True,True,True,1.0
2022-10-04,14924.5,14771.5,True,True,True,True,1.0
2022-10-05,14796.25,14641.5,True,True,True,False,1.0
2022-10-06,14978.75,14784.0,True,True,True,False,-1.0
2022-10-07,14607.25,14461.75,True,True,True,False,-1.0
2022-10-10,14383.25,14240.25,True,True,True,False,-1.0
2022-10-11,14202.0,14045.75,True,True,True,True,-1.0
2022-10-12,14203.0,14062.75,True,False,False,False,-1.0
2022-10-13,13954.25,13742.0,True,True,True,True,1.0
2022-10-14,14464.75,14117.25,True,True,True,False,-1.0
2022-10-17,14390.5,14256.25,True,True,True,True,1.0
2022-10-18,14689.0,14515.75,True,True,True,False,-1.0
2022-10-19,14540.25,14367.25,True,True,True,True,1.0
2022-10-20,14586.0,14348.25,True,True,True,False,-1.0
2022-10-21,14482.5,14252.5,True,True,True,True,1.0
2022-10-24,14683.25,14465.0,True,True,True,True,1.0
2022-10-25,14922.0,14772.25,True,True,True,True,1.0
2022-10-26,14845.75,14690.25,True,True,True,True,-1.0
2022-10-27,14721.25,14521.0,True,True,True,False,-1.0
2022-10-28,14656.75,14463.5,True,True,True,True,1.0
2022-10-31,14779.75,14645.75,True,True,True,False,-1.0
2022-11-01,14876.25,14632.5,True,True,True,False,-1.0
2022-11-02,14598.25,14517.0,True,True,True,False,-1.0
2022-11-03,14105.75,13965.25,True,True,True,True,-1.0
2022-11-04,14221.0,13981.75,True,True,True,True,-1.0
2022-11-07,14226.0,14104.5,True,True,True,True,1.0
2022-11-08,14368.75,14264.0,True,True,True,True,1.0
2022-11-09,14306.25,14218.75,True,True,True,False,-1.0
2022-11-10,14726.25,14526.5,True,True,True,True,1.0
2022-11-11,15018.5,14826.5,True,True,True,True,1.0
2022-11-14,15073.25,14959.25,True,True,True,True,-1.0
2022-11-15,15320.75,15220.25,True,True,True,False,-1.0
2022-11-16,15093.5,14981.25,True,True,True,False,-1.0
2022-11-17,14930.0,14801.0,True,True,True,True,1.0
2022-11-18,15099.75,14933.0,True,True,True,False,-1.0
2022-11-21,14957.0,14844.5,True,True,True,False,-1.0
2022-11-22,14885.5,14784.5,True,True,True,True,1.0
2022-11-23,15125.5,15002.5,True,True,True,True,1.0
2022-11-24,15175.75,15156.0,True,True,True,True,-1.0
2022-11-25,15084.75,15023.5,True,False,False,False,-1.0
2022-11-28,15045.75,14939.0,True,True,True,False,-1.0
2022-11-29,14885.25,14818.5,True,True,True,True,-1.0
2022-11-30,14838.75,14776.0,True,True,True,False,1.0
2022-12-01,15402.25,15213.75,True,True,True,False,1.0
2022-12-02,15210.0,15094.5,True,True,True,True,1.0
2022-12-05,15229.5,15121.5,True,True,True,False,-1.0
2022-12-06,15063.0,14868.25,True,True,True,False,-1.0
2022-12-07,14853.5,14697.75,True,False,False,False,-1.0
2022-12-08,14921.0,14734.5,True,True,True,True,1.0
2022-12-09,14918.0,14807.25,True,True,True,True,-1.0
2022-12-12,14871.5,14804.75,True,True,True,False,1.0
2022-12-13,15449.75,15246.0,True,True,True,False,-1.0
2022-12-14,15190.0,15076.0,True,True,True,True,-1.0
2022-12-15,14861.5,14672.5,True,True,True,False,-1.0
2022-12-16,14637.5,14483.75,True,True,True,False,-1.0
2022-12-19,14505.0,14376.25,True,True,True,False,-1.0
2022-12-20,14365.5,14212.75,True,True,True,True,1.0
2022-12-21,14449.0,14327.0,True,True,True,True,1.0
2022-12-22,14354.25,14169.25,True,True,True,False,-1.0
2022-12-23,14200.5,14062.25,True,True,True,True,1.0
2022-12-27,14202.0,14042.0,True,False,False,False,-1.0
2022-12-28,14142.5,14007.75,True,True,True,False,-1.0
2022-12-29,14162.75,14002.5,True,True,True,True,1.0
2022-12-30,14093.75,14001.5,True,True,True,True,1.0
2023-01-03,14328.0,14071.25,True,True,True,False,-1.0
2023-01-04,14192.5,14009.5,True,True,True,True,-1.0
2023-01-05,14073.25,13960.75,True,True,True,False,-1.0
2023-01-06,14091.0,13912.25,True,True,True,True,1.0
2023-01-09,14471.0,14340.75,True,True,True,True,-1.0
2023-01-10,14429.25,14284.0,True,True,True,False,1.0
2023-01-11,14534.0,14437.0,True,True,True,True,1.0
2023-01-12,14664.75,14457.25,True,True,True,True,1.0
2023-01-13,14668.0,14554.75,True,True,True,True,1.0
2023-01-16,14757.25,14728.0,True,True,True,False,-1.0
2023-01-17,14831.0,14695.5,True,False,False,False,1.0
2023-01-18,14905.5,14818.25,True,True,True,False,-1.0
2023-01-19,14592.5,14494.75,True,True,True,False,-1.0
2023-01-20,14637.75,14529.5,True,True,True,True,1.0
2023-01-23,15005.5,14817.75,True,True,True,True,1.0
2023-01-24,15097.5,14984.25,True,False,False,False,1.0
2023-01-25,14870.0,14760.75,True,True,True,False,1.0
2023-01-26,15221.0,15093.0,True,True,True,False,1.0
2023-01-27,15339.25,15187.75,True,True,True,True,1.0
2023-01-30,15289.25,15173.5,True,True,True,False,-1.0
2023-01-31,15207.5,15115.0,True,True,True,True,1.0
2023-02-01,15304.0,15247.25,True,True,True,False,1.0
2023-02-02,15894.25,15793.25,True,True,True,True,1.0
2023-02-03,15980.0,15704.5,True,True,True,True,1.0
2023-02-06,15738.25,15619.5,True,True,True,False,1.0
2023-02-07,15700.25,15623.0,True,True,True,True,1.0
2023-02-08,15898.0,15801.25,True,True,True,False,-1.0
2023-02-09,15874.5,15764.0,True,True,True,False,-1.0
2023-02-10,15568.0,15430.5,True,True,True,False,1.0
2023-02-13,15619.0,15498.0,True,True,True,True,1.0
2023-02-14,15819.5,15536.5,True,False,False,False,1.0
2023-02-15,15777.5,15670.25,True,True,True,True,1.0
2023-02-16,15768.25,15642.5,True,True,True,True,-1.0
2023-02-17,15569.75,15442.25,True,True,True,False,1.0
2023-02-20,15541.75,15517.25,True,True,True,False,-1.0
2023-02-21,15436.0,15327.75,True,True,True,False,-1.0
2023-02-22,15320.5,15186.0,True,True,True,False,-1.0
2023-02-23,15405.75,15310.75,True,True,True,False,-1.0
2023-02-24,15189.0,15080.0,True,True,True,False,1.0
2023-02-27,15335.5,15252.25,True,True,True,False,-1.0
2023-02-28,15270.0,15187.5,True,True,True,True,1.0
2023-03-01,15225.5,15099.0,True,True,True,False,-1.0
2023-03-02,15077.25,14992.25,True,True,True,True,1.0
2023-03-03,15371.5,15257.5,True,True,True,True,1.0
2023-03-06,15588.25,15493.25,True,True,True,True,-1.0
2023-03-07,15508.75,15326.25,True,True,True,False,-1.0
2023-03-08,15362.0,15254.25,True,True,True,True,1.0
2023-03-09,15499.5,15376.0,True,True,True,False,-1.0
2023-03-10,15173.5,15011.0,True,True,True,True,-1.0
2023-03-13,15083.5,14837.75,True,True,True,True,1.0
2023-03-14,15325.25,15216.5,True,True,True,True,1.0
2023-03-15,15292.0,15198.0,True,True,True,False,1.0
2023-03-16,15450.75,15329.75,True,True,True,True,1.0
2023-03-17,15827.0,15685.5,True,True,True,False,-1.0
2023-03-20,15648.75,15545.25,True,True,True,True,1.0
2023-03-21,15853.0,15749.75,True,True,True,False,1.0
2023-03-22,15954.75,15867.0,True,True,True,True,-1.0
2023-03-23,15974.25,15863.0,True,True,True,True,-1.0
2023-03-24,15860.5,15752.0,True,True,True,False,1.0
2023-03-27,15981.0,15896.5,True,True,True,False,-1.0
2023-03-28,15793.0,15688.75,True,True,True,False,-1.0
2023-03-29,15948.5,15896.75,True,True,True,False,1.0
2023-03-30,16119.25,16044.0,True,True,True,True,1.0
2023-03-31,16178.5,16096.0,True,True,True,True,1.0
2023-04-03,16284.0,16214.0,True,True,True,False,1.0
2023-04-04,16342.5,16245.75,True,True,True,False,-1.0
2023-04-05,16197.75,16103.75,True,True,True,False,-1.0
2023-04-06,16069.75,15969.0,True,True,True,True,1.0
2023-04-10,16066.0,15983.25,True,True,True,True,1.0
2023-04-11,16176.25,16084.25,True,True,True,False,-1.0
2023-04-12,16196.25,16049.25,True,True,True,False,-1.0
2023-04-13,16154.0,16035.5,True,True,True,True,1.0
2023-04-14,16270.75,16148.25,True,True,True,False,1.0
2023-04-17,16221.75,16154.0,True,True,True,False,1.0
2023-04-18,16313.5,16182.75,True,True,True,False,-1.0
2023-04-19,16148.5,16096.25,True,True,True,True,1.0
2023-04-20,16167.5,16062.0,True,True,True,True,1.0
2023-04-21,16097.5,15998.25,True,True,True,True,1.0
2023-04-24,16149.75,16069.75,True,True,True,False,-1.0
2023-04-25,16031.25,15952.75,True,True,True,False,-1.0
2023-04-26,15983.25,15912.25,True,True,True,True,-1.0
2023-04-27,16107.75,16029.25,True,True,True,True,1.0
2023-04-28,16308.0,16188.0,True,True,True,True,1.0
2023-05-01,16344.0,16295.25,True,True,True,False,1.0
2023-05-02,16329.0,16213.5,True,True,True,False,-1.0
2023-05-03,16257.75,16203.5,True,True,True,False,-1.0
2023-05-04,16101.75,16020.75,True,True,True,False,-1.0
2023-05-05,16257.75,16140.0,True,True,True,True,1.0
2023-05-08,16326.0,16277.0,True,True,True,False,1.0
2023-05-09,16333.25,16290.25,True,True,True,False,-1.0
2023-05-10,16449.5,16337.0,True,True,True,False,1.0
2023-05-11,16449.0,16388.0,True,True,True,False,1.0
2023-05-12,16503.0,16418.0,True,True,True,False,-1.0
2023-05-15,16444.0,16367.25,True,True,True,True,1.0
2023-05-16,16531.5,16450.25,True,True,True,True,1.0
2023-05-17,16555.75,16491.25,True,True,True,True,1.0
2023-05-18,16791.5,16668.5,True,True,True,True,1.0
2023-05-19,16944.75,16877.5,True,True,True,False,-1.0
2023-05-22,16962.5,16862.75,True,False,False,False,1.0
2023-05-23,16893.75,16838.0,True,True,True,False,-1.0
2023-05-24,16690.75,16601.75,True,True,True,False,1.0
2023-05-25,16981.5,16867.0,True,True,True,True,1.0
2023-05-26,17220.75,17030.5,True,True,True,True,1.0
2023-05-29,17400.25,17383.75,True,True,True,True,1.0
2023-05-30,17575.25,17415.75,True,True,True,False,-1.0
2023-05-31,17428.0,17290.0,True,True,True,False,-1.0
2023-06-01,17357.75,17267.75,True,True,True,True,1.0
2023-06-02,17643.5,17484.0,True,False,False,False,1.0
2023-06-05,17668.0,17583.5,True,True,True,True,1.0
2023-06-06,17597.5,17520.25,True,True,True,True,1.0
2023-06-07,17690.75,17547.0,True,True,True,False,-1.0
2023-06-08,17439.0,17343.75,True,True,True,True,1.0
2023-06-09,17703.25,17572.75,True,True,True,False,-1.0
2023-06-12,17658.5,17603.25,True,True,True,True,1.0
2023-06-13,17969.25,17802.25,True,False,False,False,-1.0
2023-06-14,18011.0,17891.75,True,True,True,True,1.0
2023-06-15,18109.5,17953.75,True,True,True,True,1.0
2023-06-16,18314.75,18172.25,True,True,True,False,-1.0
2023-06-19,18092.25,18069.75,True,False,False,False,-1.0
2023-06-20,18150.0,17969.75,True,True,True,False,1.0
2023-06-21,18058.5,17915.25,True,True,True,False,-1.0
2023-06-22,17988.25,17803.25,True,True,True,True,1.0
2023-06-23,17927.0,17824.5,True,True,True,True,1.0
2023-06-26,17991.75,17863.75,True,True,True,False,-1.0
2023-06-27,17818.25,17727.25,True,True,True,True,1.0
2023-06-28,17984.0,17864.75,True,True,True,True,1.0
2023-06-29,17984.0,17874.5,True,True,True,False,-1.0
2023-06-30,18216.0,18077.75,True,False,False,False,1.0
2023-07-03,18229.25,18176.5,True,True,True,False,1.0
2023-07-04,18207.75,18188.25,True,True,True,False,-1.0
2023-07-05,18262.75,18131.75,True,True,True,True,1.0
2023-07-06,18053.5,17950.75,True,True,True,True,1.0
2023-07-07,18117.25,18028.0,True,True,True,False,-1.0
2023-07-10,18054.0,17924.75,True,True,True,False,1.0
2023-07-11,18072.75,17948.75,True,True,True,True,1.0
2023-07-12,18347.0,18247.75,True,True,True,False,1.0
2023-07-13,18460.75,18391.5,True,True,True,True,1.0
2023-07-14,18696.5,18560.75,True,True,True,False,-1.0
2023-07-17,18620.75,18548.0,True,True,True,True,1.0
2023-07-18,18655.25,18572.25,True,True,True,True,1.0
2023-07-19,18876.25,18810.25,True,True,True,True,-1.0
2023-07-20,18734.25,18584.5,True,True,True,False,-1.0
2023-07-21,18558.5,18389.75,True,True,True,False,-1.0
2023-07-24,18458.0,18323.0,True,False,False,False,-1.0
2023-07-25,18511.5,18427.0,True,True,True,True,1.0
2023-07-26,18478.5,18405.25,True,True,True,False,-1.0
2023-07-27,18743.25,18609.75,True,True,True,False,-1.0
2023-07-28,18668.5,18555.0,True,True,True,True,1.0
2023-07-31,18744.25,18644.5,True,True,True,False,1.0
2023-08-01,18654.5,18567.5,True,True,True,True,1.0
2023-08-02,18508.0,18363.75,True,True,True,False,-1.0
2023-08-03,18306.0,18190.5,True,True,True,True,1.0
2023-08-04,18422.75,18232.0,True,True,True,True,-1.0
2023-08-07,18312.5,18196.25,True,True,True,False,1.0
2023-08-08,18218.75,18083.25,True,True,True,False,-1.0
2023-08-09,18207.75,18096.5,True,True,True,False,-1.0
2023-08-10,18281.5,18112.5,True,True,True,False,-1.0
2023-08-11,18013.5,17891.25,True,True,True,False,1.0
2023-08-14,18012.25,17874.25,True,True,True,True,1.0
2023-08-15,18098.5,17952.25,True,True,True,False,-1.0
2023-08-16,17983.25,17890.25,True,True,True,False,-1.0
2023-08-17,17846.75,17721.25,True,True,True,False,-1.0
2023-08-18,17536.25,17448.5,True,True,True,True,1.0
2023-08-21,17771.75,17644.75,True,True,True,False,1.0
2023-08-22,17931.5,17837.0,True,True,True,False,-1.0
2023-08-23,17984.25,17838.75,True,True,True,True,1.0
2023-08-24,18179.0,17911.0,True,True,True,False,-1.0
2023-08-25,17888.0,17709.25,True,True,True,False,1.0
2023-08-28,17965.75,17843.75,True,True,True,False,-1.0
2023-08-29,18136.75,17902.0,True,True,True,True,1.0
2023-08-30,18346.5,18214.25,True,True,True,True,1.0
2023-08-31,18433.5,18328.0,True,True,True,True,1.0
2023-09-01,18492.0,18338.0,True,True,True,False,-1.0
2023-09-04,18418.0,18387.75,True,True,True,False,-1.0
2023-09-05,18362.75,18282.0,True,True,True,True,1.0
2023-09-06,18353.5,18224.75,True,True,True,False,-1.0
2023-09-07,18080.25,17996.75,True,True,True,True,1.0
2023-09-08,18230.0,18109.25,True,True,True,False,1.0
2023-09-11,18288.75,18179.25,True,True,True,True,1.0
2023-09-12,18300.75,18222.25,True,True,True,False,-1.0
2023-09-13,18203.5,18096.25,True,True,True,True,1.0
2023-09-14,18280.75,18173.0,True,True,True,True,1.0
2023-09-15,18269.5,18111.25,True,True,True,False,-1.0
2023-09-18,18081.5,17985.0,True,True,True,True,1.0
2023-09-19,18015.25,17915.0,True,True,True,False,1.0
2023-09-20,18077.25,18003.0,True,True,True,False,-1.0
2023-09-21,17662.25,17561.0,True,True,True,False,-1.0
2023-09-22,17606.0,17530.0,True,True,True,True,-1.0
2023-09-25,17538.5,17424.5,True,True,True,True,1.0
2023-09-26,17488.25,17366.5,True,True,True,False,-1.0
2023-09-27,17448.0,17348.0,True,True,True,False,-1.0
2023-09-28,17415.25,17300.0,True,True,True,True,1.0
2023-09-29,17702.75,17612.0,True,True,True,False,-1.0
2023-10-02,17634.25,17489.75,True,True,True,True,1.0
2023-10-03,17616.75,17412.75,True,True,True,False,-1.0
2023-10-04,17476.5,17376.5,True,True,True,True,1.0
2023-10-05,17568.5,17405.5,True,True,True,False,-1.0
2023-10-06,17486.75,17344.25,True,True,True,True,1.0
2023-10-09,17708.75,17591.5,True,True,True,True,1.0
2023-10-10,17937.0,17822.0,True,True,True,True,1.0
2023-10-11,18029.25,17942.75,True,True,True,False,1.0
2023-10-12,18103.0,18008.0,True,True,True,True,-1.0
2023-10-13,18008.75,17908.25,True,True,True,False,-1.0
2023-10-16,17942.5,17810.75,True,True,True,True,1.0
2023-10-17,17846.25,17692.25,True,True,True,True,1.0
2023-10-18,17865.75,17763.75,True,True,True,False,-1.0
2023-10-19,17751.0,17645.0,True,True,True,False,-1.0
2023-10-20,17528.0,17402.25,True,True,True,False,-1.0
2023-10-23,17329.75,17156.25,True,True,True,True,1.0
2023-10-24,17491.5,17400.5,True,True,True,True,1.0
2023-10-25,17391.25,17238.75,True,True,True,False,-1.0
2023-10-26,17101.0,16911.75,True,True,True,False,-1.0
2023-10-27,17011.5,16933.0,True,True,True,False,-1.0
2023-10-30,17118.5,16972.75,True,True,True,False,1.0
2023-10-31,17070.75,16953.25,True,True,True,True,1.0
2023-11-01,17280.5,17157.25,True,True,True,True,1.0
2023-11-02,17594.5,17511.5,True,True,True,True,1.0
2023-11-03,17805.25,17682.5,True,True,True,True,1.0
2023-11-06,17899.5,17827.0,True,True,True,False,1.0
2023-11-07,17986.25,17866.0,True,True,True,True,1.0
2023-11-08,18059.5,17981.75,True,True,True,False,-1.0
2023-11-09,18074.75,17994.5,True,True,True,False,-1.0
2023-11-10,18032.75,17947.5,True,True,True,True,1.0
2023-11-13,18181.0,18107.25,True,True,True,True,1.0
2023-11-14,18529.5,18432.25,True,True,True,True,1.0
2023-11-15,18615.5,18548.0,True,True,True,True,-1.0
2023-11-16,18547.75,18467.25,True,True,True,False,1.0
2023-11-17,18522.75,18469.0,True,True,True,False,1.0
2023-11-20,18644.25,18536.75,True,True,True,True,1.0
2023-11-21,18662.75,18564.0,True,True,True,False,-1.0
2023-11-22,18815.5,18647.5,True,False,False,False,-1.0
2023-11-23,18711.25,18693.5,True,True,True,True,-1.0
2023-11-24,18695.5,18632.5,True,True,True,False,-1.0
2023-11-27,18692.25,18612.25,True,True,True,True,1.0
2023-11-28,18649.5,18600.5,True,True,True,True,1.0
2023-11-29,18850.5,18727.0,True,True,True,False,-1.0
2023-11-30,18693.5,18560.75,True,True,True,False,-1.0
2023-12-01,18605.5,18515.5,True,True,True,False,1.0
2023-12-04,18518.5,18388.75,True,True,True,False,1.0
2023-12-05,18578.75,18425.25,True,True,True,True,1.0
2023-12-06,18679.75,18517.75,True,True,True,False,-1.0
2023-12-07,18639.0,18529.5,True,True,True,True,1.0
2023-12-08,18755.5,18589.25,True,True,True,True,1.0
2023-12-11,18819.75,18713.75,True,True,True,True,1.0
2023-12-12,18922.5,18828.75,True,True,True,True,1.0
2023-12-13,19089.5,19029.5,True,True,True,False,1.0
2023-12-14,19309.5,19218.25,True,True,True,False,-1.0
2023-12-15,19298.25,19212.25,True,True,True,True,1.0
2023-12-18,19337.75,19264.75,True,True,True,True,1.0
2023-12-19,19430.0,19376.75,True,True,True,True,1.0
2023-12-20,19486.75,19403.25,True,True,True,True,-1.0
2023-12-21,19391.0,19275.5,True,True,True,False,1.0
2023-12-22,19473.75,19421.5,True,True,True,False,-1.0
2023-12-26,19489.25,19437.75,True,True,True,True,1.0
2023-12-27,19557.0,19487.75,True,True,True,True,1.0
2023-12-28,19591.25,19535.0,True,True,True,False,-1.0
2023-12-29,19539.75,19506.0,True,True,True,False,-1.0
2024-01-02,19305.75,19149.0,True,True,True,False,-1.0
2024-01-03,19085.75,18988.75,True,True,True,False,-1.0
2024-01-04,18965.5,18875.5,True,True,True,True,-1.0
2024-01-05,18987.5,18869.75,True,True,True,True,1.0
2024-01-08,19076.75,18937.75,True,True,True,True,1.0
2024-01-09,19179.25,19092.75,True,True,True,True,1.0
2024-01-10,19306.25,19233.75,True,True,True,True,1.0
2024-01-11,19475.75,19256.75,True,True,True,False,-1.0
2024-01-12,19474.75,19367.5,True,True,True,False,-1.0
2024-01-15,19398.5,19368.5,True,True,True,True,1.0
2024-01-16,19436.0,19287.25,True,True,True,True,1.0
2024-01-17,19275.25,19121.5,True,True,True,True,1.0
2024-01-18,19486.5,19418.5,True,True,True,True,1.0
2024-01-19,19665.0,19598.5,True,True,True,True,1.0
2024-01-22,20017.25,19915.5,True,True,True,False,-1.0
2024-01-23,19920.25,19841.75,True,True,True,True,1.0
2024-01-24,20151.25,20069.75,True,True,True,True,-1.0
2024-01-25,20167.0,20081.5,True,True,True,True,-1.0
2024-01-26,20014.25,19936.25,True,True,True,True,-1.0
2024-01-29,20015.75,19958.25,True,True,True,False,1.0
2024-01-30,20117.0,20048.75,True,True,True,False,-1.0
2024-01-31,19858.75,19750.25,True,True,True,False,-1.0
2024-02-01,19801.5,19702.25,True,True,True,True,1.0
2024-02-02,20056.25,19897.75,True,True,True,True,1.0
2024-02-05,20169.5,20033.0,True,True,True,False,-1.0
2024-02-06,20200.0,20030.5,True,True,True,False,-1.0
2024-02-07,20300.0,20151.0,True,True,True,True,1.0
2024-02-08,20298.25,20240.25,True,True,True,True,1.0
2024-02-09,20402.0,20307.25,True,True,True,True,1.0
2024-02-12,20483.25,20439.5,True,True,True,True,-1.0
2024-02-13,20175.0,20019.0,True,True,True,True,1.0
2024-02-14,20279.25,20175.25,True,True,True,False,1.0
2024-02-15,20335.5,20229.25,True,True,True,False,1.0
2024-02-16,20362.25,20149.25,True,False,False,False,-1.0
2024-02-19,20239.75,20208.5,True,True,True,False,-1.0
2024-02-20,20156.25,19935.75,True,True,True,False,-1.0
2024-02-21,19957.75,19880.5,True,True,True,False,1.0
2024-02-22,20402.5,20296.25,True,True,True,True,1.0
2024-02-23,20577.0,20476.0,True,True,True,False,-1.0
2024-02-26,20483.0,20398.25,True,True,True,True,-1.0
2024-02-27,20464.75,20373.25,True,True,True,False,-1.0
2024-02-28,20378.75,20308.25,True,True,True,True,-1.0
2024-02-29,20504.75,20413.25,True,True,True,False,1.0
2024-03-01,20629.0,20526.0,True,True,True,True,1.0
2024-03-04,20767.0,20712.5,True,True,True,False,-1.0
2024-03-05,20567.5,20384.5,True,True,True,False,-1.0
2024-03-06,20558.75,20395.75,True,True,True,True,-1.0
2024-03-07,20671.0,20551.0,True,True,True,True,1.0
2024-03-08,20867.0,20720.25,True,True,True,True,-1.0
2024-03-11,20433.25,20322.75,True,True,True,True,-1.0
2024-03-12,20552.0,20358.75,True,True,True,True,1.0
2024-03-13,20614.5,20487.5,True,True,True,False,-1.0
2024-03-14,20582.75,20388.0,True,True,True,False,-1.0
2024-03-15,20359.25,20213.75,True,True,True,False,-1.0
2024-03-18,20565.75,20462.25,True,True,True,False,-1.0
2024-03-19,20337.25,20238.0,True,True,True,True,1.0
2024-03-20,20519.25,20430.5,True,True,True,False,1.0
2024-03-21,20893.75,20810.75,True,True,True,False,-1.0
2024-03-22,20749.75,20684.75,True,True,True,True,1.0
2024-03-25,20726.75,20599.5,True,True,True,True,1.0
2024-03-26,20793.25,20732.75,True,True,True,False,-1.0
2024-03-27,20756.5,20563.25,True,False,False,False,-1.0
2024-03-28,20723.5,20642.0,True,True,True,False,-1.0
2024-04-01,20791.75,20667.25,True,True,True,False,-1.0
2024-04-02,20476.75,20386.25,True,True,True,True,1.0
2024-04-03,20603.25,20424.25,True,True,True,True,1.0
2024-04-04,20752.75,20671.5,True,True,True,False,-1.0
2024-04-05,20437.25,20287.25,True,True,True,True,1.0
2024-04-08,20526.0,20422.25,True,True,True,True,-1.0
2024-04-09,20589.75,20455.25,True,True,True,False,-1.0
2024-04-10,20392.75,20292.5,True,True,True,True,1.0
2024-04-11,20458.75,20354.25,True,True,True,True,1.0
2024-04-12,20528.0,20443.5,True,True,True,False,-1.0
2024-04-15,20523.75,20375.75,True,True,True,False,-1.0
2024-04-16,20116.25,20006.75,True,True,True,True,1.0
2024-04-17,20144.25,19993.0,True,True,True,False,-1.0
2024-04-18,19863.5,19736.75,True,True,True,True,-1.0
2024-04-19,19701.75,19525.75,True,True,True,False,-1.0
2024-04-22,19516.25,19367.0,True,True,True,False,1.0
2024-04-23,19755.5,19598.5,True,True,True,True,1.0
2024-04-24,19980.25,19896.25,True,True,True,False,-1.0
2024-04-25,19631.75,19493.0,True,True,True,True,1.0
2024-04-26,20025.25,19853.0,True,True,True,True,1.0
2024-04-29,20133.75,20014.75,True,True,True,False,-1.0
2024-04-30,20080.0,20008.75,True,True,True,False,-1.0
2024-05-01,19702.25,19610.5,True,True,True,False,-1.0
2024-05-02,19787.25,19571.0,True,True,True,True,1.0
2024-05-03,20235.0,20078.5,True,False,False,False,1.0
2024-05-06,20301.75,20227.5,True,True,True,True,1.0
2024-05-07,20420.75,20366.5,True,True,True,True,-1.0
2024-05-08,20395.75,20263.25,True,True,True,True,1.0
2024-05-09,20388.75,20293.5,True,True,True,True,1.0
2024-05-10,20532.75,20410.25,True,True,True,False,-1.0
2024-05-13,20521.0,20437.0,True,True,True,False,-1.0
2024-05-14,20555.5,20450.25,True,True,True,True,1.0
2024-05-15,20727.25,20631.5,True,True,True,True,1.0
2024-05-16,20907.75,20856.75,True,True,True,True,-1.0
2024-05-17,20852.25,20805.25,True,True,True,True,-1.0
2024-05-20,20943.25,20820.0,True,True,True,True,1.0
2024-05-21,20916.25,20862.75,True,True,True,True,1.0
2024-05-22,21017.5,20973.5,True,True,True,True,-1.0
2024-05-23,21167.25,21022.75,True,True,True,False,-1.0
2024-05-24,21022.75,20917.25,True,True,True,True,1.0
2024-05-27,21095.75,21060.75,True,True,True,True,1.0
2024-05-28,21121.25,21023.75,True,True,True,True,1.0
2024-05-29,21052.5,20945.75,True,True,True,True,1.0
2024-05-30,20954.25,20869.0,True,True,True,False,-1.0
2024-05-31,20816.25,20599.75,True,True,True,False,-1.0
2024-06-03,20940.25,20830.25,True,True,True,False,-1.0
2024-06-04,20848.75,20752.5,True,True,True,True,1.0
2024-06-05,21078.75,20984.75,True,True,True,True,1.0
2024-06-06,21300.5,21217.0,True,True,True,False,-1.0
2024-06-07,21249.75,21177.25,True,True,True,True,1.0
2024-06-10,21222.25,21162.5,True,True,True,True,1.0
2024-06-11,21276.0,21179.25,True,True,True,True,1.0
2024-06-12,21728.75,21559.5,True,True,True,True,1.0
2024-06-13,21848.25,21719.5,True,True,True,False,-1.0
2024-06-14,21833.25,21742.0,True,True,True,True,1.0
2024-06-17,21908.0,21828.0,True,True,True,True,1.0
2024-06-18,22143.0,22088.25,True,True,True,False,1.0
2024-06-19,22176.5,22159.25,True,True,True,False,-1.0
2024-06-20,22187.25,22042.5,True,True,True,False,-1.0
2024-06-21,21952.0,21838.25,True,True,True,True,-1.0
2024-06-24,21919.5,21790.75,True,True,True,False,-1.0
2024-06-25,21822.0,21716.25,True,True,True,True,1.0
2024-06-26,21948.0,21843.25,True,True,True,False,1.0
2024-06-27,22040.75,21913.75,True,True,True,False,1.0
2024-06-28,22197.25,21963.25,True,True,True,False,-1.0
2024-07-01,21909.75,21735.75,True,True,True,True,1.0
2024-07-02,22022.0,21900.75,True,True,True,True,1.0
2024-07-03,22224.0,22140.0,True,True,True,True,1.0
2024-07-04,22330.25,22296.0,True,True,True,False,-1.0
2024-07-05,22468.25,22352.25,True,True,True,True,1.0
2024-07-08,22577.5,22520.75,True,True,True,False,1.0
2024-07-09,22695.75,22617.25,True,True,True,False,-1.0
2024-07-10,22720.5,22645.5,True,True,True,False,1.0
2024-07-11,22826.25,22581.0,True,True,True,False,-1.0
2024-07-12,22511.0,22349.25,True,True,True,True,1.0
2024-07-15,22611.5,22505.75,True,True,True,True,-1.0
2024-07-16,22608.5,22409.5,True,True,True,False,-1.0
2024-07-17,22205.5,22021.75,True,True,True,False,-1.0
2024-07-18,22073.25,21943.75,True,True,True,False,-1.0
2024-07-19,21900.5,21722.75,True,True,True,False,-1.0
2024-07-22,21950.75,21806.75,True,True,True,False,1.0
2024-07-23,21971.75,21857.5,True,True,True,False,-1.0
2024-07-24,21577.75,21390.25,True,True,True,False,-1.0
2024-07-25,21150.75,20807.25,True,True,True,True,-1.0
2024-07-26,21116.25,20969.25,True,True,True,False,1.0
2024-07-29,21301.25,21146.0,True,True,True,False,-1.0
2024-07-30,21243.75,21083.0,True,True,True,False,-1.0
2024-07-31,21395.75,21234.75,True,True,True,True,1.0
2024-08-01,21606.0,21369.0,True,True,True,False,-1.0
2024-08-02,20685.0,20309.75,True,False,False,False,-1.0
2024-08-05,20036.5,19433.25,True,True,True,True,1.0
2024-08-06,20153.75,19890.0,True,True,True,True,1.0
2024-08-07,20482.5,20329.75,True,True,True,False,-1.0
2024-08-08,20314.0,19988.25,True,True,True,True,1.0
2024-08-09,20490.5,20328.5,True,True,True,True,1.0
2024-08-12,20652.0,20447.5,True,True,True,True,1.0
2024-08-13,20846.5,20740.25,True,True,True,True,1.0
2024-08-14,21099.5,20890.0,True,True,True,False,-1.0
2024-08-15,21413.75,21260.25,True,True,True,True,1.0
2024-08-16,21515.25,21386.5,True,True,True,True,1.0
2024-08-19,21549.5,21453.0,True,True,True,True,1.0
2024-08-20,21849.0,21727.25,True,True,True,False,-1.0
2024-08-21,21835.25,21737.0,True,True,True,True,1.0
2024-08-22,21949.25,21807.25,True,True,True,False,-1.0
2024-08-23,21828.25,21630.5,True,True,True,False,1.0
2024-08-26,21725.5,21532.5,True,True,True,False,-1.0
2024-08-27,21558.0,21365.5,True,True,True,True,1.0
2024-08-28,21580.5,21437.25,True,True,True,False,-1.0
2024-08-29,21609.0,21402.25,True,True,True,True,-1.0
2024-08-30,21552.75,21438.0,True,True,True,False,1.0
2024-09-02,21569.5,21511.5,True,True,True,True,1.0
2024-09-03,21407.25,21207.0,True,True,True,False,-1.0
2024-09-04,20926.0,20762.25,True,True,True,True,1.0
2024-09-05,21074.5,20809.0,True,True,True,False,1.0
2024-09-06,20891.25,20564.0,True,True,True,False,-1.0
2024-09-09,20644.75,20528.75,True,True,True,False,1.0
2024-09-10,20745.75,20610.75,True,True,True,False,1.0
2024-09-11,20830.5,20567.5,True,True,True,False,1.0
2024-09-12,21274.0,21109.0,True,True,True,True,1.0
2024-09-13,21453.25,21322.25,True,True,True,True,1.0
2024-09-16,21386.5,21250.25,True,True,True,False,-1.0
2024-09-17,21517.75,21398.0,True,True,True,True,-1.0
2024-09-18,21425.5,21336.0,True,True,True,False,-1.0
2024-09-19,21825.0,21653.0,True,True,True,True,1.0
2024-09-20,21771.5,21661.25,True,True,True,False,-1.0
2024-09-23,21809.25,21720.25,True,True,True,True,-1.0
2024-09-24,21843.0,21653.0,True,True,True,False,1.0
2024-09-25,21960.0,21827.0,True,True,True,False,1.0
2024-09-26,22206.5,22027.25,True,True,True,False,-1.0
2024-09-27,22072.0,21974.25,True,True,True,False,-1.0
2024-09-30,21951.5,21816.5,True,True,True,False,1.0
2024-10-01,21955.0,21571.0,True,True,True,False,-1.0
2024-10-02,21703.75,21522.5,True,True,True,True,1.0
2024-10-03,21802.75,21583.75,True,True,True,False,1.0
2024-10-04,21928.0,21702.25,True,True,True,True,-1.0
2024-10-07,21870.75,21777.5,True,True,True,True,-1.0
2024-10-08,21891.5,21758.75,True,True,True,True,1.0
2024-10-09,22043.75,21927.5,True,True,True,True,1.0
2024-10-10,22104.75,21990.5,True,True,True,True,1.0
2024-10-11,22170.25,22003.75,True,True,True,True,1.0
2024-10-14,22369.0,22230.0,True,True,True,False,1.0
2024-10-15,22348.25,22199.25,True,True,True,False,-1.0
2024-10-16,22046.25,21895.25,True,True,True,True,-1.0
2024-10-17,22265.0,22055.5,True,True,True,False,-1.0
2024-10-18,22212.25,22122.0,True,True,True,True,1.0
2024-10-21,22243.5,22111.75,True,True,True,False,1.0
2024-10-22,22209.0,22058.5,True,True,True,True,1.0
2024-10-23,22151.75,22035.0,True,True,True,False,-1.0
2024-10-24,22067.5,21985.25,True,True,True,False,1.0
2024-10-25,22396.25,22179.25,True,True,True,False,1.0
2024-10-28,22315.75,22217.5,True,True,True,False,-1.0
2024-10-29,22292.0,22121.25,True,True,True,True,1.0
2024-10-30,22388.5,22231.75,True,True,True,False,-1.0
2024-10-31,22058.25,21808.0,True,True,True,False,-1.0
2024-11-01,21960.0,21746.5,True,True,True,True,1.0
2024-11-04,21893.25,21702.0,True,True,True,True,-1.0
2024-11-05,22010.25,21836.0,True,True,True,True,1.0
2024-11-06,22494.25,22333.0,True,True,True,True,1.0
2024-11-07,22818.25,22693.0,True,True,True,True,1.0
2024-11-08,22921.25,22850.25,True,True,True,True,1.0
2024-11-11,22981.75,22844.25,True,True,True,False,-1.0
2024-11-12,22940.75,22868.5,True,True,True,False,-1.0
2024-11-13,22873.5,22745.5,True,True,True,True,-1.0
2024-11-14,22863.75,22729.5,True,True,True,False,-1.0
2024-11-15,22462.75,22271.75,True,True,True,False,-1.0
2024-11-18,22342.0,22190.0,True,True,True,True,1.0
2024-11-19,22294.0,22197.0,True,True,True,True,1.0
2024-11-20,22445.0,22166.0,True,True,True,True,-1.0
2024-11-21,22594.75,22212.25,True,True,True,False,-1.0
2024-11-22,22562.0,22411.25,True,True,True,True,1.0
2024-11-25,22770.0,22558.25,True,True,True,False,-1.0
2024-11-26,22713.75,22608.5,True,True,True,False,1.0
2024-11-27,22628.5,22454.5,True,True,True,False,-1.0
2024-11-28,22591.0,22563.0,True,True,True,True,1.0
2024-11-29,22662.5,22494.5,True,True,True,True,1.0
2024-12-02,22885.5,22715.5,True,True,True,True,1.0
2024-12-03,22923.0,22823.25,True,True,True,True,1.0
2024-12-04,23153.25,23077.25,True,True,True,True,1.0
2024-12-05,23240.5,23186.75,True,True,True,False,-1.0
2024-12-06,23334.25,23175.0,True,True,True,True,1.0
2024-12-09,23337.75,23234.0,True,True,True,False,-1.0
2024-12-10,23295.75,23194.5,True,True,True,False,-1.0
2024-12-11,23425.25,23262.0,True,True,True,True,1.0
2024-12-12,23408.25,23313.75,True,True,True,True,-1.0
2024-12-13,23597.0,23479.0,True,True,True,False,1.0
2024-12-16,23693.75,23594.75,True,True,True,True,1.0
2024-12-17,23769.75,23647.25,True,True,True,True,-1.0
2024-12-18,23719.0,23614.25,True,True,True,True,-1.0
2024-12-19,23100.75,22900.0,True,True,True,False,-1.0
2024-12-20,22864.25,22563.5,True,True,True,True,1.0
2024-12-23,23078.5,22879.75,True,True,True,True,1.0
2024-12-24,23344.25,23202.25,True,True,True,True,1.0
2024-12-26,23411.0,23273.25,True,True,True,True,1.0
2024-12-27,23266.0,22915.75,True,True,True,False,-1.0
2024-12-30,22819.0,22656.0,True,True,True,True,1.0
2024-12-31,22891.5,22736.5,True,True,True,False,-1.0
2025-01-02,22847.0,22569.5,True,True,True,False,-1.0
2025-01-03,22843.75,22664.5,True,True,True,True,1.0
2025-01-06,23289.75,23126.5,True,True,True,True,1.0
2025-01-07,23209.0,22928.25,True,True,True,False,-1.0
2025-01-08,22809.25,22634.0,True,True,True,True,1.0
2025-01-10,22600.25,22277.75,True,False,False,False,-1.0
2025-01-13,22258.5,22105.0,True,True,True,True,1.0
2025-01-14,22532.75,22369.25,True,True,True,False,-1.0
2025-01-15,22811.0,22589.75,True,True,True,True,1.0
2025-01-16,22901.0,22739.25,True,True,True,False,-1.0
2025-01-17,23056.75,22884.25,True,True,True,True,-1.0
2025-01-20,23181.75,23080.0,True,True,True,False,-1.0
2025-01-21,23121.25,22928.75,True,True,True,True,1.0
2025-01-22,23440.0,23305.5,True,True,True,True,1.0
2025-01-23,23321.0,23269.0,True,True,True,True,1.0
2025-01-24,23481.25,23390.25,True,True,True,False,-1.0
2025-01-27,22773.25,22512.0,True,True,True,True,1.0
2025-01-28,22884.75,22562.5,True,True,True,True,1.0
2025-01-29,23009.25,22883.5,True,True,True,False,-1.0
2025-01-30,23151.75,22925.0,True,True,True,False,-1.0
2025-01-31,23326.5,23168.0,True,True,True,True,-1.0
2025-02-03,22765.5,22516.25,True,True,True,True,1.0
2025-02-04,23066.5,22808.25,True,True,True,True,1.0
2025-02-05,23016.75,22904.0,True,True,True,True,1.0
2025-02-06,23251.75,23141.25,True,True,True,False,1.0
2025-02-07,23371.0,23089.0,True,True,True,False,-1.0
2025-02-10,23276.5,23147.0,True,True,True,True,1.0
2025-02-11,23248.25,23103.75,True,True,True,True,1.0
2025-02-12,23142.5,22939.25,True,True,True,True,1.0
2025-02-13,23399.5,23237.75,True,True,True,True,1.0
2025-02-14,23563.0,23493.0,True,True,True,True,1.0
2025-02-17,23646.0,23595.5,True,True,True,True,-1.0
2025-02-18,23671.0,23533.25,True,True,True,False,-1.0
2025-02-19,23624.5,23521.0,True,True,True,True,1.0
2025-02-20,23628.5,23354.0,True,False,False,False,-1.0
2025-02-21,23591.0,23395.25,True,True,True,False,-1.0
2025-02-24,23204.75,22839.25,True,True,True,False,-1.0
2025-02-25,22800.5,22431.25,True,True,True,False,-1.0
2025-02-26,22776.0,22592.0,True,True,True,True,-1.0
2025-02-27,22784.0,22299.25,True,True,True,False,-1.0
2025-02-28,22161.5,21863.5,True,True,True,True,1.0
2025-03-03,22524.0,22163.0,True,True,True,False,-1.0
2025-03-04,21833.0,21478.25,True,True,True,True,1.0
2025-03-05,21900.0,21673.25,True,True,True,False,1.0
2025-03-06,21886.75,21631.25,True,True,True,True,-1.0
2025-03-07,21645.0,21426.75,True,True,True,False,1.0
2025-03-10,21307.5,21057.25,True,True,True,False,-1.0
2025-03-11,21017.0,20716.5,True,True,True,False,-1.0
2025-03-12,21180.75,20983.0,True,True,True,False,-1.0
2025-03-13,20980.0,20727.5,True,True,True,False,-1.0
2025-03-14,21023.75,20839.75,True,True,True,True,1.0
2025-03-17,21256.75,21092.25,True,True,True,False,1.0
2025-03-18,21099.75,20834.0,True,True,True,False,-1.0
2025-03-19,21100.25,20905.75,True,True,True,True,1.0
2025-03-20,21286.25,20955.5,True,True,True,True,1.0
2025-03-21,20973.0,20807.0,True,True,True,True,1.0
2025-03-24,21547.0,21428.75,True,True,True,True,1.0
2025-03-25,21654.25,21561.25,True,True,True,True,1.0
2025-03-26,21674.5,21426.5,True,True,True,False,-1.0
2025-03-27,21321.5,21136.75,True,True,True,True,-1.0
2025-03-28,21141.0,20830.75,True,True,True,False,-1.0
2025-03-31,20391.25,20176.25,True,True,True,True,1.0
2025-04-01,20662.0,20460.75,True,True,True,True,1.0
2025-04-02,20820.25,20516.0,True,True,True,True,1.0
2025-04-03,20273.75,20055.75,True,True,True,False,-1.0
2025-04-04,19448.25,19112.25,True,True,True,False,-1.0
2025-04-07,19561.0,17873.0,True,False,False,False,1.0
2025-04-08,19556.75,19258.75,True,True,True,False,-1.0
2025-04-09,18797.0,18401.75,True,True,True,True,1.0
2025-04-10,20071.0,19768.0,True,True,True,False,-1.0
2025-04-11,19847.25,19475.5,True,True,True,False,1.0
2025-04-14,20454.25,20187.25,True,True,True,False,-1.0
2025-04-15,20344.25,20124.0,True,True,True,False,-1.0
2025-04-16,19879.0,19708.75,True,True,True,True,-1.0
2025-04-17,19709.0,19514.75,True,True,True,False,-1.0
2025-04-21,19364.5,19099.25,True,True,True,False,-1.0
2025-04-22,19505.5,19300.0,True,True,True,True,1.0
2025-04-23,20344.0,20116.0,True,True,True,True,-1.0
2025-04-24,20342.0,20046.0,True,True,True,True,1.0
2025-04-25,20605.25,20435.25,True,True,True,False,1.0
2025-04-28,20822.5,20632.75,True,True,True,False,-1.0
2025-04-29,20800.75,20603.25,True,True,True,True,1.0
2025-04-30,20514.5,20303.25,True,True,True,True,1.0
2025-05-01,21205.0,21059.5,True,True,True,True,-1.0
2025-05-02,21379.75,21219.25,True,True,True,True,1.0
2025-05-05,21310.5,21184.75,True,True,True,True,1.0
2025-05-06,21109.0,20938.5,True,True,True,True,1.0
2025-05-07,21176.5,21057.0,True,True,True,True,1.0
2025-05-08,21373.5,21224.5,True,True,True,False,-1.0
2025-05-09,21479.25,21311.25,True,True,True,False,-1.0
2025-05-12,22121.75,21923.0,True,True,True,False,1.0
2025-05-13,22446.0,22172.25,True,True,True,True,1.0
2025-05-14,22604.75,22473.25,True,True,True,True,1.0
2025-05-15,22546.0,22447.25,True,True,True,True,1.0
2025-05-16,22669.5,22587.75,True,True,True,False,1.0
2025-05-19,22662.0,22401.75,True,True,True,True,1.0
2025-05-20,22639.25,22554.25,True,True,True,True,1.0
2025-05-21,22640.75,22476.5,True,True,True,True,-1.0
2025-05-22,22530.0,22313.25,True,True,True,True,1.0
2025-05-23,22193.75,22022.0,True,True,True,True,1.0
2025-05-26,22507.25,22458.25,True,True,True,False,1.0
2025-05-27,22583.0,22392.25,True,True,True,True,1.0
2025-05-28,22767.0,22637.75,True,True,True,False,-1.0
2025-05-29,22879.25,22580.0,True,True,True,False,-1.0
2025-05-30,22592.25,22434.25,True,True,True,True,-1.0
2025-06-02,22657.5,22434.25,True,True,True,True,1.0
2025-06-03,22838.0,22709.25,True,True,True,True,1.0
2025-06-04,22992.75,22840.5,True,True,True,True,1.0
2025-06-05,23040.0,22891.0,True,True,True,True,-1.0
2025-06-06,23063.75,22962.25,True,True,True,True,-1.0
2025-06-09,23065.75,22950.25,True,True,True,True,1.0
2025-06-10,23092.75,23017.5,True,True,True,False,1.0
2025-06-11,23242.75,23115.25,True,True,True,True,-1.0
2025-06-12,23130.0,23018.0,True,True,True,True,1.0
2025-06-13,22994.25,22816.5,True,True,True,True,-1.0
2025-06-16,23186.5,22999.0,True,True,True,True,1.0
2025-06-17,23118.5,23011.0,True,True,True,True,-1.0
2025-06-18,23068.0,22911.25,True,True,True,True,-1.0
2025-06-19,22771.75,22635.25,True,False,False,False,-1.0
2025-06-20,23115.5,22873.5,True,True,True,False,-1.0
2025-06-23,22997.25,22743.5,True,True,True,True,1.0
2025-06-24,23318.5,23245.0,True,True,True,True,1.0
2025-06-25,23533.25,23448.75,True,True,True,False,-1.0
2025-06-26,23560.0,23461.0,True,True,True,True,1.0
2025-06-27,23810.5,23670.25,True,True,True,False,1.0
2025-06-30,23860.5,23779.25,True,True,True,False,1.0
2025-07-01,23833.25,23733.75,True,True,True,False,-1.0
2025-07-02,23783.25,23636.25,True,True,True,True,1.0
2025-07-03,24051.0,23915.25,True,True,True,True,1.0
2025-07-04,23920.0,23873.0,True,True,True,True,-1.0
2025-07-07,23962.5,23885.5,True,True,True,False,-1.0
2025-07-08,23928.5,23834.0,True,True,True,False,-1.0
2025-07-09,24097.0,23963.0,True,True,True,False,1.0
2025-07-10,24075.0,23886.25,True,False,False,False,-1.0
2025-07-11,23989.5,23848.0,True,True,True,True,1.0
2025-07-14,23974.25,23827.25,True,True,True,True,1.0
2025-07-15,24207.75,24105.5,True,True,True,False,-1.0
2025-07-16,24074.5,23933.75,True,True,True,False,1.0
2025-07-17,24160.25,24050.75,True,True,True,True,1.0
2025-07-18,24295.0,24171.75,True,True,True,False,-1.0
2025-07-21,24404.25,24240.25,True,True,True,True,1.0
2025-07-22,24334.75,24093.0,True,False,False,False,-1.0
2025-07-23,24248.75,24131.75,True,True,True,True,1.0
2025-07-24,24386.0,24283.25,True,True,True,True,1.0
2025-07-25,24401.0,24315.75,True,True,True,True,1.0
2025-07-28,24514.0,24449.75,True,True,True,False,1.0
2025-07-29,24637.5,24523.75,True,True,True,False,-1.0
2025-07-30,24511.25,24435.75,True,True,True,True,-1.0
2025-07-31,24737.0,24594.25,True,True,True,False,-1.0
2025-08-01,24080.75,23785.0,True,True,True,False,-1.0
2025-08-04,24249.25,24073.75,True,True,True,True,1.0
2025-08-05,24382.25,24246.75,True,True,True,False,-1.0
2025-08-06,24270.0,24133.5,True,True,True,True,1.0
2025-08-07,24656.0,24527.5,True,True,True,False,-1.0
2025-08-08,24668.5,24515.0,True,True,True,True,1.0
2025-08-11,24752.5,24665.75,True,True,True,True,-1.0
2025-08-12,24793.25,24607.0,True,True,True,True,1.0
2025-08-13,25053.5,24932.0,True,True,True,False,-1.0
2025-08-14,24945.25,24826.25,True,True,True,True,1.0
2025-08-15,24896.0,24755.25,True,True,True,False,-1.0
2025-08-18,24809.25,24720.0,True,True,True,False,1.0
2025-08-19,24755.5,24608.0,True,True,True,False,-1.0
2025-08-20,24417.0,24048.5,True,True,True,False,-1.0
2025-08-21,24333.25,24141.0,True,True,True,False,-1.0
2025-08-22,24618.0,24190.5,True,True,True,True,1.0
2025-08-25,24546.0,24428.25,True,True,True,True,-1.0
2025-08-26,24533.0,24412.0,True,True,True,True,1.0
2025-08-27,24591.5,24472.5,True,True,True,True,1.0
2025-08-28,24727.25,24557.5,True,True,True,True,1.0
2025-08-29,24653.0,24413.0,True,True,True,False,-1.0
2025-09-01,24479.75,24426.75,True,True,True,True,1.0
2025-09-02,24265.0,24010.25,True,True,True,True,1.0
2025-09-03,24457.25,24355.0,True,True,True,True,1.0
2025-09-04,24533.25,24395.0,True,True,True,True,1.0
2025-09-05,24887.0,24613.5,True,True,True,False,-1.0
2025-09-08,24861.25,24756.75,True,True,True,True,1.0
2025-09-09,24842.75,24766.25,True,True,True,False,1.0
2025-09-10,24985.5,24885.25,True,True,True,False,-1.0
2025-09-11,24989.0,24894.75,True,True,True,True,1.0
2025-09-12,25061.25,24986.5,True,True,True,True,1.0
2025-09-15,25255.5,25160.25,True,True,True,True,1.0
2025-09-16,25348.0,25268.25,True,True,True,False,-1.0
2025-09-17,25288.25,25183.5,True,True,True,False,-1.0
2025-09-18,25536.0,25346.25,True,True,True,True,1.0
2025-09-19,25565.0,25485.0,True,True,True,False,1.0
2025-09-22,25653.5,25561.75,True,True,True,True,1.0
2025-09-23,25757.25,25677.0,True,True,True,False,-1.0
2025-09-24,25646.75,25532.0,True,True,True,False,-1.0
2025-09-25,25389.25,25170.0,True,True,True,True,1.0
2025-09-26,25480.75,25267.5,True,True,True,True,1.0
2025-09-29,25723.0,25595.75,True,True,True,False,-1.0
2025-09-30,25578.5,25469.75,True,True,True,True,1.0
2025-10-01,25640.5,25473.5,True,True,True,True,1.0
2025-10-02,25916.5,25761.5,True,True,True,False,-1.0
2025-10-03,25915.5,25798.5,True,True,True,False,-1.0
2025-10-06,25969.25,25864.25,True,True,True,False,-1.0
2025-10-07,26012.25,25955.0,True,True,True,False,-1.0
2025-10-08,25978.5,25821.5,True,True,True,True,1.0
2025-10-09,26082.25,25991.75,True,True,True,False,-1.0
2025-10-10,26135.5,26041.0,True,True,True,False,-1.0
2025-10-13,25661.0,25472.0,True,True,True,True,1.0
2025-10-14,25472.5,25168.5,True,True,True,True,1.0
2025-10-15,25860.75,25644.5,True,True,True,True,-1.0
2025-10-16,25873.0,25761.25,True,True,True,True,-1.0
2025-10-17,25708.25,25420.0,True,True,True,True,1.0
2025-10-20,26031.0,25862.25,True,True,True,True,1.0
2025-10-21,26052.0,25952.75,True,True,True,False,-1.0
2025-10-22,26036.75,25861.75,True,True,True,False,-1.0
2025-10-23,25927.25,25746.5,True,True,True,True,1.0
2025-10-24,26296.25,26177.25,True,True,True,True,1.0
2025-10-27,26623.25,26544.0,True,True,True,True,1.0
2025-10-28,26842.25,26777.0,True,True,True,False,1.0
2025-10-29,27074.0,27002.25,True,True,True,False,1.0
2025-10-30,26930.0,26689.75,True,True,True,False,-1.0
2025-10-31,26947.0,26807.5,True,True,True,False,-1.0
2025-11-03,27013.5,26780.5,True,True,True,False,-1.0
2025-11-04,26641.0,26410.5,True,True,True,False,-1.0
2025-11-05,26466.0,26235.5,True,True,True,True,1.0
2025-11-06,26433.25,26152.0,True,True,True,False,-1.0
2025-11-07,25858.5,25629.5,True,True,True,False,1.0
2025-11-10,26414.0,26272.75,True,True,True,False,1.0
2025-11-11,26393.5,26280.25,True,True,True,False,1.0
2025-11-12,26528.25,26309.0,True,True,True,False,-1.0
2025-11-13,26249.5,26027.75,True,True,True,False,-1.0
2025-11-14,25776.0,25373.5,True,True,True,True,1.0
2025-11-17,26001.5,25702.5,True,True,True,False,-1.0
2025-11-18,25579.5,25177.5,True,True,True,False,-1.0
2025-11-19,25735.5,25320.0,True,True,True,False,1.0
2025-11-20,26047.25,25893.5,True,True,True,True,-1.0
2025-11-21,25045.5,24774.75,True,True,True,False,1.0
2025-11-24,25517.25,25264.25,True,True,True,True,1.0
2025-11-25,25627.0,25349.5,True,True,True,True,1.0
2025-11-26,26027.75,25881.25,True,True,True,True,1.0
2025-11-27,26065.25,26034.5,True,True,True,False,1.0
2025-11-28,26169.5,26078.5,True,True,True,True,1.0
2025-12-01,26136.5,25956.75,True,True,True,True,1.0
2025-12-02,26402.25,26218.75,True,True,True,True,1.0
2025-12-03,26322.0,26177.5,True,True,True,True,1.0
2025-12-04,26460.5,26268.0,True,True,True,False,-1.0
2025-12-05,26615.5,26421.0,True,True,True,False,1.0
2025-12-08,26608.25,26404.5,True,True,True,False,-1.0
2025-12-09,26417.5,26307.5,True,True,True,True,1.0
2025-12-10,26419.75,26314.5,True,True,True,False,1.0
2025-12-11,26397.75,26137.75,True,True,True,True,1.0
2025-12-12,26367.0,26062.5,True,True,True,False,-1.0
2025-12-15,26159.0,25776.75,True,False,False,False,-1.0
2025-12-16,25900.0,25669.75,True,True,True,False,1.0
2025-12-17,25938.75,25736.5,True,True,True,False,-1.0
2025-12-18,25828.75,25652.25,True,True,True,True,-1.0
2025-12-19,26091.25,25848.0,True,False,False,False,1.0
2025-12-22,26285.75,26163.25,True,True,True,False,-1.0
2025-12-23,26242.25,26119.25,True,True,True,True,1.0
2025-12-24,26331.75,26275.0,True,True,True,True,1.0
2025-12-26,26426.25,26325.25,True,False,False,False,-1.0
2025-12-29,26310.0,26152.75,True,True,True,False,1.0
2025-12-30,26265.75,26165.25,True,True,True,True,-1.0
2025-12-31,26183.0,26059.0,True,True,True,False,-1.0
2026-01-02,26294.75,25948.25,True,True,True,False,-1.0
2026-01-05,26174.75,26029.5,True,True,True,True,-1.0
2026-01-06,26270.0,26099.0,True,True,True,True,1.0
2026-01-07,26371.0,26262.0,True,True,True,True,1.0
2026-01-08,26294.0,26060.0,True,False,False,False,-1.0
2026-01-09,26351.75,26106.5,True,True,True,True,1.0
2026-01-12,26424.5,26234.5,True,True,True,True,1.0
2026-01-13,26533.75,26303.0,True,True,True,False,-1.0
2026-01-14,26281.25,26021.5,True,True,True,False,-1.0
2026-01-15,26443.75,26332.5,True,True,True,False,-1.0
2026-01-16,26382.0,26154.75,True,True,True,False,-1.0
2026-01-19,25835.0,25727.5,True,True,True,True,1.0
2026-01-20,25859.5,25724.75,True,True,True,True,-1.0
2026-01-21,25877.75,25618.5,True,True,True,True,1.0
2026-01-22,26222.75,26027.75,True,False,False,False,-1.0
2026-01-23,26254.5,26053.5,True,True,True,True,1.0
2026-01-26,26377.5,26195.25,True,True,True,True,1.0
2026-01-27,26565.75,26408.25,True,True,True,True,1.0
2026-01-28,26792.0,26696.0,True,True,True,False,-1.0
2026-01-29,26666.0,26209.25,True,True,True,False,-1.0
2026-01-30,26431.0,26281.75,True,True,True,False,-1.0
2026-02-02,26403.25,26030.75,True,True,True,True,1.0
2026-02-03,26443.25,25961.25,True,True,True,False,-1.0
2026-02-04,25881.0,25599.0,True,True,True,False,-1.0
2026-02-05,25451.75,25041.0,True,True,True,False,-1.0
2026-02-06,25475.0,25191.75,True,True,True,True,1.0
2026-02-09,25745.0,25446.5,True,True,True,True,1.0
2026-02-10,25938.25,25746.75,True,True,True,False,-1.0
2026-02-11,25956.25,25549.25,True,False,False,False,-1.0
2026-02-12,25883.5,25660.75,True,True,True,False,-1.0
2026-02-13,25361.5,25069.75,True,True,True,True,1.0
2026-02-16,25288.5,25183.75,True,True,True,False,-1.0
2026-02-17,25306.75,24953.25,True,True,True,False,1.0
2026-02-18,25565.0,25243.0,True,True,True,True,1.0
2026-02-19,25447.5,25254.0,True,True,True,True,1.0
2026-02-20,25574.0,25169.5,True,True,True,True,1.0
2026-02-23,25531.0,25331.5,True,True,True,False,-1.0
2026-02-24,25505.5,25185.5,True,True,True,True,1.0
2026-02-25,25852.75,25647.75,True,True,True,True,1.0
2026-02-26,25833.0,25376.0,True,True,True,False,-1.0
2026-02-27,25488.5,25273.0,True,True,True,True,1.0
2026-03-02,25438.75,25096.0,True,True,True,True,1.0
2026-03-03,25152.25,24843.0,True,True,True,True,1.0
2026-03-04,25637.25,25317.0,True,True,True,True,1.0
2026-03-05,25700.75,25476.25,True,True,True,False,1.0
2026-03-06,25320.0,25099.75,True,True,True,True,-1.0
2026-03-09,25016.25,24804.0,True,True,True,True,1.0
2026-03-10,25572.75,25383.25,True,True,True,True,-1.0
2026-03-11,25671.0,25469.75,True,True,True,False,-1.0
2026-03-12,25325.5,25107.75,True,True,True,False,-1.0
2026-03-13,25296.25,25102.0,True,True,True,False,-1.0
2026-03-16,25262.25,25118.75,True,True,True,False,1.0
2026-03-17,25399.25,25246.25,True,True,True,False,1.0
2026-03-18,25280.5,25094.0,True,True,True,False,-1.0
2026-03-19,24829.0,24609.0,True,True,True,True,1.0
2026-03-20,24773.5,24522.75,True,True,True,False,-1.0
2026-03-23,24970.5,24714.75,True,True,True,True,-1.0
2026-03-24,24599.75,24416.25,True,True,True,True,-1.0
2026-03-25,24808.25,24609.75,True,True,True,False,-1.0
2026-03-26,24524.75,24346.25,True,True,True,False,-1.0
2026-03-27,23946.25,23735.25,True,True,True,False,-1.0
2026-03-30,23820.5,23575.0,True,True,True,False,-1.0
2026-03-31,23863.0,23661.0,True,True,True,True,1.0
2026-04-01,24493.0,24325.5,True,True,True,True,1.0
2026-04-02,24286.5,23967.25,True,True,True,True,1.0
2026-04-06,24734.5,24528.0,True,True,True,False,1.0
2026-04-07,24590.25,24276.25,True,True,True,False,1.0
2026-04-08,25532.0,25324.75,True,True,True,False,-1.0
2026-04-09,25393.75,25246.0,True,True,True,False,1.0
2026-04-10,25651.5,25550.25,True,True,True,True,-1.0
2026-04-13,25615.25,25442.25,True,True,True,True,1.0
2026-04-14,26088.5,25938.25,True,True,True,True,1.0
2026-04-15,26416.5,26264.5,True,True,True,True,1.0
2026-04-16,26735.5,26557.75,True,True,True,True,1.0
2026-04-17,27058.25,26911.75,True,True,True,True,1.0
2026-04-20,27110.0,26998.0,True,True,True,False,-1.0
2026-04-21,27167.5,27009.0,True,True,True,False,-1.0
2026-04-22,27273.5,27093.75,True,True,True,True,1.0
2026-04-23,27385.0,27247.25,True,True,True,True,-1.0
2026-04-24,27549.5,27412.5,True,True,True,True,1.0
2026-04-27,27717.25,27580.75,True,True,True,True,1.0
2026-04-28,27534.25,27350.5,True,True,True,False,1.0
2026-04-29,27559.25,27406.5,True,True,True,True,1.0
2026-04-30,27773.75,27445.5,True,True,True,True,1.0
2026-05-01,28191.5,27900.0,True,True,True,True,1.0
2026-05-04,28195.5,28090.5,True,True,True,True,-1.0
2026-05-05,28416.25,28253.25,True,True,True,True,1.0
2026-05-06,28788.25,28618.25,True,True,True,True,1.0
2026-05-07,29184.75,28990.25,True,True,True,True,-1.0
2026-05-08,29448.25,29141.75,True,True,True,True,1.0
2026-05-11,29717.0,29556.75,True,True,True,False,1.0
2026-05-12,29578.25,29363.25,True,True,True,False,-1.0
2026-05-13,29570.75,29357.25,True,True,True,True,1.0
2026-05-14,29967.0,29740.75,True,True,True,True,1.0
2026-05-15,29665.0,29372.0,True,True,True,True,-1.0
2026-05-18,29638.5,29411.25,True,True,True,False,-1.0
2026-05-19,29350.25,28945.25,True,True,True,True,1.0
2026-05-20,29516.0,29290.75,True,True,True,True,1.0
2026-05-21,29622.25,29409.25,True,True,True,True,1.0
2026-05-22,29997.75,29772.5,True,True,True,True,-1.0
2026-05-25,30276.0,30222.0,True,True,True,False,1.0
2026-05-26,30366.25,30109.0,True,True,True,True,1.0
2026-05-27,30474.25,30170.5,True,True,True,False,-1.0
2026-05-28,30469.25,30202.5,True,True,True,True,1.0
2026-05-29,30818.25,30628.25,True,True,True,False,1.0
2026-06-01,30749.5,30574.25,True,True,True,True,1.0
2026-06-02,30929.5,30706.0,True,True,True,True,1.0
2026-06-03,31090.0,30778.25,True,False,False,False,-1.0
2026-06-04,30646.75,30433.25,True,True,True,True,1.0
2026-06-05,30382.75,30040.25,True,True,True,False,-1.0
2026-06-08,29866.25,29613.75,True,True,True,True,-1.0
2026-06-09,30130.5,29647.25,True,True,True,False,-1.0
2026-06-10,29513.25,29054.75,True,True,True,True,-1.0
2026-06-11,29331.75,28933.0,True,True,True,False,1.0
2026-06-12,29920.0,29515.75,True,True,True,True,1.0
2026-06-15,30800.0,30604.75,True,True,True,True,1.0
2026-06-16,30889.0,30672.5,True,True,True,False,-1.0
2026-06-17,30545.75,30320.0,True,True,True,False,-1.0
2026-06-18,30644.0,30391.0,True,True,True,True,1.0
2026-06-19,30695.75,30631.75,True,True,True,True,1.0
2026-06-22,30968.0,30744.0,True,True,True,False,-1.0
2026-06-23,30047.0,29616.5,True,True,True,False,-1.0
2026-06-24,29841.5,29525.0,True,True,True,True,-1.0
2026-06-25,30193.0,29295.75,True,False,False,False,-1.0
2026-06-26,29665.25,29181.5,True,True,True,True,-1.0
2026-06-29,29840.0,29273.75,True,True,True,True,1.0
2026-06-30,30424.5,30033.0,True,True,True,True,1.0
2026-07-01,30327.25,30087.75,True,True,True,True,-1.0
2026-07-02,30293.5,29910.75,True,True,True,False,-1.0
2026-07-03,29955.25,29888.5,True,True,True,False,-1.0
2026-07-06,30042.5,29776.25,True,True,True,True,1.0
2026-07-07,29685.75,29259.75,True,True,True,False,-1.0
2026-07-08,29399.0,29201.0,True,True,True,False,1.0
2026-07-09,29931.25,29614.5,True,True,True,True,1.0
2026-07-10,29968.5,29798.0,True,True,True,False,1.0
2026-07-13,29737.25,29488.5,True,True,True,True,-1.0
2026-07-14,29815.75,29567.5,True,True,True,True,-1.0
2026-07-15,29977.5,29639.25,True,True,True,False,-1.0
2026-07-16,29532.0,29255.5,True,True,True,False,-1.0
2026-07-17,28887.5,28408.25,True,True,True,True,1.0
2026-07-20,29192.5,28908.0,True,True,True,False,-1.0
2026-07-21,29246.25,29064.25,True,True,True,True,1.0
2026-07-22,29283.75,29089.0,True,True,True,True,1.0
2026-07-23,28883.0,28657.0,True,True,True,False,-1.0
2026-07-24,28622.0,28299.0,True,True,True,False,-1.0
2026-07-27,28615.75,28075.25,True,True,True,False,-1.0
2026-07-28,27992.0,27603.5,True,True,True,True,-1.0
2026-07-29,27996.0,27538.75,True,True,True,False,-1.0
2026-07-30,28240.0,27813.25,True,True,True,True,1.0
2026-07-31,28725.75,28079.75,True,False,False,False,-1.0
