session,side,dist_0959_pts,touch_slot,fwd15_bps_raw,fwd15_bps_signed
2022-01-03,-1,-83.24673461613929,44,16.708014784061476,-16.708014784061476
2022-01-06,-1,-26.095621026994195,30,0.0,-0.0
2022-01-07,1,66.66420439829017,34,-33.36037049635032,-33.36037049635032
2022-01-10,-1,-195.579901729041,228,13.107912899257279,-13.107912899257279
2022-01-11,-1,-39.690196509836824,33,12.13432166504047,-12.13432166504047
2022-01-12,1,62.399251025282865,68,-27.766965096664986,-27.766965096664986
2022-01-13,1,35.61135651429868,31,-35.653628242859895,-35.653628242859895
2022-01-14,1,113.24967234105861,67,-0.7964742738808539,-0.7964742738808539
2022-01-18,-1,-51.24714279778709,36,-4.930835043578385,4.930835043578385
2022-01-19,1,119.4759346319479,62,-42.57605264925135,-42.57605264925135
2022-01-20,1,124.32048689501244,213,-8.476856835306634,-8.476856835306634
2022-01-21,-1,-79.06864743493134,61,0.8304498269895433,-0.8304498269895433
2022-01-24,-1,-200.61346715445688,260,27.838848756531753,-27.838848756531753
2022-01-25,-1,-152.57511830351723,78,-56.96993805762385,56.96993805762385
2022-01-26,1,98.04806243727216,74,24.701116490466468,24.701116490466468
2022-01-27,1,182.8031467635119,69,23.780027624702438,23.780027624702438
2022-01-28,-1,-109.11765788477351,48,-41.14989496705079,41.14989496705079
2022-02-01,-1,-56.0475958607276,55,-9.057971014492239,9.057971014492239
2022-02-02,-1,-64.1990960255498,39,-48.60070471021882,48.60070471021882
2022-02-03,-1,-46.11007749866258,44,33.376087826002546,-33.376087826002546
2022-02-07,1,72.10685418565845,44,13.69237790963096,13.69237790963096
2022-02-08,-1,-20.274446973693557,47,-18.566861641980957,18.566861641980957
2022-02-10,1,35.59284290692813,90,8.899720685688894,8.899720685688894
2022-02-11,-1,-28.436233055032062,31,-13.74179309578949,13.74179309578949
2022-02-14,1,85.23181135227424,68,34.100596760442414,34.100596760442414
2022-02-15,1,48.384242779597116,52,13.877791328482658,13.877791328482658
2022-02-16,-1,-122.93069831351022,270,-3.080110883991738,3.080110883991738
2022-02-18,-1,-21.6394569057411,301,-23.74141876430258,23.74141876430258
2022-02-22,1,212.8621846531969,142,5.21958504298814,5.21958504298814
2022-02-25,-1,-26.730514432918426,38,31.96366844564036,-31.96366844564036
2022-02-28,1,179.8287360651375,274,-4.591631751134084,-4.591631751134084
2022-03-01,1,29.916854293405777,31,4.84151169082736,4.84151169082736
2022-03-02,1,28.74311245022909,36,-32.856978879706176,-32.856978879706176
2022-03-07,1,20.27940688728995,30,-25.098338519344843,-25.098338519344843
2022-03-08,-1,-36.36660264930106,49,-82.64711185910878,82.64711185910878
2022-03-10,-1,-23.711790000947076,47,-49.38162413950731,49.38162413950731
2022-03-14,-1,-46.35712751275787,32,29.985906623886116,-29.985906623886116
2022-03-16,1,83.60983451848006,198,1.9021699369359268,1.9021699369359268
2022-03-17,1,63.034088398901076,61,-7.086557234796675,-7.086557234796675
2022-03-21,-1,-56.303017966045445,87,6.633545983176781,-6.633545983176781
2022-03-23,-1,-48.79480528906424,43,11.720221567999012,-11.720221567999012
2022-03-24,-1,-29.06346380013565,31,-13.980148189570718,13.980148189570718
2022-03-25,-1,-40.6656191424845,52,22.489583045890438,-22.489583045890438
2022-03-28,1,99.91553588690294,52,3.30287349994407,3.30287349994407
2022-03-29,1,61.28170521862194,37,-11.910401299316531,-11.910401299316531
2022-03-31,-1,-52.59680574222148,75,9.362025453854006,-9.362025453854006
2022-04-01,-1,-66.66060233065946,78,6.576513625713432,-6.576513625713432
2022-04-06,-1,-129.69296464929357,259,17.0134434093816,-17.0134434093816
2022-04-07,1,47.11927160079358,38,-8.661395322846488,-8.661395322846488
2022-04-08,-1,-162.3518523487037,82,13.056296504281306,-13.056296504281306
2022-04-12,1,142.74282250211763,78,11.299111803995121,11.299111803995121
2022-04-13,1,24.546064492336882,30,38.99673348394694,38.99673348394694
2022-04-18,1,25.954183244917658,30,58.66294941046624,58.66294941046624
2022-04-20,-1,-90.27122343756491,82,-33.119200571021246,33.119200571021246
2022-04-21,1,26.080853204424784,36,-31.62348114699176,-31.62348114699176
2022-04-22,-1,-28.95820468142483,30,-30.007611686866387,30.007611686866387
2022-04-27,1,95.11467697085027,35,-66.9592019556342,-66.9592019556342
2022-04-28,-1,-74.67035174513148,97,12.24286210909753,-12.24286210909753
2022-04-29,1,102.55799190395919,46,-28.069227420782774,-28.069227420782774
2022-05-02,1,78.1766950993715,36,11.404441567648416,11.404441567648416
2022-05-03,1,20.28108264493858,38,-28.742624247216632,-28.742624247216632
2022-05-04,-1,-74.58508673090182,172,16.458898472979655,-16.458898472979655
2022-05-06,-1,-183.7730876449168,47,-19.066515788005447,19.066515788005447
2022-05-09,-1,-23.99726135905985,169,-7.6108327519497365,7.6108327519497365
2022-05-10,1,77.04819639407106,58,-39.150420034871345,-39.150420034871345
2022-05-11,1,44.12801379377379,32,-1.4336917562729479,-1.4336917562729479
2022-05-12,-1,-65.62763295466357,35,59.9215274243603,-59.9215274243603
2022-05-13,1,106.43755240464634,274,16.496364393479013,16.496364393479013
2022-05-16,-1,-65.75461435319266,39,12.91124713083347,-12.91124713083347
2022-05-19,1,29.22727818489693,79,44.57335758648373,44.57335758648373
2022-05-23,-1,-59.61729681309771,60,16.39209900827776,-16.39209900827776
2022-05-24,-1,-109.87947285666996,138,-8.118227906822595,8.118227906822595
2022-05-30,-1,-31.321594245251617,119,0.46362119057841156,-0.46362119057841156
2022-05-31,-1,-108.63765497850545,73,-0.1563061725307069,0.1563061725307069
2022-06-01,1,83.37459800181932,38,-32.198855151817085,-32.198855151817085
2022-06-02,-1,-29.003240949563406,30,31.39126067302822,-31.39126067302822
2022-06-07,1,27.246692780243393,38,30.869058493716572,30.869058493716572
2022-06-08,1,82.0778886846856,45,22.705005987277982,22.705005987277982
2022-06-09,1,39.481819705093585,35,6.264780967595307,6.264780967595307
2022-06-13,-1,-39.722821660856425,183,-3.5378550490250404,3.5378550490250404
2022-06-15,1,55.708799633917806,76,11.139428513562422,11.139428513562422
2022-06-17,1,53.02785297045921,39,-40.10007882921496,-40.10007882921496
2022-06-21,1,102.01261519068066,285,4.019561867756316,4.019561867756316
2022-06-22,1,144.4690844241777,367,0.16770363413742828,0.16770363413742828
2022-06-23,1,45.36789616487113,42,42.85738201664113,42.85738201664113
2022-06-27,-1,-81.91196134198981,82,-6.307005627789186,6.307005627789186
2022-06-29,1,26.356356303822395,46,30.875529890850295,30.875529890850295
2022-06-30,-1,-106.6072258047825,89,11.638694442102082,-11.638694442102082
2022-07-01,1,89.03809957904377,44,-18.905825357438122,-18.905825357438122
2022-07-05,-1,-66.05707933064514,45,1.1800205660716934,-1.1800205660716934
2022-07-06,1,45.786369307879795,30,-7.103328652845464,-7.103328652845464
2022-07-08,-1,-35.75493388144059,41,33.31274984562427,-33.31274984562427
2022-07-11,-1,-115.95917751653906,217,1.7980613629298148,-1.7980613629298148
2022-07-14,-1,-66.8719494301622,90,-0.5018820577162852,0.5018820577162852
2022-07-18,1,35.66434215960908,41,2.103049421662284,2.103049421662284
2022-07-21,1,26.373215973724655,34,5.2247431167962155,5.2247431167962155
2022-07-28,-1,-63.98692838709394,78,46.164996533686335,-46.164996533686335
2022-08-01,1,72.26286850493852,206,-8.727339539441603,-8.727339539441603
2022-08-02,1,32.40446542364043,31,-12.472859980597883,-12.472859980597883
2022-08-04,1,28.21937998278372,39,-23.898992935518226,-23.898992935518226
2022-08-05,-1,-41.78007266460554,32,36.23735467310985,-36.23735467310985
2022-08-08,1,91.7938197579715,78,14.560410693646997,14.560410693646997
2022-08-09,-1,-100.57976976166901,322,-9.924118661923664,9.924118661923664
2022-08-10,1,65.06347879285022,50,31.52290312363304,31.52290312363304
2022-08-11,1,21.606790803707554,77,-2.6767789426718203,-2.6767789426718203
2022-08-12,1,32.04829114319364,30,25.874188627321715,25.874188627321715
2022-08-15,1,75.84924451279585,45,4.585866654831516,4.585866654831516
2022-08-16,-1,-23.078300078694156,107,19.62317600365804,-19.62317600365804
2022-08-18,-1,-34.99310447109747,39,9.075220185670307,-9.075220185670307
2022-08-23,1,20.171629432679765,69,-13.36713528462763,-13.36713528462763
2022-08-25,1,36.24792612223064,105,4.432285378044298,4.432285378044298
2022-08-29,1,49.37189443162788,66,-10.254953931591038,-10.254953931591038
2022-08-31,1,38.942464321175066,30,-17.59307688650069,-17.59307688650069
2022-09-06,-1,-121.08609040182637,82,5.670863105364798,-5.670863105364798
2022-09-07,1,56.79839528957382,45,33.3333333333341,33.3333333333341
2022-09-08,1,25.854692409038762,31,6.27110467920966,6.27110467920966
2022-09-12,1,78.66460309288959,93,13.891056656780698,13.891056656780698
2022-09-14,1,32.563412076715395,51,-1.9469773177138716,-1.9469773177138716
2022-09-16,-1,-73.31141351954466,42,9.099632705733551,-9.099632705733551
2022-09-19,1,46.22718244162934,121,1.6504101269165794,1.6504101269165794
2022-09-20,-1,-51.77536744155441,80,-1.150956115687496,1.150956115687496
2022-09-21,1,31.40626924658318,78,-2.6311029254577623,-2.6311029254577623
2022-09-22,-1,-62.172224239207935,332,9.747899159664453,-9.747899159664453
2022-09-23,-1,-95.99141281585253,374,-3.074715588807786,3.074715588807786
2022-09-26,1,99.29734995674698,100,-15.513390954500217,-15.513390954500217
2022-10-04,1,118.60292572693652,223,0.16869949558850905,0.16869949558850905
2022-10-05,-1,-36.58927633090752,157,24.25743414021797,-24.25743414021797
2022-10-10,-1,-37.45202159225846,57,-64.99746649660132,64.99746649660132
2022-10-11,-1,-90.05414445360657,70,-6.006854881452917,6.006854881452917
2022-10-13,-1,-65.55558868349544,36,7.0175438596487005,-7.0175438596487005
2022-10-18,-1,-26.85234992615733,30,6.518457527102672,-6.518457527102672
2022-10-19,-1,-65.17375860285028,44,45.10888351192621,-45.10888351192621
2022-10-20,1,95.47173144663611,177,-3.4624839860120105,-3.4624839860120105
2022-10-21,1,115.8542669790495,91,30.39035892061781,30.39035892061781
2022-10-27,-1,-133.23397093948188,43,14.84363003531719,-14.84363003531719
2022-10-31,-1,-71.58450228677793,118,3.3959893365942406,-3.3959893365942406
2022-11-02,-1,-46.11798719129365,270,8.89694937293628,-8.89694937293628
2022-11-03,-1,-131.1182926140791,58,-11.167638664846269,11.167638664846269
2022-11-07,-1,-41.43664597354655,31,37.42607467561054,-37.42607467561054
2022-11-08,1,31.883475262962747,34,27.087010467818917,27.087010467818917
2022-11-09,-1,-67.48244842779968,46,-24.314727027830997,24.314727027830997
2022-11-11,-1,-28.656959764191924,30,34.839703862517,-34.839703862517
2022-11-14,-1,-24.755241940521955,30,25.947672194408522,-25.947672194408522
2022-11-15,1,55.02450712225982,78,-6.56297171359177,-6.56297171359177
2022-11-16,-1,-65.07785473748663,195,-21.724709784410877,21.724709784410877
2022-11-17,-1,-57.65387469510097,48,1.8454208398344107,-1.8454208398344107
2022-11-22,-1,-44.39280834097735,35,8.584991415008236,-8.584991415008236
2022-11-23,1,51.67220609472133,144,9.303716502466752,9.303716502466752
2022-11-28,1,41.58573056475325,51,-4.340640077463709,-4.340640077463709
2022-11-29,-1,-53.29486391075443,59,-5.543237250554833,5.543237250554833
2022-12-01,1,56.53383369243056,37,-59.86265842399696,-59.86265842399696
2022-12-02,-1,-30.965879673001837,39,18.81157076615958,-18.81157076615958
2022-12-05,-1,-24.30291773272984,91,-6.256173855778702,6.256173855778702
2022-12-07,-1,-55.47143753851742,35,-10.994215351307624,10.994215351307624
2022-12-08,1,60.00972503417688,276,13.133303025711918,13.133303025711918
2022-12-09,-1,-31.2509663727069,30,7.566077073104527,-7.566077073104527
2022-12-12,1,25.12280547141745,32,-10.944972048225754,-10.944972048225754
2022-12-13,1,126.62882990077924,52,-27.299179389936867,-27.299179389936867
2022-12-14,1,40.23376482429194,177,4.455886721457247,4.455886721457247
2022-12-16,1,58.82752356670608,34,-27.985715266808377,-27.985715266808377
2022-12-20,1,39.13341443982608,105,-10.675720611140749,-10.675720611140749
2022-12-22,-1,-112.33209450584218,353,-20.099793712643475,20.099793712643475
2022-12-23,-1,-87.58756540886498,47,18.333744667349272,-18.333744667349272
2022-12-30,-1,-35.464315225503015,48,-14.205302129020048,14.205302129020048
2023-01-05,-1,-53.833585587344714,38,-24.226446015996885,24.226446015996885
2023-01-06,-1,-35.333649959780814,30,49.15805655857808,-49.15805655857808
2023-01-09,1,96.87438594967716,255,9.355995633868464,9.355995633868464
2023-01-10,1,37.54723730821934,61,-17.469995283101447,-17.469995283101447
2023-01-11,1,22.671817791113426,83,9.847961299240815,9.847961299240815
2023-01-12,-1,-90.97299183524956,41,25.18028743212497,-25.18028743212497
2023-01-16,1,21.620361442892317,122,-3.7352711467286692,-3.7352711467286692
2023-01-17,1,34.27342796729681,72,14.081878488658717,14.081878488658717
2023-01-18,1,50.17639769717243,49,2.02200616711945,2.02200616711945
2023-01-25,-1,-120.07645544927436,109,3.6972925734835016,-3.6972925734835016
2023-01-27,1,61.061448576982,85,11.971923379689997,11.971923379689997
2023-02-01,1,22.772149842645376,30,2.6169019152444406,2.6169019152444406
2023-02-02,1,55.4669557420184,328,13.701003165405012,13.701003165405012
2023-02-03,1,65.29023884605522,210,-8.980337786740344,-8.980337786740344
2023-02-07,-1,-20.498291453715865,50,-8.617800545793752,8.617800545793752
2023-02-08,-1,-44.81101171435148,49,-71.04040324486083,71.04040324486083
2023-02-14,1,62.16111482443557,65,-31.574918670663756,-31.574918670663756
2023-02-16,-1,-52.728902929833566,51,7.2970700677355005,-7.2970700677355005
2023-02-17,-1,-55.14930571684272,48,0.0,-0.0
2023-02-23,1,28.00020646925259,33,-18.55166802278263,-18.55166802278263
2023-02-24,-1,-80.74987718537704,140,-27.20572474401939,27.20572474401939
2023-02-27,1,57.66728133957986,67,-7.53789430561258,-7.53789430561258
2023-03-06,1,29.48999142975663,197,3.0569723102669144,3.0569723102669144
2023-03-09,1,91.6972316724623,152,2.2733915754602485,2.2733915754602485
2023-03-10,-1,-65.62767173564498,42,-33.049657109807114,33.049657109807114
2023-03-13,1,25.324018631708896,30,0.16658060002283648,0.16658060002283648
2023-03-14,1,98.52757269388712,226,21.141649048626032,21.141649048626032
2023-03-17,1,26.67986920360636,49,-45.11517077045224,-45.11517077045224
2023-03-20,-1,-57.29512900953159,60,-6.0784439183569905,6.0784439183569905
2023-03-21,1,62.34617640727447,46,-11.400883568476461,-11.400883568476461
2023-03-22,1,23.938833125099336,171,-0.628901152461836,-0.628901152461836
2023-03-23,1,62.04511295997327,226,7.531065645789425,7.531065645789425
2023-03-28,-1,-66.46026694000466,366,8.903870003498238,-8.903870003498238
2023-03-29,1,51.89735108219429,75,-6.13574148075946,-6.13574148075946
2023-03-30,1,46.9613886522111,42,38.00327077330357,38.00327077330357
2023-04-06,-1,-31.31683440843335,31,21.374855680718063,-21.374855680718063
2023-04-10,-1,-80.65835622280429,95,10.896637608965865,-10.896637608965865
2023-04-11,-1,-30.126722375551253,240,5.271889972555677,-5.271889972555677
2023-04-12,-1,-52.23190318677189,51,-35.796194136242796,35.796194136242796
2023-04-14,1,74.79496765559452,39,-24.392503164850645,-24.392503164850645
2023-04-17,-1,-22.316933100039023,30,-8.952136936826172,8.952136936826172
2023-04-20,1,31.632153966998885,97,14.894112171282003,14.894112171282003
2023-04-21,-1,-41.08735974364026,47,5.446707854153132,-5.446707854153132
2023-04-24,1,25.066772562475307,33,2.1741493640603515,2.1741493640603515
2023-04-25,-1,-21.081718723562517,30,-29.03256017232181,29.03256017232181
2023-05-03,1,29.58877653293348,39,3.851012045965607,3.851012045965607
2023-05-04,-1,-42.52363334448273,97,-4.0400273478768955,4.0400273478768955
2023-05-08,-1,-28.007319321150135,79,1.53308395167695,-1.53308395167695
2023-05-10,1,39.20845190606451,72,-34.503816793892696,-34.503816793892696
2023-05-11,-1,-28.07008466984189,56,-27.393507738665555,27.393507738665555
2023-05-15,-1,-29.68758804877143,68,5.941499085924118,-5.941499085924118
2023-05-17,-1,-26.96347614647675,43,3.479629041287513,-3.479629041287513
2023-05-22,1,53.87612833878302,38,27.684017291407237,27.684017291407237
2023-05-24,-1,-28.888478310334904,253,3.45402393788774,-3.45402393788774
2023-05-30,-1,-42.510684792341635,92,-12.726830733150729,12.726830733150729
2023-06-01,1,27.570347245909943,51,3.468258211822839,3.468258211822839
2023-06-02,-1,-59.839618338559376,69,17.370504314149215,-17.370504314149215
2023-06-05,1,24.698807824170217,260,3.260053011295838,3.260053011295838
2023-06-09,1,94.4210593853386,73,-13.336927682637834,-13.336927682637834
2023-06-13,-1,-37.349707563073025,83,10.062752442314693,-10.062752442314693
2023-06-16,-1,-36.849843059753766,41,-8.638065073423018,8.638065073423018
2023-06-21,-1,-84.2917180149343,287,17.546791443849852,-17.546791443849852
2023-06-23,-1,-62.31458014974851,69,-19.954787753621027,19.954787753621027
2023-06-26,1,67.41202482149674,63,-5.439634010265815,-5.439634010265815
2023-06-27,1,34.1612636219179,38,-0.422136856769173,-0.422136856769173
2023-06-28,1,37.451068406851846,35,36.87871930265763,36.87871930265763
2023-06-29,-1,-48.14645103687144,103,8.774495466510324,-8.774495466510324
2023-07-05,1,50.191418178743334,126,4.121332014506152,4.121332014506152
2023-07-06,-1,-83.33695553322832,176,3.7416851441252064,-3.7416851441252064
2023-07-07,1,43.02360637087622,46,-6.780317706315264,-6.780317706315264
2023-07-10,-1,-47.58840629979022,37,21.396615444466693,-21.396615444466693
2023-07-11,-1,-37.43207751199225,61,10.544279034920834,-10.544279034920834
2023-07-12,1,85.58970131710157,128,-32.30929302885932,-32.30929302885932
2023-07-13,1,42.69445892198564,59,22.689600826064638,22.689600826064638
2023-07-14,1,61.64497489193309,77,14.906331833748343,14.906331833748343
2023-07-18,-1,-31.053853426044952,48,-4.163532824755789,4.163532824755789
2023-07-21,-1,-23.365201204502227,47,-35.296981499512995,35.296981499512995
2023-07-24,-1,-67.23836554482841,45,19.031823928439273,-19.031823928439273
2023-07-25,1,45.575356595210906,61,1.8961967710473537,1.8961967710473537
2023-07-27,1,65.75377575681341,55,1.6092693916958112,1.6092693916958112
2023-07-28,1,94.72054621398638,254,21.86980089089241,21.86980089089241
2023-07-31,-1,-47.344910751817224,41,-3.20889934752433,3.20889934752433
2023-08-03,1,33.96801141080141,39,-16.03003233408229,-16.03003233408229
2023-08-04,-1,-49.02862288810502,62,1.9082928956981604,-1.9082928956981604
2023-08-07,-1,-26.500352553193807,38,3.4238601969405202,-3.4238601969405202
2023-08-08,-1,-89.49539011988236,283,-1.7906829389235934,1.7906829389235934
2023-08-09,-1,-71.88988575212352,282,9.525387227697912,-9.525387227697912
2023-08-10,1,107.81766366948432,75,0.4131207138735604,0.4131207138735604
2023-08-11,-1,-69.65557769028237,44,8.485893940237688,-8.485893940237688
2023-08-15,-1,-44.240773295547115,150,-20.643123346125726,20.643123346125726
2023-08-17,-1,-32.364381489860534,174,-5.9095002251241535,5.9095002251241535
2023-08-18,-1,-42.046190776807634,66,-5.280132431429996,5.280132431429996
2023-08-21,1,76.56448151183213,56,10.606853441570419,10.606853441570419
2023-08-22,-1,-39.57511160186914,42,-18.034895425567132,18.034895425567132
2023-08-25,1,49.52674631758782,37,29.311875537267884,29.311875537267884
2023-08-30,1,47.50541023725964,52,1.2314765403709238,1.2314765403709238
2023-08-31,1,45.99131756379575,168,-3.5365007685084215,-3.5365007685084215
2023-09-01,-1,-23.904482148082025,39,3.2597623089980488,-3.2597623089980488
2023-09-04,1,27.253058511545532,59,-4.214476045462101,-4.214476045462101
2023-09-05,-1,-20.735398717504722,37,13.65355470296592,-13.65355470296592
2023-09-07,-1,-63.75861002100646,69,-0.2765639692459132,0.2765639692459132
2023-09-08,1,26.217278606167383,84,-11.559102793450293,-11.559102793450293
2023-09-12,1,21.967368144112697,31,6.018410865966661,6.018410865966661
2023-09-13,1,43.752781291128485,34,-16.951722046886218,-16.951722046886218
2023-09-14,-1,-35.497507966276316,61,28.64230015485969,-28.64230015485969
2023-09-19,-1,-59.585295015738666,219,4.314364048820796,-4.314364048820796
2023-09-21,-1,-77.84336993440229,68,-12.464589235127166,12.464589235127166
2023-09-29,1,75.41064737525448,55,14.192248194035972,14.192248194035972
2023-10-04,1,73.80131425839136,59,52.78904519432803,52.78904519432803
2023-10-05,-1,-58.114932506123296,180,-14.597077722283691,14.597077722283691
2023-10-09,1,40.55834871895058,33,18.696883852691304,18.696883852691304
2023-10-10,1,22.26287557103933,222,4.7450909243162975,4.7450909243162975
2023-10-12,-1,-26.01415518860449,34,12.608942650094157,-12.608942650094157
2023-10-13,1,37.43456571088609,30,-2.5075225677029245,-2.5075225677029245
2023-10-16,1,39.661080111291085,235,32.72910372608351,32.72910372608351
2023-10-17,-1,-92.0147587635256,43,9.54774574914774,-9.54774574914774
2023-10-24,1,29.21204588378896,33,7.027306103717379,7.027306103717379
2023-10-26,-1,-48.74756243808224,77,-14.119100495639803,14.119100495639803
2023-10-30,1,64.94189492318401,47,-29.523655645481426,-29.523655645481426
2023-10-31,-1,-38.45560386720899,40,4.992291314880326,-4.992291314880326
2023-11-01,1,47.3587612628362,312,50.082745405453096,50.082745405453096
2023-11-02,1,34.52511895616772,38,-2.422342547734324,-2.422342547734324
2023-11-09,1,28.80446742170534,36,0.4162561918108487,0.4162561918108487
2023-11-13,-1,-35.91945054266762,44,-0.13763488218465625,0.13763488218465625
2023-11-15,-1,-24.990966517929337,52,-7.799577746997466,7.799577746997466
2023-11-16,1,37.3080715011929,47,12.161997810840042,12.161997810840042
2023-11-21,-1,-47.10960562161199,285,-8.58922052823674,8.58922052823674
2023-11-29,1,57.45373560650478,35,-20.229175261847754,-20.229175261847754
2023-12-01,-1,-20.587609906786383,31,-23.542389754351856,23.542389754351856
2023-12-04,-1,-69.08975580460174,177,6.896178705682043,-6.896178705682043
2023-12-05,1,42.32961657857231,110,14.048169010278944,14.048169010278944
2023-12-11,1,57.411442798675125,124,10.651896037494613,10.651896037494613
2023-12-18,1,24.29383898945889,90,15.288736865290975,15.288736865290975
2023-12-19,1,26.822379539054964,30,15.084511945129275,15.084511945129275
2023-12-22,1,48.84941055699164,90,4.63493453154884,4.63493453154884
2023-12-27,1,22.706966840643872,37,-10.75241289265505,-10.75241289265505
2024-01-03,-1,-27.791668243025924,30,-33.17423686142851,33.17423686142851
2024-01-04,-1,-45.92031627772667,35,13.343726466819028,-13.343726466819028
2024-01-05,1,47.277935136065935,158,-2.512130948131297,-2.512130948131297
2024-01-11,-1,-27.314030873058073,248,8.276861000464653,-8.276861000464653
2024-01-12,1,45.78576979767968,30,5.928981117484522,5.928981117484522
2024-01-17,-1,-113.80581040366087,94,1.689825947928103,-1.689825947928103
2024-01-18,1,51.84975172524355,158,-0.8998701615914317,-0.8998701615914317
2024-01-24,1,20.388341534988285,31,28.759602096586345,28.759602096586345
2024-01-31,-1,-31.286877093461953,208,7.700950625544323,-7.700950625544323
2024-02-01,-1,-28.69530199975634,34,10.253943337468208,-10.253943337468208
2024-02-02,1,31.688892777638102,39,19.116397621070647,19.116397621070647
2024-02-06,-1,-50.80973053892376,337,-4.481457967658864,4.481457967658864
2024-02-13,-1,-54.57270803275969,56,25.557995558367352,-25.557995558367352
2024-02-15,-1,-64.56903343838349,162,9.244536478940635,-9.244536478940635
2024-02-16,-1,-151.4760522388533,106,4.557941288789724,-4.557941288789724
2024-02-20,-1,-76.5725337367694,320,1.2500781298840913,-1.2500781298840913
2024-02-21,-1,-32.213864129629656,34,-12.27762465547455,12.27762465547455
2024-02-28,-1,-36.920225752743136,65,-1.2282296298116169,1.2282296298116169
2024-02-29,1,84.33266880010706,91,11.509170605088492,11.509170605088492
2024-03-04,-1,-27.325878644198383,67,-3.7330956997150277,3.7330956997150277
2024-03-08,1,61.62345752654073,92,-43.09877806537021,-43.09877806537021
2024-03-11,-1,-65.46283660018526,61,-1.2258357134975473,1.2258357134975473
2024-03-13,-1,-72.39124616303161,211,-7.4190292017850545,7.4190292017850545
2024-03-14,-1,-101.54467914395354,60,-17.786440884448584,17.786440884448584
2024-03-15,-1,-96.52589007540882,78,-21.135673822484378,21.135673822484378
2024-03-18,1,41.108854115394934,124,1.5869140624991118,1.5869140624991118
2024-03-19,-1,-50.425066099251126,73,-1.846131124539907,1.846131124539907
2024-03-27,-1,-46.99788088587593,295,-10.900106578819457,10.900106578819457
2024-03-28,1,20.003977891516115,39,-7.371957556860931,-7.371957556860931
2024-04-01,1,32.383287287681014,34,-13.141555043825193,-13.141555043825193
2024-04-02,-1,-104.36987386783949,218,-10.008421720716365,10.008421720716365
2024-04-11,1,56.496816598057194,41,-1.4708766424786912,-1.4708766424786912
2024-04-15,1,20.680342565556202,37,-22.61143772076757,-22.61143772076757
2024-04-16,1,42.37709903160794,37,0.3736827682421229,0.3736827682421229
2024-04-18,-1,-63.162261810219206,47,4.031800829038534,-4.031800829038534
2024-04-19,1,60.81510863350559,41,-30.991340279814537,-30.991340279814537
2024-04-25,-1,-37.62561337319494,41,19.14779545048484,-19.14779545048484
2024-04-29,-1,-31.870816206421296,37,8.718395815170421,-8.718395815170421
2024-05-02,-1,-40.93673262595985,88,13.824767896097878,-13.824767896097878
2024-05-03,1,127.935482793564,51,11.560837352693198,11.560837352693198
2024-05-06,1,45.07061891232661,170,12.339737657176553,12.339737657176553
2024-05-10,1,48.680258980264625,31,-7.691086884865639,-7.691086884865639
2024-05-14,1,21.174138565442263,34,1.0990755553375031,1.0990755553375031
2024-05-17,-1,-20.272984573784925,33,-6.839616981448859,6.839616981448859
2024-05-20,1,64.69955165352803,278,5.3809085365119635,5.3809085365119635
2024-05-23,-1,-89.22307361776984,126,4.266464404649728,-4.266464404649728
2024-05-28,-1,-51.96401834064818,61,3.2004551758468835,-3.2004551758468835
2024-05-31,-1,-33.64278617050513,363,33.94721208520801,-33.94721208520801
2024-06-06,-1,-50.15513295027995,53,8.228517691313275,-8.228517691313275
2024-06-11,-1,-23.87574406596832,35,1.5295917166735506,-1.5295917166735506
2024-06-12,1,101.48469832867704,270,6.691201070592179,6.691201070592179
2024-06-14,1,41.5691153771877,42,16.872697221170796,16.872697221170796
2024-06-21,-1,-54.187961972216726,45,-21.550003990741253,21.550003990741253
2024-06-25,1,24.24920080598895,205,5.048998232850543,5.048998232850543
2024-06-27,1,47.17112026418181,79,-2.960129334881323,-2.960129334881323
2024-06-28,1,37.094432862115355,84,-26.95631491318462,-26.95631491318462
2024-07-01,-1,-55.66297630616464,52,-6.74740682288677,6.74740682288677
2024-07-03,1,22.691841950421804,30,15.786031617166518,15.786031617166518
2024-07-09,1,23.373388522952155,36,14.462992404169484,14.462992404169484
2024-07-10,1,21.926427757956844,53,-0.5511767623878061,-0.5511767623878061
2024-07-12,1,95.52463536194409,373,-19.33849026407031,-19.33849026407031
2024-07-16,-1,-41.843060142491595,98,-16.205836321052658,16.205836321052658
2024-07-18,-1,-24.535677317591762,34,-0.6818259298402296,0.6818259298402296
2024-07-22,1,97.78120408695759,99,-21.19566462730038,-21.19566462730038
2024-07-23,1,43.95057283512506,33,19.865961843652524,19.865961843652524
2024-07-25,-1,-156.0861699566667,313,-18.71638750029603,18.71638750029603
2024-07-29,1,63.14770531146496,40,-6.478820147952646,-6.478820147952646
2024-07-31,1,139.58003091306819,252,30.18699492576493,30.18699492576493
2024-08-01,1,45.3495716975267,34,-30.654900139340803,-30.654900139340803
2024-08-05,1,82.38790118198449,315,4.661887182331181,4.661887182331181
2024-08-06,-1,-38.80973122987416,32,-8.332296977987541,8.332296977987541
2024-08-07,1,110.67297917671749,134,4.676692839737928,4.676692839737928
2024-08-09,-1,-68.66578799304261,38,11.515374249662091,-11.515374249662091
2024-08-12,-1,-71.92008541131872,37,45.77216176076648,-45.77216176076648
2024-08-14,-1,-80.88751894601955,88,9.289695583820645,-9.289695583820645
2024-08-16,-1,-53.29295767931035,35,15.255263648221717,-15.255263648221717
2024-08-20,1,52.03406781024387,41,-18.015743694489437,-18.015743694489437
2024-08-21,1,36.94513836783153,45,15.15830089227288,15.15830089227288
2024-08-22,1,21.865047432373103,31,-23.07701095586756,-23.07701095586756
2024-08-23,1,21.319364131337352,76,-27.89207381026504,-27.89207381026504
2024-08-29,1,180.58974672070326,297,-54.402273945155514,-54.402273945155514
2024-08-30,1,69.91410889110921,55,32.05651271769305,32.05651271769305
2024-09-02,1,38.933998158379836,52,24.164410934395253,24.164410934395253
2024-09-04,1,55.826879059350176,30,49.09097472055368,49.09097472055368
2024-09-05,1,114.40582359401742,80,-21.623817260824076,-21.623817260824076
2024-09-09,1,102.60335539860898,60,-14.141340257713964,-14.141340257713964
2024-09-10,1,54.20722994413154,43,17.446298113619196,17.446298113619196
2024-09-11,-1,-40.059804926822835,128,15.357082396187938,-15.357082396187938
2024-09-12,-1,-29.03804370996295,30,24.906453250232996,-24.906453250232996
2024-09-20,-1,-33.036071698694286,159,7.724144291627599,-7.724144291627599
2024-09-25,1,68.37951324783717,142,-4.341914327175012,-4.341914327175012
2024-10-01,-1,-133.92130338557763,270,14.631673540865808,-14.631673540865808
2024-10-03,1,81.19864720619807,52,12.36222473831372,12.36222473831372
2024-10-04,-1,-29.472317696901882,82,17.7746178457161,-17.7746178457161
2024-10-07,-1,-44.010891506884946,35,8.473993999495999,-8.473993999495999
2024-10-14,1,132.7122259458083,89,6.965666007550109,6.965666007550109
2024-10-16,-1,-100.1523564988347,52,-7.159904534606021,7.159904534606021
2024-10-18,1,31.80219229344948,85,16.594418856679116,16.594418856679116
2024-10-21,1,44.24377900084437,69,-11.292927239670014,-11.292927239670014
2024-10-22,1,20.138790957455058,159,-2.483742774566089,-2.483742774566089
2024-10-24,-1,-26.658503086742712,30,10.66981464034722,-10.66981464034722
2024-10-25,1,150.44498335912795,230,-19.30653616046829,-19.30653616046829
2024-10-28,-1,-49.06354909873335,57,6.617762523273285,-6.617762523273285
2024-10-30,-1,-48.14939585159664,39,4.025404776812902,-4.025404776812902
2024-11-01,1,64.620080106979,218,32.58930613365018,32.58930613365018
2024-11-14,-1,-39.43095207904116,74,-16.215979313669582,16.215979313669582
2024-11-18,-1,-46.545750002969726,32,22.130107055797765,-22.130107055797765
2024-11-20,-1,-126.60343081153042,137,10.399892646268949,-10.399892646268949
2024-11-21,-1,-50.1256890340228,46,-79.25610885993973,79.25610885993973
2024-11-22,1,54.635405604043626,35,-11.55825248113418,-11.55825248113418
2024-11-25,-1,-32.9310812975782,121,-21.86154355746983,21.86154355746983
2024-11-26,1,43.686840344678785,49,12.160608472626677,12.160608472626677
2024-11-27,-1,-63.79016691853394,266,-1.6664074477301671,1.6664074477301671
2024-12-12,-1,-25.72478651550773,53,8.017188852900148,-8.017188852900148
2024-12-13,1,77.62843349549075,55,-26.476968227637787,-26.476968227637787
2024-12-26,-1,-42.78263861580854,34,-11.124660376954365,11.124660376954365
2024-12-27,-1,-122.18588483800704,263,5.5294742662614915,-5.5294742662614915
2024-12-30,-1,-180.26072614721488,110,-2.8479418143578794,2.8479418143578794
2025-01-02,1,50.87975477341024,50,-32.56146526593673,-32.56146526593673
2025-01-03,1,84.71517374706673,47,7.92419189751481,7.92419189751481
2025-01-06,1,115.15186142700259,202,-1.294051675796437,-1.294051675796437
2025-01-10,-1,-124.83448746431532,79,-64.64870869202998,64.64870869202998
2025-01-14,-1,-71.31169756747113,38,-3.4499259935227844,3.4499259935227844
2025-01-15,1,150.59111452935394,142,20.07102053419807,20.07102053419807
2025-01-16,-1,-62.058562197093124,90,8.21530675955362,-8.21530675955362
2025-01-17,1,32.8181802378931,56,24.66683402276848,24.66683402276848
2025-01-20,1,102.73497902134477,74,10.515589089805655,10.515589089805655
2025-01-21,-1,-26.87639035209213,59,-1.3019561891747244,1.3019561891747244
2025-01-24,1,33.288441633172624,33,-9.068311053738176,-9.068311053738176
2025-01-27,1,88.72045880771839,48,63.024282560706354,63.024282560706354
2025-01-29,-1,-68.31642492988976,310,-3.1603151597048296,3.1603151597048296
2025-01-31,1,63.54053301034946,229,-44.832924783898555,-44.832924783898555
2025-02-03,1,65.17368600879854,30,-32.07255032072531,-32.07255032072531
2025-02-05,1,22.368557935245917,33,1.744991329575285,1.744991329575285
2025-02-11,1,33.813866705768305,147,-27.156928249670862,-27.156928249670862
2025-02-13,1,57.29942450443559,229,19.197357414040273,19.197357414040273
2025-02-19,-1,-47.68972284477786,77,-5.294647111769857,5.294647111769857
2025-02-20,-1,-131.50795575712255,193,-21.38570881389135,21.38570881389135
2025-02-24,-1,-162.00048362135567,136,-15.859394518732417,15.859394518732417
2025-02-25,-1,-116.30619180173017,207,11.49247463920311,-11.49247463920311
2025-02-26,1,33.283072976653784,37,29.292573341554995,29.292573341554995
2025-02-28,-1,-36.93225343305676,30,19.18209368579893,-19.18209368579893
2025-03-03,-1,-121.82850790025259,59,10.397683440850347,-10.397683440850347
2025-03-04,-1,-91.22956961950331,143,-12.778890654141506,12.778890654141506
2025-03-05,-1,-142.14236846930362,30,-20.013952584087,20.013952584087
2025-03-06,-1,-112.08592056744601,36,37.17557427083129,-37.17557427083129
2025-03-11,1,78.59056907543709,32,-22.768943161527446,-22.768943161527446
2025-03-13,-1,-146.12269331684,47,5.1440944599301375,-5.1440944599301375
2025-03-14,1,81.99496698630901,30,-2.0341254457123537,-2.0341254457123537
2025-03-17,1,88.4923721656487,59,17.755261475818074,17.755261475818074
2025-03-18,-1,-207.07457941775647,320,-12.050780317853782,12.050780317853782
2025-03-19,1,70.06480908709636,224,-4.401670255416157,-4.401670255416157
2025-03-25,1,40.35731300777843,33,22.943487178299637,22.943487178299637
2025-03-27,1,26.585392895769473,38,3.6483894126093652,3.6483894126093652
2025-03-31,-1,-74.28923794163711,38,-41.499379964885506,41.499379964885506
2025-04-01,1,27.684972312701575,30,-49.4171928120446,-49.4171928120446
2025-04-02,1,65.43388233985752,41,26.90994219792575,26.90994219792575
2025-04-08,1,309.51698159905936,102,-22.19741419596022,-22.19741419596022
2025-04-10,-1,-259.1262212224574,296,6.816374446170226,-6.816374446170226
2025-04-11,1,71.82428598582919,31,17.262388302192733,17.262388302192733
2025-04-14,-1,-25.697047190220474,32,-30.418344601667037,30.418344601667037
2025-04-15,1,123.54934868478813,49,29.61916446691637,29.61916446691637
2025-04-16,-1,-107.44919518856841,71,-19.15443261294225,19.15443261294225
2025-04-17,-1,-57.08744833649689,169,8.782872126473773,-8.782872126473773
2025-04-22,1,145.5853105965034,238,1.284076171399473,1.284076171399473
2025-04-23,1,167.08535140106687,113,-18.107853351193583,-18.107853351193583
2025-04-25,-1,-62.40994138658061,31,21.320922525858155,-21.320922525858155
2025-04-28,-1,-39.73003528718982,34,-0.6037626488275549,0.6037626488275549
2025-04-30,-1,-253.8561583644987,61,-0.48710392362205646,0.48710392362205646
2025-05-01,-1,-46.9585617634184,36,15.384069204642525,-15.384069204642525
2025-05-05,1,22.1727195395506,36,20.604719069372557,20.604719069372557
2025-05-06,-1,-97.8442663010137,47,17.809439002671734,-17.809439002671734
2025-05-07,-1,-34.55871436502275,57,-2.9526396598555937,2.9526396598555937
2025-05-08,-1,-55.96168589939043,110,34.11248915668352,-34.11248915668352
2025-05-09,1,52.11142973044116,49,-36.55645227222281,-36.55645227222281
2025-05-20,-1,-54.6396720997036,69,-0.22086268966603484,0.22086268966603484
2025-05-21,1,34.95280915078183,226,-79.8001680003535,-79.8001680003535
2025-05-22,1,111.46094416757842,84,23.10499938609878,23.10499938609878
2025-05-23,-1,-75.55412884971156,42,-8.229060985233128,8.229060985233128
2025-05-26,1,64.32946156082107,95,9.590507627799116,9.590507627799116
2025-05-30,-1,-64.29967121406298,35,17.525567362512984,-17.525567362512984
2025-06-04,1,26.668387594381784,30,3.4899445971303678,3.4899445971303678
2025-06-05,-1,-60.16215177192862,53,12.300792475834488,-12.300792475834488
2025-06-06,1,102.33802433956225,110,10.781025395303345,10.781025395303345
2025-06-13,1,68.2771895458427,50,8.42220399234428,8.42220399234428
2025-06-17,1,22.413566312414332,87,20.92322369419586,20.92322369419586
2025-06-18,1,25.47408953820195,31,28.953956677915116,28.953956677915116
2025-06-20,1,40.1997526994528,38,-12.626262626262985,-12.626262626262985
2025-06-23,1,89.57254828268196,173,-41.41759646802967,-41.41759646802967
2025-06-25,1,46.255631333882775,41,1.7037952038156945,1.7037952038156945
2025-06-27,1,38.850723984851356,88,8.422914539003568,8.422914539003568
2025-06-30,-1,-25.473656024249067,41,-11.22358000734236,11.22358000734236
2025-07-01,-1,-20.47903393401066,30,14.07814420642417,-14.07814420642417
2025-07-09,1,99.28578284589821,61,-2.2929086588563408,-2.2929086588563408
2025-07-10,-1,-82.19415667617432,116,3.8579844637931515,-3.8579844637931515
2025-07-11,1,41.287589822411974,104,14.434844459321194,14.434844459321194
2025-07-16,-1,-49.4030401844102,53,2.605849611208022,-2.605849611208022
2025-07-21,1,74.43055134616225,373,-8.318698585820794,-8.318698585820794
2025-07-22,-1,-139.52513087102852,124,-4.129288007514997,4.129288007514997
2025-07-23,-1,-45.92645672492654,90,-9.815469179427216,9.815469179427216
2025-08-01,-1,-211.49166760740627,152,-1.5617028808212474,1.5617028808212474
2025-08-05,1,20.08197371721326,30,-19.617509911464825,-19.617509911464825
2025-08-06,1,58.563113322081335,53,31.983604521177433,31.983604521177433
2025-08-07,1,85.23280943212012,54,5.397478461006688,5.397478461006688
2025-08-08,1,72.68936697126264,130,23.983739837398765,23.983739837398765
2025-08-12,-1,-59.726798408661125,38,21.776341777151043,-21.776341777151043
2025-08-14,1,31.989937279580772,112,-16.060548266966236,-16.060548266966236
2025-08-15,-1,-69.42203950917974,43,5.031649072666511,-5.031649072666511
2025-08-18,-1,-53.63807719547913,52,-7.465773464220282,7.465773464220282
2025-08-19,-1,-36.714164093355066,37,-5.3644810623698636,5.3644810623698636
2025-08-20,-1,-170.47385031265367,122,-4.3337839092794095,4.3337839092794095
2025-08-21,-1,-73.83010957020815,34,16.702408446056527,-16.702408446056527
2025-08-27,-1,-36.85185215004094,43,13.850274459483725,-13.850274459483725
2025-08-28,-1,-49.5058342987104,33,7.210464313278653,-7.210464313278653
2025-09-05,1,21.210621472222556,30,-32.94909515940469,-32.94909515940469
2025-09-08,1,61.32677820225581,177,-3.124023742580029,-3.124023742580029
2025-09-16,-1,-37.93927420401087,328,1.976655696227514,-1.976655696227514
2025-09-17,-1,-24.245389858580893,269,-52.176328214894596,52.176328214894596
2025-09-19,1,38.2658722751803,74,4.0194896228551436,4.0194896228551436
2025-09-23,-1,-42.64487033289697,71,-6.998104679982742,6.998104679982742
2025-09-25,-1,-138.83122887972058,40,19.247473152241845,-19.247473152241845
2025-09-26,1,48.55980792660921,36,-18.21834439564296,-18.21834439564296
2025-09-29,1,64.33329844429318,102,-11.308688192169791,-11.308688192169791
2025-10-02,-1,-33.086540630181844,49,4.068742371108325,-4.068742371108325
2025-10-03,-1,-41.14298636406602,70,0.9665104141487468,-0.9665104141487468
2025-10-07,1,31.50090246338732,57,-4.622763256736384,-4.622763256736384
2025-10-09,-1,-32.97274481516797,342,5.287749725997326,-5.287749725997326
2025-10-10,1,32.40000511744438,31,-4.506880184110829,-4.506880184110829
2025-10-13,1,78.52710904815831,52,24.65102174572298,24.65102174572298
2025-10-14,-1,-90.23200794846343,50,24.614778713138996,-24.614778713138996
2025-10-15,1,92.48862198250208,125,-41.66545263832644,-41.66545263832644
2025-10-16,1,44.124040796174086,41,7.370340199386316,7.370340199386316
2025-10-17,1,166.84621091030567,111,-14.81961292348788,-14.81961292348788
2025-10-21,-1,-43.62788308515155,49,-15.37293786450622,15.37293786450622
2025-10-24,1,63.46428225364434,86,13.170955180574762,13.170955180574762
2025-10-28,1,42.01693126560349,61,-7.0942508564442175,-7.0942508564442175
2025-10-29,1,49.26051678101794,78,-3.978755297295855,-3.978755297295855
2025-10-30,-1,-21.19488964481934,30,-25.64888901279705,25.64888901279705
2025-10-31,-1,-70.1793060015807,69,4.647704034206335,-4.647704034206335
2025-11-04,1,76.99287234028088,85,-5.65195274967456,-5.65195274967456
2025-11-07,-1,-102.27586323476498,300,37.79965212659553,-37.79965212659553
2025-11-10,1,136.0252150743945,82,-13.7868084013959,-13.7868084013959
2025-11-12,-1,-108.8272880584118,191,-14.599508925609017,14.599508925609017
2025-11-13,-1,-112.77110837723012,46,-42.12733511246625,42.12733511246625
2025-11-14,1,84.42721060995245,42,53.958589465878944,53.958589465878944
2025-11-17,1,39.07796329416669,33,-21.91923678569352,-21.91923678569352
2025-11-18,-1,-187.72262623911593,117,9.848917603956231,-9.848917603956231
2025-11-19,1,222.2754843918192,95,-2.7462019046875508,-2.7462019046875508
2025-11-20,1,109.43925170576767,44,28.34308631144644,28.34308631144644
2025-11-21,1,47.515838899100345,30,-22.685979863683592,-22.685979863683592
2025-11-25,-1,-34.72803819953697,60,18.676053583650543,-18.676053583650543
2025-12-01,1,44.02874361270733,55,2.3011208376089165,2.3011208376089165
2025-12-02,1,105.81786269240911,103,-31.770793699109625,-31.770793699109625
2025-12-03,-1,-62.45007727056509,32,-3.3270910767413397,3.3270910767413397
2025-12-04,-1,-80.93540123823186,67,-16.021387129802058,16.021387129802058
2025-12-05,1,75.38943364308216,85,-9.340680076990182,-9.340680076990182
2025-12-09,-1,-22.802075445404625,30,-0.18949083811836687,0.18949083811836687
2025-12-10,-1,-40.275593722690246,37,3.1260657042175843,-3.1260657042175843
2025-12-11,-1,-145.02551172409585,42,23.28211268542546,-23.28211268542546
2025-12-15,-1,-75.97493693132492,108,-17.5149887884829,17.5149887884829
2025-12-16,1,128.32049080569777,48,-4.9483335758981895,-4.9483335758981895
2025-12-18,1,130.82294436973825,161,-14.08874940487137,-14.08874940487137
2025-12-22,1,37.09475335022216,31,-10.872882649168858,-10.872882649168858
2025-12-29,-1,-46.07958276607678,60,1.4292928811676653,-1.4292928811676653
2025-12-30,1,45.86577592698086,39,-7.2486575676933285,-7.2486575676933285
2025-12-31,-1,-26.263647347652295,245,7.857040195466958,-7.857040195466958
2026-01-02,1,66.10829227400245,40,-80.8022922636098,-80.8022922636098
2026-01-05,1,34.81086969811804,217,-10.633100554645614,-10.633100554645614
2026-01-06,1,113.76600424062781,85,-0.09552649427368998,-0.09552649427368998
2026-01-07,1,52.95999789493362,69,20.59448789006213,20.59448789006213
2026-01-08,-1,-98.95290793129607,58,-4.867294643112752,4.867294643112752
2026-01-14,-1,-144.06071723335845,362,-4.887023515207645,4.887023515207645
2026-01-15,1,70.42619922170707,76,27.927388789148466,27.927388789148466
2026-01-16,-1,-73.93676590710675,275,-22.487112788116548,22.487112788116548
2026-01-19,-1,-37.63199757030088,95,11.70631657362975,-11.70631657362975
2026-01-20,1,58.76939023959858,33,-10.086022131060579,-10.086022131060579
2026-01-21,1,156.88713857386028,141,-14.951891802673645,-14.951891802673645
2026-01-22,-1,-65.26029023114097,64,6.126981695642186,-6.126981695642186
2026-01-23,1,32.85761543103581,201,4.962305563507297,4.962305563507297
2026-01-29,-1,-219.01107590528773,187,-37.842144198486636,37.842144198486636
2026-02-05,-1,-120.67158331370229,120,-14.831514000949175,14.831514000949175
2026-02-10,1,60.37937625979248,86,9.576598276213044,9.576598276213044
2026-02-11,-1,-42.722830711558345,31,-65.36897152818133,65.36897152818133
2026-02-13,-1,-40.76464319915249,30,9.011507001248642,-9.011507001248642
2026-02-17,-1,-155.93391287916165,49,-67.36519498094506,67.36519498094506
2026-02-18,1,108.31107077396518,301,-10.803166309835133,-10.803166309835133
2026-02-19,1,20.140157835558057,30,17.35101296396646,17.35101296396646
2026-02-20,1,32.67486970543541,36,57.965299684543666,57.965299684543666
2026-02-23,-1,-20.35993088660689,31,-16.32910022723033,16.32910022723033
2026-02-24,1,31.56815283113974,30,11.946015855621717,11.946015855621717
2026-02-27,-1,-44.23233103264647,31,13.383060587870421,-13.383060587870421
2026-03-03,-1,-117.1835718436705,96,14.473513470349975,-14.473513470349975
2026-03-05,1,97.47532376414892,50,-48.163345056663196,-48.163345056663196
2026-03-06,-1,-189.76269291966673,56,16.107992726697162,-16.107992726697162
2026-03-10,-1,-39.98019122039841,35,-6.083739733688809,6.083739733688809
2026-03-11,1,79.40310317851981,53,-1.7636165897538802,-1.7636165897538802
2026-03-12,-1,-147.41007558575075,171,-19.434996876518397,19.434996876518397
2026-03-13,1,123.57399198557687,70,-40.70299749213802,-40.70299749213802
2026-03-16,1,144.73874673156388,80,12.537687692169008,12.537687692169008
2026-03-17,1,159.77933373161432,126,21.397154970876908,21.397154970876908
2026-03-19,-1,-42.96295800586813,30,-18.8418793515166,18.8418793515166
2026-03-23,1,320.1868791682209,175,9.028383615006241,9.028383615006241
2026-03-24,-1,-100.5847386370151,81,1.6277863123526082,-1.6277863123526082
2026-03-25,-1,-50.062175734528864,42,23.36117796970072,-23.36117796970072
2026-03-26,-1,-46.97555678110075,30,4.490620726256278,-4.490620726256278
2026-03-30,-1,-44.46188349131262,39,3.7029983706804437,-3.7029983706804437
2026-04-01,1,32.811998261662666,293,-12.474437627811863,-12.474437627811863
2026-04-02,1,26.549000108734617,35,33.51400554429284,33.51400554429284
2026-04-06,1,134.2464059367776,78,10.587396925583192,10.587396925583192
2026-04-07,-1,-101.29149995579064,152,-11.748120300751896,11.748120300751896
2026-04-10,1,37.97878705009862,31,13.394995942390686,13.394995942390686
2026-04-16,-1,-89.89908683927933,67,4.499943750702062,-4.499943750702062
2026-04-20,1,79.22930499196445,61,-11.013215859030367,-11.013215859030367
2026-04-23,1,24.98169015606254,30,11.736551104428727,11.736551104428727
2026-04-28,-1,-23.32690592164363,36,-12.08915066899352,12.08915066899352
2026-04-30,-1,-154.448969390829,85,16.912975055622947,-16.912975055622947
2026-05-04,1,25.7686820052877,38,9.414105171541287,9.414105171541287
2026-05-06,1,50.59369095900911,34,-1.91634292085463,-1.91634292085463
2026-05-07,1,48.01762599806898,147,-34.564886546348816,-34.564886546348816
2026-05-12,-1,-103.5440416194615,49,-59.65798349236495,59.65798349236495
2026-05-13,-1,-82.3245039059002,53,4.998051607001397,-4.998051607001397
2026-05-15,-1,-157.06117777623513,45,-2.1115578228991794,2.1115578228991794
2026-05-18,1,67.63487715168594,31,37.185136133255355,37.185136133255355
2026-05-19,-1,-25.289722215973597,175,22.612419700214215,-22.612419700214215
2026-05-20,1,33.92474690252493,41,45.17751353194433,45.17751353194433
2026-05-22,1,25.840536721610988,30,-0.3348008771786315,-0.3348008771786315
2026-05-25,1,75.76669667233364,71,3.062863197629273,3.062863197629273
2026-05-26,1,116.12077396185487,139,5.1274841420156925,5.1274841420156925
2026-05-27,-1,-120.58414387449739,297,0.7418091901922885,-0.7418091901922885
2026-05-29,1,150.25836122396504,55,-12.719637979534681,-12.719637979534681
2026-06-01,-1,-118.18443406881124,62,-5.048119982412613,5.048119982412613
2026-06-03,-1,-118.89745645637959,44,11.543615492661807,-11.543615492661807
2026-06-04,-1,-43.719078900456225,54,-3.8391478725408046,3.8391478725408046
2026-06-08,1,93.21829605649327,345,9.17076125731997,9.17076125731997
2026-06-09,1,72.83439132490457,30,-62.79539723099026,-62.79539723099026
2026-06-10,1,131.33382123800402,85,-48.8518531193316,-48.8518531193316
2026-06-11,1,220.4621431826672,83,-6.285896342985708,-6.285896342985708
2026-06-12,-1,-78.25909077226606,33,36.42895514370137,-36.42895514370137
2026-06-17,-1,-89.73655366616003,42,24.150819402801726,-24.150819402801726
2026-06-22,1,218.3898010546509,60,-19.21745857253354,-19.21745857253354
2026-06-23,-1,-82.84445590303949,32,3.835826620637306,-3.835826620637306
2026-06-24,-1,-50.72408861193253,60,12.099010233745933,-12.099010233745933
2026-06-25,-1,-587.4307214304463,159,-9.986405062016868,9.986405062016868
2026-06-26,1,38.99643888711216,30,23.299753446244242,23.299753446244242
2026-06-29,-1,-22.461895098516834,30,-75.98874115648302,75.98874115648302
2026-07-01,-1,-53.93337380072626,30,-6.68432649221451,6.68432649221451
2026-07-02,1,152.04073877695555,48,-61.82008281401696,-61.82008281401696
2026-07-06,1,64.43218842644274,240,-13.359272587607496,-13.359272587607496
2026-07-07,-1,-210.64216919268074,172,-2.3705509837790295,2.3705509837790295
2026-07-08,1,115.95261774218307,42,24.102152099965135,24.102152099965135
2026-07-09,1,252.4091051468895,46,-9.2499159098558,-9.2499159098558
2026-07-10,1,77.25848433051942,51,2.2602464505760977,2.2602464505760977
2026-07-13,-1,-107.97440425038076,59,-21.463562446341065,21.463562446341065
2026-07-14,1,161.99717216467616,45,22.538682964301504,22.538682964301504
2026-07-15,-1,-99.90480285730519,280,2.6072987543845905,-2.6072987543845905
2026-07-16,-1,-174.60962466644196,46,-15.00495926619827,15.00495926619827
2026-07-17,-1,-55.56342210471121,30,36.97227514332102,-36.97227514332102
2026-07-21,1,39.91247606058823,39,23.29779917469077,23.29779917469077
2026-07-22,1,96.41240928694606,302,10.954871066302108,10.954871066302108
2026-07-24,-1,-220.2211552044355,104,2.2812420485562868,-2.2812420485562868
2026-07-28,-1,-248.1709422461572,79,-25.492572146672554,25.492572146672554
2026-07-29,-1,-158.11405870916133,225,-31.38188507737283,31.38188507737283
2026-07-31,-1,-154.7461793264847,180,-10.579958032833625,10.579958032833625
