obj,nweeks,mean,sd,sharpe,skew,kurt,wkpos,m0,m1,trades_wk,ac1
cell:h800_t500_v0.375_c2,204,857.8598039215686,4345.972260768971,0.1973919188728968,1.602119024246827,4.837236073112945,51.470588235294116,57.82395734888106,47.27418089546702,,0.021374618611356297
cell:h800_t500_v0.375_c3,204,925.9382352941175,3796.605675661076,0.24388580600562118,1.4449490842873873,3.2702152987537616,53.92156862745098,59.63403687616785,50.12220454058885,,0.0721823395900092
cell:h800_t500_v0.375_c4,204,741.108431372549,3443.699538183924,0.21520705368023527,1.5306047266184637,4.59449798219293,51.9607843137255,58.51970541345093,48.42475518998025,,0.04469103720361789
cell:h800_t500_v0.500_c2,204,1099.6450980392158,4416.885521706844,0.2489639119318341,1.6191001372969833,4.895261365669596,53.431372549019606,59.830565164298655,49.171468305456386,,-0.04139523473899882
cell:h800_t500_v0.500_c3,204,1155.608823529412,3762.7008190557412,0.3071221654607699,1.383766686673487,2.77560512925913,55.88235294117647,62.06248065554617,53.10436953635165,,-0.04094719128782559
cell:h800_t500_v0.500_c4,204,1016.130980392157,3394.1380086470963,0.2993782155597105,1.4731390998581055,3.889841192830997,54.41176470588235,61.7674259075902,52.17660996787038,,-0.027862019563852362
cell:h800_t500_v0.625_c2,204,674.450588235294,3673.342733954082,0.18360676829882897,1.1038690779568783,2.0539950883590725,48.03921568627451,57.28390234699495,49.98518384316444,,-0.1321014089690347
cell:h800_t500_v0.625_c3,204,636.4856862745097,3236.332600833656,0.19666881151540344,1.2533012926249838,3.2948220710145124,50.49019607843137,57.79566409010397,49.51395152622314,,-0.09835088263962681
cell:h800_t500_v0.625_c4,204,477.5319607843137,2461.6265709790005,0.1939904152864246,0.6701716580171525,1.0461287946072213,52.94117647058824,57.690830657991874,53.3100401689614,,-0.06558237711072115
cell:h800_t750_v0.375_c2,204,895.3411764705883,4358.317660826086,0.20543274863101266,1.6313521044094133,5.142957546152864,52.94117647058824,58.13829819225177,47.39676108712062,,0.005319598635606518
cell:h800_t750_v0.375_c3,204,1107.1399999999999,4433.724867875735,0.24970877377207384,2.5706283823749647,12.815803320825946,54.41176470588235,59.85937136880036,43.3760548169832,,-0.027963362914577652
cell:h800_t750_v0.375_c4,204,947.1272549019606,4175.955738147827,0.22680490749694643,2.917596542584781,16.61424129919268,52.94117647058824,58.971227624438185,40.786098875210854,,-0.09185449465376369
cell:h800_t750_v0.500_c2,204,1204.1545098039217,4426.503929346217,0.272032856860419,1.5484510284681756,4.629253409503335,53.92156862745098,60.720162223005325,50.558833169942766,,-0.03414934798555497
cell:h800_t750_v0.500_c3,204,1343.919607843137,4537.030974053737,0.2962112481772137,2.7975885534985396,16.067802842895393,55.88235294117647,61.64656203539543,43.70863684431543,,-0.07910840660490194
cell:h800_t750_v0.500_c4,204,1184.7717647058826,3794.6557961576864,0.312221141613301,1.6553771354015228,4.64838220749414,53.92156862745098,62.256376701921845,51.46364935339031,,-0.0372321042251182
cell:h800_t750_v0.625_c2,204,763.9084313725489,3790.631949283335,0.20152535028281368,0.9283098656474454,1.824943289325316,47.549019607843135,57.98560953173031,51.88035645342238,,-0.1427631599282598
cell:h800_t750_v0.625_c3,204,887.6043137254901,4065.8746444725207,0.2183058729890188,3.0639864183520413,20.695717115245444,50.49019607843137,58.64046005849658,39.80914887834936,,-0.14230451670305783
cell:h800_t750_v0.625_c4,204,668.1899999999999,2880.147295940829,0.23199855123441837,1.1625704096688276,3.8643363503046197,53.92156862745098,59.173043047208736,51.536520466724554,,-0.15210370321417765
cell:h800_t1000_v0.375_c2,204,953.0570588235295,4455.581214707942,0.2139018486920345,1.527371327283136,4.495957786217157,52.94117647058824,58.46882007243461,48.394783241066605,,-0.006244335159777422
cell:h800_t1000_v0.375_c3,204,1129.6735294117648,4595.733001634302,0.2458092167256101,2.3745381490215403,11.207224637546384,54.90196078431373,59.70850389913893,44.355168004434695,,-0.04058282202313742
cell:h800_t1000_v0.375_c4,204,924.050588235294,3863.5964027689683,0.23916850827716993,1.46669919770852,4.0388207102435985,53.92156862745098,59.451253956691815,49.7895765887779,,-0.06654692543303171
cell:h800_t1000_v0.500_c2,204,1246.4543137254902,4588.793487213671,0.2716300738306576,1.511046707439953,4.192439366600681,53.92156862745098,60.70467634946232,50.7933869624558,,-0.037346583352871346
cell:h800_t1000_v0.500_c3,204,1336.1721568627452,4518.447621388651,0.29571487130619883,2.731213855688541,16.164171116233018,56.372549019607845,61.62760803983402,44.064430299064945,,-0.05897695579409328
cell:h800_t1000_v0.500_c4,204,1144.2296078431373,3854.897460033822,0.29682491420487694,1.6398357003704056,4.433224175845765,54.41176470588235,61.669990828125734,50.944292614984356,,-0.044193375782154584
cell:h800_t1000_v0.625_c2,204,763.4399999999999,3807.0242045189448,0.2005345800254685,0.85396648636454,1.6589399643026645,48.03921568627451,57.94687418677962,52.34033563527204,,-0.14564980199895436
cell:h800_t1000_v0.625_c3,204,921.1794117647057,4173.983833015354,0.22069549107458583,2.891464769734455,18.559145328022264,50.98039215686274,58.7335228746778,40.723038851349685,,-0.1438069831232199
cell:h800_t1000_v0.625_c4,204,722.4852941176471,2906.6753270359286,0.248560713815395,1.0758675954823327,3.598452345449453,54.90196078431373,59.81496996595316,52.795545239820555,,-0.16076613489494435
cell:h800_t1500_v0.375_c2,204,1246.9476470588233,5101.853260230684,0.24441072360486543,2.106567717420587,8.884342388772314,54.90196078431373,59.65436313262542,45.89966091473289,,-0.08235210878073457
cell:h800_t1500_v0.375_c3,204,1219.05568627451,4838.407597299847,0.25195390461829303,2.0610880811106487,8.928605168035071,54.41176470588235,59.94616533266345,46.46009497957406,,-0.07508270735880083
cell:h800_t1500_v0.375_c4,204,1030.0423529411762,4355.722865269651,0.2364802318242552,2.519212674655366,13.826761773222625,55.392156862745104,59.34699774769365,43.20736677454315,,-0.10393164188867265
cell:h800_t1500_v0.500_c2,204,1520.6898039215687,5325.407356235415,0.285553705509687,2.21589244428933,9.908676119774004,53.431372549019606,61.23900173991661,46.75939444020221,,-0.08262146132015785
cell:h800_t1500_v0.500_c3,204,1368.1172549019607,4680.424004033114,0.29230626407416427,2.4553570982109534,13.889376182074184,55.88235294117647,61.49737650869852,45.548921300746656,,-0.07009662942286522
cell:h800_t1500_v0.500_c4,204,1320.3501960784313,4537.222981818378,0.2910040351486706,2.873498362018557,16.686817277051503,53.92156862745098,61.4475883300483,43.113059640721126,,-0.038539552758522916
cell:h800_t1500_v0.625_c2,204,994.3713725490196,4510.099829941626,0.2204765770255444,2.16888227337225,11.004664720283296,49.01960784313725,58.72499937978565,44.651638551812,,-0.13053851167612454
cell:h800_t1500_v0.625_c3,204,914.3023529411764,4237.975094559052,0.21574037896423898,2.8822578895851616,17.753518231076672,49.50980392156863,58.540493777890504,40.61219199117516,,-0.09018124796844061
cell:h800_t1500_v0.625_c4,204,810.0150980392154,3000.8938793172333,0.2699246060055649,1.0813055264452842,3.19196286626096,54.90196078431373,60.63908716483394,53.63356138062683,,-0.128835090670255
cell:h800_t2500_v0.375_c2,204,1358.753725490196,5548.535864088268,0.24488509379284074,1.9783205153504353,6.947012372859328,53.431372549019606,59.672729811084466,46.70903088987218,,-0.0498569791720528
cell:h800_t2500_v0.375_c3,204,1200.969411764706,4906.671699091119,0.2447625366879887,1.9849194863834114,8.470041878420147,55.88235294117647,59.66798484584469,46.66325032401681,,-0.07215044077055131
cell:h800_t2500_v0.375_c4,204,1051.4690196078434,4501.938396397998,0.23355917540966886,2.2660913753061163,11.79561615752675,55.88235294117647,59.233638776131826,44.550321731002015,,-0.09793657113556929
cell:h800_t2500_v0.500_c2,204,1515.0964705882354,5612.435330138468,0.26995348390960533,1.9265637362917414,7.955896583183302,50.49019607843137,60.64019800825589,47.993082566371,,-0.0715599002639643
cell:h800_t2500_v0.500_c3,204,1324.6619607843138,4865.647096791377,0.2722478499638526,2.267736924369291,11.929422426253824,54.90196078431373,60.72842740818742,45.946086231190826,,-0.07217594612835615
cell:h800_t2500_v0.500_c4,204,1256.7907843137257,4625.515154645751,0.2717082837900632,2.6994931532027477,15.494131304105583,54.41176470588235,60.7076834348496,43.41437418790298,,-0.05021164729626864
cell:h800_t2500_v0.625_c2,204,1101.3976470588236,4700.82204994652,0.23429894502629683,2.075237250162601,9.333245831348613,47.549019607843135,59.262354756024,45.71677592183998,,-0.10955150601561313
cell:h800_t2500_v0.625_c3,204,928.4811764705881,3893.3461131655213,0.23847897142534752,1.1977269946188576,2.811434096494975,49.50980392156863,59.424518835305705,51.562017757002764,,-0.09006277698823867
cell:h800_t2500_v0.625_c4,204,784.7368627450979,3146.7286424337995,0.24938180310907032,1.137334760332796,3.184785581433739,53.431372549019606,59.846727019807666,52.41293745659147,,-0.12960677211955468
cell:h800_tinf_v0.375_c2,204,1447.5609803921573,6394.141094812768,0.22638865156830645,2.2086717169393557,7.0705930012296925,49.50980392156863,58.95504232155736,44.630073727567535,,-0.03705746438506668
cell:h800_tinf_v0.375_c3,204,1484.5570588235296,5762.725784531451,0.25761369086976854,2.0295384845458524,6.4930599661266335,52.450980392156865,60.16474687571496,46.86931470413681,,0.03731785405092498
cell:h800_tinf_v0.375_c4,204,1182.1290196078432,5070.57493772246,0.23313510482083866,2.3922948963907413,11.21090049085151,52.450980392156865,59.21717519318946,43.80594284269091,,-0.03581534538473435
cell:h800_tinf_v0.500_c2,204,1594.4776470588238,6506.197470139649,0.2450705891385433,2.190944951052215,7.633683692091971,47.05882352941176,59.67991124513949,45.412835479852134,,-0.031176377782789207
cell:h800_tinf_v0.500_c3,204,1551.0105882352943,5559.658767350474,0.27897586041498157,2.472523625716556,11.382434195063414,52.94117647058824,60.9868324901245,44.966195062908824,,-0.026142860899199892
cell:h800_tinf_v0.500_c4,204,1273.9666666666665,4610.913490133623,0.27629376898800745,1.622171543062557,4.170072669074385,53.431372549019606,60.883877932335096,50.237025731056725,,-0.004774565198057901
cell:h800_tinf_v0.625_c2,204,1352.3633333333337,5541.5964383005985,0.24403858137097642,2.316567288020121,7.631297649781509,45.588235294117645,59.63995302817728,44.62989942832138,,-0.09013317138161481
cell:h800_tinf_v0.625_c3,204,1142.9921568627453,4520.07367677357,0.2528702491589946,1.5292733903206797,3.1421999395701565,48.529411764705884,59.981575990471555,49.9199075268401,,-0.08763954023023354
cell:h800_tinf_v0.625_c4,204,1045.7256862745096,3817.618342372988,0.2739209613144562,1.683276327205289,4.329042247253557,52.94117647058824,60.792731867195485,49.73618837045528,,-0.10438647828218421
cell:h1300_t500_v0.375_c2,204,1075.053137254902,4711.524244629125,0.22817523192847888,1.3760372339666176,3.45488255356082,54.90196078431373,59.0244992180285,49.953563275192316,,0.019648390249118797
cell:h1300_t500_v0.375_c3,204,1161.02431372549,4133.501017781061,0.2808815840932704,1.0546890628758054,1.8640096027144892,56.372549019607845,61.05993869817512,54.265191954093105,,0.004851976009643833
cell:h1300_t500_v0.375_c4,204,935.9427450980393,3711.0045210545095,0.2522073847627877,1.0980255679810806,2.6721194620296718,56.372549019607845,59.955961483532704,52.79439502614057,,-0.002203782729262549
cell:h1300_t500_v0.500_c2,204,1213.8252941176472,4651.108196722489,0.2609755014886554,1.4612801587056963,4.336108256049951,56.372549019607845,60.294430013465416,50.698249923919846,,-0.06271164929860057
cell:h1300_t500_v0.500_c3,204,1235.7568627450983,3956.081955911634,0.31236887317222733,1.1876863674374492,2.0691373005854423,57.35294117647059,62.26198983543995,54.66243387171242,,-0.05858052337129363
cell:h1300_t500_v0.500_c4,204,1104.7011764705885,3599.9888604171642,0.3068623874415479,1.1968474269389122,2.874190250368539,57.35294117647059,62.05259404139305,54.37129728169376,,-0.0458714020430593
cell:h1300_t500_v0.625_c2,204,852.755882352941,3786.2432206989006,0.22522480269915973,0.9796609522065635,1.521636150753685,54.90196078431373,58.90978023396487,52.495253449713864,,-0.04438124286579616
cell:h1300_t500_v0.625_c3,204,730.9047058823529,3287.53937886313,0.22232576454646405,1.127760894830411,2.580723689751129,54.90196078431373,58.796985162903184,51.37968656983961,,-0.025130972337574303
cell:h1300_t500_v0.625_c4,204,589.7301960784313,2771.6618901138218,0.21277133339456974,0.6441775896630901,1.159264631881916,54.90196078431373,58.42473378041162,54.24583813272184,,-0.04594412604164626
cell:h1300_t750_v0.375_c2,204,1166.4837254901959,4729.421379378039,0.24664406740674033,1.2188382672892535,3.188553196541122,54.41176470588235,59.7408151486205,51.75062579225921,,-0.010177463637922206
cell:h1300_t750_v0.375_c3,204,1446.9407843137253,4806.54704072711,0.30103539444291794,1.9072767062775786,8.29204190231885,58.333333333333336,61.83062476199436,49.331610653983546,,-0.107555149278216
cell:h1300_t750_v0.375_c4,204,1127.664117647059,3972.1048557398162,0.28389585839294973,1.0199447467602898,1.9881424211469119,58.82352941176471,61.175490475037606,54.62531292045445,,-0.11108673750037597
cell:h1300_t750_v0.500_c2,204,1289.2592156862745,4600.215766161706,0.2802605967245743,1.3400808989416224,3.77215927107752,55.392156862745104,61.03612104508823,52.29887740856093,,-0.06291382963039899
cell:h1300_t750_v0.500_c3,204,1467.69568627451,4623.577663577633,0.31743723001266433,2.1666364582702955,9.684570820355459,58.82352941176471,62.45440693187876,48.28503180323481,,-0.09119300892923078
cell:h1300_t750_v0.500_c4,204,1248.2401960784316,3822.5788043832613,0.3265440060116233,1.3388257522589366,3.335967533938213,58.82352941176471,62.79935998441132,54.21728283275502,,-0.048872470994798974
cell:h1300_t750_v0.625_c2,204,1024.510588235294,3917.539407574248,0.261518897871068,0.8618608902304706,1.024347553128397,54.90196078431373,60.31538109673308,54.77354054029831,,-0.10539441031514252
cell:h1300_t750_v0.625_c3,204,1024.7690196078431,4174.692882689379,0.24547171454386763,2.8425586749295904,17.909407985951617,54.41176470588235,59.69543965916139,41.76825459180786,,-0.10948238152363012
cell:h1300_t750_v0.625_c4,204,825.5321568627451,3126.187693137189,0.2640699273031517,1.0347279893965418,2.6431454633253173,56.372549019607845,60.41369819240459,53.70920584473377,,-0.11153473694289205
cell:h1300_t1000_v0.375_c2,204,1165.763725490196,4887.455340739392,0.23852161180337966,0.9921112948439974,2.966171715750529,54.41176470588235,59.42617224034995,52.95254751116302,,-0.021994977902140122
cell:h1300_t1000_v0.375_c3,204,1358.1066666666668,4989.062913658242,0.27221678502964236,1.6026184093364408,7.4865781308504165,57.35294117647059,60.727233179147724,50.20428630754057,,-0.07892113469968705
cell:h1300_t1000_v0.375_c4,204,1081.7939215686276,4226.907193457501,0.2559303699033307,0.841412346125188,2.2294287618000146,57.35294117647059,60.099769820386626,54.68217917591423,,-0.06636222230014183
cell:h1300_t1000_v0.500_c2,204,1354.317843137255,4760.584969310068,0.2844855940746985,1.201199163381106,2.801871005791006,56.372549019607845,61.198086378237946,53.41706398775575,,-0.06832400463870256
cell:h1300_t1000_v0.500_c3,204,1474.5931372549019,4702.820324031747,0.31355506603550765,2.108670752197443,8.9733654532935,58.333333333333336,62.30705041994556,48.50836299110952,,-0.08689712081854309
cell:h1300_t1000_v0.500_c4,204,1232.295098039216,3926.909403985888,0.313807875676585,1.2801370163869092,2.9291827912275625,57.35294117647059,62.31665187963156,54.090030804595756,,-0.051046593358295145
cell:h1300_t1000_v0.625_c2,204,1066.3598039215685,4024.914849996472,0.26493971764955554,0.8523691486716788,0.8851525248443393,54.41176470588235,60.44720495025586,54.97784063976439,,-0.0794490618278415
cell:h1300_t1000_v0.625_c3,204,1055.1145098039217,4183.0106990774375,0.2522380614605234,2.8111824410962085,17.667518167281674,55.392156862745104,59.95714699174965,42.15475846134055,,-0.11784353049488958
cell:h1300_t1000_v0.625_c4,204,893.8752941176471,3145.36084532692,0.2841884725072745,0.9740891833671645,2.4548715958847307,56.86274509803921,61.18670254776308,54.94811892251368,,-0.12715965505504767
cell:h1300_t1500_v0.375_c2,204,1532.1378431372548,5534.076698222044,0.27685518771893625,1.508487003502241,5.901965008308439,56.372549019607845,60.905434847807896,51.021401050740444,,-0.07994757666730581
cell:h1300_t1500_v0.375_c3,204,1461.8729411764705,5151.867448556182,0.2837559304027052,1.4124667103710977,6.352006062858951,56.86274509803921,61.17012853563345,51.95036580650259,,-0.09792340793487467
cell:h1300_t1500_v0.375_c4,204,1171.0096078431372,4306.221963671147,0.27193433541563805,0.703459009619249,1.861425539543843,57.84313725490197,60.71637450748173,56.261531761130655,,-0.08440515536975193
cell:h1300_t1500_v0.500_c2,204,1610.2613725490196,5451.728030376441,0.2953671503011186,1.4953586670267673,4.545930437143723,54.41176470588235,61.61432876451294,51.86174052056156,,-0.09988015269481568
cell:h1300_t1500_v0.500_c3,204,1483.1413725490195,4782.892136151018,0.31009300028717807,1.812269573455757,8.200958057425632,57.84313725490197,62.175488247242505,50.321852407357184,,-0.0914482393605717
cell:h1300_t1500_v0.500_c4,204,1407.7180392156865,4538.389846614575,0.31018006094513406,2.110013219187748,10.575036614225464,57.84313725490197,62.17879838276963,48.3687601928884,,-0.05255103168606499
cell:h1300_t1500_v0.625_c2,204,1259.7786274509804,4584.89744224014,0.2747670244147193,2.0192841606625835,9.572443295118715,53.431372549019606,60.82523829916256,47.58601551235222,,-0.09760508458097542
cell:h1300_t1500_v0.625_c3,204,1114.3535294117646,4360.095431051837,0.25558007778351216,2.6085341395723574,15.015974028540079,54.41176470588235,60.08624483916666,43.366760397522185,,-0.09022851255193697
cell:h1300_t1500_v0.625_c4,204,948.7033333333333,3267.5714345896813,0.29033897263594627,0.9547946171759826,2.19988857904346,56.86274509803921,61.422153679588895,55.3325110616834,,-0.10212320768933829
cell:h1300_t2500_v0.375_c2,204,1532.5107843137253,5887.398049370654,0.26030357918088215,1.5038103723366414,5.081374984392314,54.41176470588235,60.26851940205715,50.38665122993461,,-0.07137835971534513
cell:h1300_t2500_v0.375_c3,204,1358.0386274509804,5250.414086881738,0.25865362331021974,1.3803271807233748,6.098165662408501,56.372549019607845,60.204874736197844,51.14838717220095,,-0.10125612824028402
cell:h1300_t2500_v0.375_c4,204,1136.8198039215686,4403.729949964322,0.25814929998847425,0.6513777622475158,1.5154966975517707,57.35294117647059,60.18541576359543,56.04451031697132,,-0.0703041228522786
cell:h1300_t2500_v0.500_c2,204,1667.7788235294117,5674.590766134949,0.2939029248562644,1.3242091329308707,3.7953968025088196,51.470588235294116,61.55839584736527,52.96634334265033,,-0.09721357647997642
cell:h1300_t2500_v0.500_c3,204,1417.208039215686,5005.447192209711,0.2831331517034832,1.6053274574634027,6.847855054771603,55.88235294117647,61.14626152510638,50.62408207452924,,-0.09434780984065932
cell:h1300_t2500_v0.500_c4,204,1197.0174509803924,4188.910743372112,0.28575864331183676,0.8782017358847065,2.311751626172729,57.84313725490197,61.24685071669156,55.66013536939132,,-0.056912493194296594
cell:h1300_t2500_v0.625_c2,204,1507.1298039215685,4963.019731638835,0.30367193471219595,1.8366208591134254,6.9322240052811175,52.450980392156865,61.931107914231646,49.903067705536934,,-0.1148788101004155
cell:h1300_t2500_v0.625_c3,204,1043.2670588235294,4127.4600589089705,0.2527624844174266,1.0212414382627037,2.240600599201332,53.431372549019606,59.97741202088006,53.337216137367946,,-0.07728741624312563
cell:h1300_t2500_v0.625_c4,204,865.058431372549,3464.268026937945,0.24970886335754203,0.9846815245313592,2.464652226999579,53.92156862745098,59.85937483303682,53.4597743895383,,-0.1150439229923165
cell:h1300_tinf_v0.375_c2,204,1523.2021568627451,6726.891914185206,0.2264347601082636,1.716802623767598,4.936869091432579,51.470588235294116,58.956835237701064,47.65904889409509,,-0.04179937288129468
cell:h1300_tinf_v0.375_c3,204,1664.683725490196,5987.792129516797,0.27801294525308323,1.5567451245875819,4.879304351163438,54.90196078431373,60.949878926688115,50.743809810031294,,-0.00973157167841589
cell:h1300_tinf_v0.375_c4,204,1338.0170588235294,4942.947010957549,0.27069217126087064,0.9266818431775081,1.6800985337626768,55.88235294117647,60.66861007381543,54.71288812857268,,-0.021203626440937037
cell:h1300_tinf_v0.500_c2,204,1726.1796078431373,6532.289580208485,0.2642533810921537,1.705260290076562,4.918629574807222,48.529411764705884,60.42076598696197,49.20836132021427,,-0.06125016179360188
cell:h1300_tinf_v0.500_c3,204,1611.7472549019606,5645.705045827586,0.28548201541154006,1.6597638539959814,5.469996521932975,52.94117647058824,61.23625595003565,50.35411656518063,,-0.010237485051040811
cell:h1300_tinf_v0.500_c4,204,1411.2037254901961,4716.766538555966,0.299188801047218,1.1257818178878523,2.534029049425624,56.372549019607845,61.760200317785085,54.537983683145285,,0.03244949537413985
cell:h1300_tinf_v0.625_c2,204,1644.6117647058823,5993.207599957144,0.27441261415967677,2.2485151531247283,7.529202088964086,49.01960784313725,60.8116224875064,46.14321015086341,,-0.08434091426161014
cell:h1300_tinf_v0.625_c3,204,1268.3454901960786,4890.346077182075,0.25935700054318594,1.5749260374236664,3.6644190964440506,51.470588235294116,60.23200982909862,49.875206912801225,,-0.05772505902763831
cell:h1300_tinf_v0.625_c4,204,1145.083137254902,4204.308024636119,0.27235947759893464,1.676392597493286,4.370544114546842,52.94117647058824,60.73271862518935,49.71972547870996,,-0.05816507204455873
cell:h2000_t500_v0.375_c2,204,1333.5588235294117,5571.921347431701,0.23933554341072974,1.2611123650739984,3.962050684218422,58.82352941176471,59.457729676558046,51.16996876720851,,-0.06372952683210964
cell:h2000_t500_v0.375_c3,204,1214.2254901960782,4689.684200993656,0.2589141268699514,0.8266249545785928,2.3403527734899052,57.84313725490197,60.214925095147564,54.90397438115421,,-0.026866365977343484
cell:h2000_t500_v0.375_c4,204,996.5247058823528,4199.327477871348,0.23730578554152065,1.0475392645398272,3.6804840962248795,56.372549019607845,59.37902129648405,52.52832059521906,,-0.025260257460857794
cell:h2000_t500_v0.500_c2,204,1361.4405882352942,4833.177784741206,0.281686428447447,1.1216818921380824,2.9605195825320854,55.88235294117647,61.090801909812654,53.84301654959399,,-0.09258619614762037
cell:h2000_t500_v0.500_c3,204,1276.3801960784315,4236.472427943451,0.3012837255022656,0.8904877888467351,1.7518163824856243,59.31372549019608,61.84009250553066,56.21822357931986,,-0.08348776645193177
cell:h2000_t500_v0.500_c4,204,1106.680980392157,3986.0386373108568,0.277639300841993,1.1879999714825866,3.7901227867045737,59.80392156862745,60.93553699885248,53.22537111826017,,-0.07319310674451819
cell:h2000_t500_v0.625_c2,204,856.8960784313725,4363.542211590412,0.19637625508819206,0.6590055388717729,2.0942109325764964,54.41176470588235,57.784215994665246,53.48155149361047,,-0.05242254883860306
cell:h2000_t500_v0.625_c3,204,789.5215686274508,3949.7889719898585,0.19988955719568455,0.6926198503641161,3.4204423964645896,56.86274509803921,57.921652111047884,53.39856521667332,,-0.06559224243463302
cell:h2000_t500_v0.625_c4,204,583.6113725490195,3207.5406449688476,0.18194979803745798,0.29870595050856535,2.036302075068873,55.392156862745104,57.21889382409614,55.29217868322272,,-0.06884836197477963
cell:h2000_t750_v0.375_c2,204,1423.850588235294,5509.849537335883,0.25841914168199825,1.235989020571658,3.9811242548020687,57.35294117647059,60.19582773737008,52.11338915596239,,-0.07330958845368356
cell:h2000_t750_v0.375_c3,204,1314.4186274509805,4746.059801918563,0.27694944486785344,0.7797772868513108,2.033689191966203,59.31372549019608,60.90905373148253,55.95810481079545,,-0.05367175123244457
cell:h2000_t750_v0.375_c4,204,1136.0672549019607,4201.44419469605,0.27039922518455556,0.88645655697387,3.1264008620286976,59.31372549019608,60.657343193965055,54.972381714510334,,-0.10114202732341579
cell:h2000_t750_v0.500_c2,204,1464.299019607843,4843.748143244369,0.3023070102540566,1.05912352855129,2.801727751060361,55.88235294117647,61.879098260130064,55.120673261726175,,-0.10497332875910789
cell:h2000_t750_v0.500_c3,204,1525.4382352941175,4829.10088392181,0.3158845242543946,1.827461169260607,8.09417308488458,59.80392156862745,62.395492059180135,50.452665204061844,,-0.1308580848669141
cell:h2000_t750_v0.500_c4,204,1278.7349019607846,4215.461581938273,0.303343981935383,1.2085049728320096,3.6180179739084597,60.78431372549019,61.918613427891145,54.14588187666175,,-0.07917225611487395
cell:h2000_t750_v0.625_c2,204,1129.181176470588,4437.405548293084,0.2544687800521061,0.6044860220241127,1.6797283229832418,56.86274509803921,60.04332898430638,56.205384611872525,,-0.09183706544947767
cell:h2000_t750_v0.625_c3,204,1120.1323529411766,4733.970115570402,0.23661584792370627,1.9722540302945153,11.332257590113423,57.35294117647059,59.35225877851645,46.435724422363265,,-0.14529620686001637
cell:h2000_t750_v0.625_c4,204,826.0139215686273,3561.4670869647684,0.23193080306480973,0.6206648044468903,2.269305188073586,56.86274509803921,59.17041203140063,55.18122686833249,,-0.12656841567676969
cell:h2000_t1000_v0.375_c2,204,1432.1482352941175,5746.13208796746,0.24923691508816348,1.0177038713829594,3.3850582477506244,57.84313725490197,59.8411236959416,53.216963949630745,,-0.077221865756477
cell:h2000_t1000_v0.375_c3,204,1410.0811764705882,5331.650472437494,0.26447367166323926,1.3365279155011789,6.232353483905486,58.82352941176471,60.4292525134553,51.6796128454308,,-0.10663900250935811
cell:h2000_t1000_v0.375_c4,204,1141.6211764705881,4572.784399945488,0.24965558762932216,0.8977262814262068,3.1030527990019827,58.333333333333336,59.857314666930286,54.04543195951381,,-0.07716697091226726
cell:h2000_t1000_v0.500_c2,204,1521.1839215686275,4966.7270289424905,0.30627491962096337,1.0949474563218098,2.660838790752332,56.86274509803921,62.03023332555152,55.041654964521584,,-0.08580036596670279
cell:h2000_t1000_v0.500_c3,204,1540.2366666666662,4911.949700598984,0.3135693076170636,1.6915809212492159,7.2505708590810265,60.78431372549019,62.30759132133868,51.27346777748598,,-0.12013114267741085
cell:h2000_t1000_v0.500_c4,204,1241.0954901960786,4286.446717569325,0.2895394651959782,1.1684012971069087,3.3182639627809767,61.274509803921575,61.3915708168128,53.84874962297064,,-0.09113361744598322
cell:h2000_t1000_v0.625_c2,204,1166.6015686274511,4576.654570431735,0.2549026916220598,0.5799138628194416,1.499487792825847,56.86274509803921,60.06008713438712,56.38540055546868,,-0.07895128224882532
cell:h2000_t1000_v0.625_c3,204,1151.9954901960784,4724.39056587152,0.24384002002670305,2.0098623724125226,11.255606017174351,58.82352941176471,59.63226379337826,46.473460857631935,,-0.14893609238822336
cell:h2000_t1000_v0.625_c4,204,878.1560784313725,3594.4710505115804,0.2443074561155221,0.585985541034608,2.106806942364771,58.82352941176471,59.65036453663626,55.91465610944806,,-0.14089721599251112
cell:h2000_t1500_v0.375_c2,204,1784.5737254901962,6307.103890793374,0.28294661961969264,1.2381126041465211,4.37418409132001,59.80392156862745,61.13911215797735,53.10243168722339,,-0.12866321444272324
cell:h2000_t1500_v0.375_c3,204,1419.839019607843,5436.336989772025,0.2611756817649718,1.1274401764550397,5.593944892468874,57.35294117647059,60.3021484705311,52.96167491921676,,-0.13914337919029193
cell:h2000_t1500_v0.375_c4,204,1231.058039215686,4660.081560672758,0.2641709212999188,0.7496578292519291,2.7015411042127484,58.82352941176471,60.41758915916493,55.635652563356565,,-0.0842829218436539
cell:h2000_t1500_v0.500_c2,204,1842.6974509803922,5759.255635757738,0.31995409954362114,1.245722489234918,3.4255042188537415,56.372549019607845,62.54984369214238,54.58105115807443,,-0.10873490704963884
cell:h2000_t1500_v0.500_c3,204,1609.0927450980394,5180.795462959619,0.31058796985951986,1.3479207228940686,5.827959181407506,59.31372549019608,62.194306307240346,53.492688092956676,,-0.1175984230958811
cell:h2000_t1500_v0.500_c4,204,1335.8133333333335,4493.6276605468975,0.2972683618319098,0.9789815040563193,2.702071227172267,60.29411764705882,61.68691829765681,55.45537742562268,,-0.0606930906468515
cell:h2000_t1500_v0.625_c2,204,1379.2843137254902,5173.396618490971,0.26661097446029836,1.401521575438315,6.102355635174181,55.88235294117647,60.51156474944525,51.32754650817832,,-0.127165237709977
cell:h2000_t1500_v0.625_c3,204,1153.1494117647057,4891.439882603969,0.2357484584172839,1.8550835548999824,9.975845662996774,58.333333333333336,59.31860674542424,47.136596948656624,,-0.12963907956467063
cell:h2000_t1500_v0.625_c4,204,938.9770588235293,3764.0284399713923,0.2494606706081811,0.6450467523361704,2.010069762010051,58.82352941176471,59.8497770153063,55.73239855495999,,-0.11801521042693068
cell:h2000_t2500_v0.375_c2,204,1825.5349019607843,6738.5065221792065,0.2709109052506212,1.2956563791562308,3.712224029802414,57.84313725490197,60.677022130263516,52.21843510665267,,-0.13602877208159456
cell:h2000_t2500_v0.375_c3,204,1412.8580392156864,5777.93393738764,0.24452651320109722,1.094596113371857,4.498324193712209,57.84313725490197,59.65884647412627,52.504254202140935,,-0.1261939441497146
cell:h2000_t2500_v0.375_c4,204,1137.5984313725492,4801.686031891359,0.23691645472381193,0.7018453101713757,2.253267180306092,57.35294117647059,59.363919783453035,54.842139269161784,,-0.07725000745067516
cell:h2000_t2500_v0.500_c2,204,1792.7958823529411,5961.340607776892,0.3007370322061688,1.0803912855123736,3.0123888509535686,55.88235294117647,61.81924861924111,54.91105275354238,,-0.11546545291626062
cell:h2000_t2500_v0.500_c3,204,1446.5845098039215,5387.590471831057,0.26850305667577534,1.2350521067857192,5.124367122514213,58.333333333333336,60.58439388289948,52.53121594887863,,-0.13059586291951608
cell:h2000_t2500_v0.500_c4,204,1184.5,4614.020291720217,0.2567175532638133,0.824098357765618,2.6083860197437243,59.31372549019608,60.13015899877446,54.83096476464519,,-0.08419840833324775
cell:h2000_t2500_v0.625_c2,204,1414.0072549019608,5375.086860706185,0.2630668659959454,1.398898564951275,5.335150732719844,52.94117647058824,60.37504790949211,51.20178119631312,,-0.14270735236130597
cell:h2000_t2500_v0.625_c3,204,1231.9201960784312,5134.8803355142745,0.23991215288078382,1.733805904112568,8.411154077478091,55.392156862745104,59.48008203358841,48.070703521682226,,-0.13406695792851012
cell:h2000_t2500_v0.625_c4,204,854.2523529411764,3947.4680268480374,0.21640513542633485,0.7093985862066894,1.937272864015835,54.90196078431373,58.5664018190297,53.956535759704074,,-0.1259903363922433
cell:h2000_tinf_v0.375_c2,204,1852.2423529411765,7349.6782631519745,0.2520167940177052,1.3920497012327173,3.5280866975306324,54.90196078431373,59.948595853776574,50.80191034581002,,-0.06040270245244806
cell:h2000_tinf_v0.375_c3,204,1654.7821568627448,6378.565778554074,0.25942856345958376,1.2710691751606396,3.800787557069601,56.86274509803921,60.23477032704364,51.91710806705607,,-0.055378448100453656
cell:h2000_tinf_v0.375_c4,204,1280.493137254902,5244.929389161743,0.24413925188410468,0.8539735668115953,1.8292741826195655,55.88235294117647,59.64385132447775,54.114945967975444,,-0.038862233682988696
cell:h2000_tinf_v0.500_c2,204,1896.12431372549,6763.041393440687,0.2803656230116373,1.4591973311325832,4.096770375798806,52.94117647058824,61.04014956614592,51.496010576720266,,-0.06485182379541148
cell:h2000_tinf_v0.500_c3,204,1682.577254901961,6141.889710940754,0.273951069473737,1.4907029856360026,4.827010230504074,56.86274509803921,60.793888776562845,51.02374163330242,,-0.05751942211917663
cell:h2000_tinf_v0.500_c4,204,1317.4041176470591,5124.577106363869,0.2570756747929626,1.0247313981653328,2.7751852867935174,56.372549019607845,60.1439822331851,53.490175621229376,,-0.026753864614277166
cell:h2000_tinf_v0.625_c2,204,1574.3839215686276,6272.5010698982105,0.2509977924314928,1.7242716874995707,5.279583325706865,50.0,59.90920920230122,48.563790645075215,,-0.10956382451538285
cell:h2000_tinf_v0.625_c3,204,1486.9507843137253,5949.559667442168,0.24992619074833056,1.8868727911883483,6.549994794860121,52.450980392156865,59.86777857352907,47.47666697448986,,-0.10876055604962212
cell:h2000_tinf_v0.625_c4,204,1122.5211764705882,4606.2620122494345,0.24369459954415687,1.2852907898012904,3.0260965288677673,53.431372549019606,59.6266321880045,51.18340907689556,,-0.08924093720344335
cell:hinf_t500_v0.375_c2,204,1280.0496078431372,6577.913506208368,0.19459812091402548,-0.3399953062484252,6.128202785275409,62.254901960784316,57.71462128850568,59.78495692637037,,-0.09157900720707104
cell:hinf_t500_v0.375_c3,204,1230.2882352941176,5294.197450059412,0.2323842748404314,-0.43739401519036764,4.897711259897249,60.78431372549019,59.18802192420153,61.74444429366771,,-0.09182442714014294
cell:hinf_t500_v0.375_c4,204,994.9452941176472,4759.119301745618,0.20906080117653425,-0.35401511235443844,5.672031622137009,59.31372549019608,58.27996126775069,60.4091762160351,,-0.13085319069880613
cell:hinf_t500_v0.500_c2,204,1478.7364705882353,5781.627615180523,0.2557647377194603,-0.14007960271360598,6.381511543674698,61.274509803921575,60.09337481704576,60.9231219845897,,-0.12196886142137499
cell:hinf_t500_v0.500_c3,204,1344.706862745098,4895.379458618303,0.2746889948189297,0.0973788851190734,3.838406362472255,61.76470588235294,60.822240654637795,60.239552644747384,,-0.11670204643931349
cell:hinf_t500_v0.500_c4,204,1169.459411764706,4299.399212495342,0.27200530910595755,0.05132748730674078,5.255909362020592,63.23529411764706,60.7191031434281,60.41282106791064,,-0.11320470475491384
cell:hinf_t500_v0.625_c2,204,917.1415686274509,5297.848596105093,0.17311585108372501,-1.024833615983297,7.50333582988544,59.80392156862745,56.87198171493792,62.770915928643724,,-0.09491115789987821
cell:hinf_t500_v0.625_c3,204,923.4166666666666,4630.562963425394,0.19941779735213494,-0.6168000127960023,7.358371040182101,59.80392156862745,57.90320301048103,61.53804020660923,,-0.030682218657782437
cell:hinf_t500_v0.625_c4,204,712.516862745098,3895.8982269495605,0.1828889825243176,-0.9517943122392348,9.779635202374179,58.333333333333336,57.25574361162703,62.73291247453604,,-0.06899850911289664
cell:hinf_t750_v0.375_c2,204,1337.220980392157,6405.337562246669,0.20876666801665442,-0.37794095883791917,6.56110614996561,61.76470588235294,58.26848034822589,60.53646048483304,,-0.059367647736328626
cell:hinf_t750_v0.375_c3,204,1316.2454901960784,5354.938462248859,0.24580030181024867,-0.42291198836558896,4.65274736909893,61.274509803921575,59.7081588290957,62.154171946694035,,-0.0888478673203496
cell:hinf_t750_v0.375_c4,204,1140.5480392156865,4974.161760355342,0.22929452120073562,0.06727000618758901,6.456928580728247,61.274509803921575,59.0679994246051,58.6526459813848,,-0.1817429288238122
cell:hinf_t750_v0.500_c2,204,1584.182156862745,5914.166947336934,0.26786226546683467,0.3000032023188779,7.960293147913143,60.29411764705882,60.55973298113793,58.71766063130751,,-0.11671912836752911
cell:hinf_t750_v0.500_c3,204,1426.0149019607843,4987.750085461794,0.2859034389307731,0.09616003422796228,4.0176837037363375,61.76470588235294,61.252396012157504,60.68253470669307,,-0.12714902777490023
cell:hinf_t750_v0.500_c4,204,1261.625882352941,4588.520146730365,0.2749526736309387,0.5200639643534513,5.868352405701444,62.745098039215684,60.832370082802115,57.59144226569245,,-0.14862135829206666
cell:hinf_t750_v0.625_c2,204,1102.32,5304.554793044356,0.20780631796761279,-0.8826291817053918,6.516889321423005,59.31372549019608,58.230990036040545,63.23545041601568,,-0.11835549421762712
cell:hinf_t750_v0.625_c3,204,1058.959607843137,4747.333327687166,0.22306409403930505,-0.3118457762540993,5.362636360800273,58.333333333333336,58.825718845051924,60.68872688409066,,-0.051559591903874595
cell:hinf_t750_v0.625_c4,204,934.4594117647057,4193.041667044589,0.22285955780242633,-0.34441520962816874,8.919154631202566,58.333333333333336,58.81775935016464,60.86847954469571,,-0.10741422481486557
cell:hinf_t1000_v0.375_c2,204,1448.4982352941176,6722.670432671975,0.21546471001381537,-0.42222067309223477,5.796336892850313,60.78431372549019,58.52974883910566,61.03785301765431,,-0.08853804283368406
cell:hinf_t1000_v0.375_c3,204,1334.922745098039,5631.402242044582,0.23704979465529555,-0.43297559011256714,4.213080494457742,59.80392156862745,59.36909198079364,61.89043580873166,,-0.08742826278121855
cell:hinf_t1000_v0.375_c4,204,1188.0243137254904,5349.83902324265,0.22206730119617765,0.10124266084483405,5.470375091936839,59.31372549019608,58.78692538962906,58.156898179237125,,-0.17026748927374555
cell:hinf_t1000_v0.500_c2,204,1647.4313725490197,6110.354703524245,0.26961305071190667,0.2694345893344513,6.959968503135146,61.76470588235294,60.62710204831527,58.979655677934986,,-0.10102495712613475
cell:hinf_t1000_v0.500_c3,204,1453.3999999999999,5133.968295592962,0.2830948530102162,0.10832858726542358,3.449103777080601,61.274509803921575,61.14479365068601,60.50038658133686,,-0.0868833971750304
cell:hinf_t1000_v0.500_c4,204,1271.2174509803924,4733.839768635463,0.26853833528607646,0.5011223696215255,5.174404974838332,62.745098039215684,60.58575145995152,57.454948808761856,,-0.1439269973141025
cell:hinf_t1000_v0.625_c2,204,1206.8288235294117,5407.336011808365,0.22318361960380825,-0.563202718148194,4.716650693551906,58.82352941176471,58.830369995154406,62.10113894751218,,-0.10624273938083031
cell:hinf_t1000_v0.625_c3,204,1080.5192156862745,4767.680076220873,0.22663416974545694,-0.2872208492194498,5.091714210070416,59.31372549019608,58.96458900344387,60.68002408300023,,-0.07239482808472307
cell:hinf_t1000_v0.625_c4,204,989.5578431372548,4231.351027365544,0.23386333034944576,-0.36032813094969646,8.55702620925006,59.80392156862745,59.24544590082926,61.36731418791667,,-0.12437090744468954
cell:hinf_t1500_v0.375_c2,204,1699.8652941176472,7268.657300980488,0.23386235225154278,-0.05089677055148486,5.469904467700276,61.274509803921575,59.245407932961,59.555140796326214,,-0.16597328180920928
cell:hinf_t1500_v0.375_c3,204,1510.8878431372548,6332.496927887115,0.23859274790700513,0.6273177148692535,8.022858685431812,59.80392156862745,59.428930546021434,55.40786217419254,,-0.17991976587974043
cell:hinf_t1500_v0.375_c4,204,1250.1529411764707,5366.153396467977,0.23297003436378214,-0.0388049599984093,5.266251035931781,59.31372549019608,59.21076626519207,59.447352927730535,,-0.18891277593093098
cell:hinf_t1500_v0.500_c2,204,1951.0829411764705,7239.774376542583,0.26949499248182746,1.070389711965155,8.712529965427189,60.29411764705882,60.62256024260746,53.69001856817442,,-0.16840898014820938
cell:hinf_t1500_v0.500_c3,204,1673.4023529411763,6025.536516251164,0.2777183987563479,1.0393689419431809,9.300202143650669,59.80392156862745,60.93857320910108,54.23886536289522,,-0.17373024470206294
cell:hinf_t1500_v0.500_c4,204,1368.9349019607844,5013.2842776139205,0.2730614954499111,0.1077447860044387,5.0153839600675525,61.274509803921575,60.75970277588863,60.113403130946494,,-0.13522008232891675
cell:hinf_t1500_v0.625_c2,204,1407.8392156862747,6453.385781599845,0.21815513024192087,0.6388636660849327,12.275455489016023,57.35294117647059,58.6345878028946,54.49999382080644,,-0.12275566681480228
cell:hinf_t1500_v0.625_c3,204,1311.8760784313724,5762.293566405887,0.2276656097633756,0.9183055327212685,12.971311145186464,59.31372549019608,59.00468951037986,53.00863047089823,,-0.09486678130694731
cell:hinf_t1500_v0.625_c4,204,1071.9235294117648,4598.6768310187945,0.23309390261595964,-0.8644837251680159,11.687711304422782,59.31372549019608,59.21557552382735,64.00686354568187,,-0.10693855500450007
cell:hinf_t2500_v0.375_c2,204,1758.3150980392156,7683.233620713519,0.22885092199967835,0.10363276944749664,4.5658256106836514,59.31372549019608,59.05076065895633,58.408600584219506,,-0.1687181252241104
cell:hinf_t2500_v0.375_c3,204,1436.7894117647058,6584.5271794772425,0.21820692247165652,0.5114950132471358,5.988374430561814,58.82352941176471,58.63660541568672,55.34963670919456,,-0.19074233900040943
cell:hinf_t2500_v0.375_c4,204,1148.7011764705885,5596.835786282056,0.20524117918307977,0.03732481767760987,4.334570516084712,57.84313725490197,58.13081510730327,57.89732061876413,,-0.18419160877481924
cell:hinf_t2500_v0.500_c2,204,1883.0250980392157,7487.617639468135,0.2514852104778379,1.0040826816387431,7.518577390232956,59.80392156862745,59.92805024070768,53.401135754795334,,-0.1944794071649151
cell:hinf_t2500_v0.500_c3,204,1622.5745098039217,6313.225240416953,0.25701197850763835,0.9833983929974089,8.084769397096691,59.31372549019608,60.14152369520816,53.76751224274815,,-0.2064109060432162
cell:hinf_t2500_v0.500_c4,204,1252.6560784313724,5175.054610637277,0.24205659122061232,0.11271779013296086,4.5180112618475174,61.274509803921575,59.563184336197715,58.87048857875773,,-0.1797317370883019
cell:hinf_t2500_v0.625_c2,204,1517.9686274509806,6602.265860905997,0.22991631349463365,0.6305473147416959,11.340349989736268,55.88235294117647,59.092160022958296,55.0334686243484,,-0.11527743073577652
cell:hinf_t2500_v0.625_c3,204,1376.2060784313728,5909.758890169318,0.23287008895077677,0.8888463183708925,11.962018627521278,57.84313725490197,59.20688572385857,53.41952892996641,,-0.11218511598915396
cell:hinf_t2500_v0.625_c4,204,945.3774509803922,4685.923928416442,0.20174835644416284,-0.7373323845560892,10.743829818543892,55.88235294117647,57.994327158678736,62.27177846454709,,-0.11690830841320288
cell:hinf_tinf_v0.375_c2,204,1759.9162745098038,8388.130295645095,0.20981031677863993,0.4960756957129428,4.067777132066473,57.35294117647059,58.3092139672136,55.112183702278784,,-0.12391020367013908
cell:hinf_tinf_v0.375_c3,204,1729.333137254902,7377.426012186678,0.23440874017553523,0.8383621228219696,4.527332344011354,58.333333333333336,59.26661630141143,53.82272451868623,,-0.10859340493741713
cell:hinf_tinf_v0.375_c4,204,1280.0950980392156,5997.317381293408,0.21344461475926502,0.2432836624130761,3.279371917211183,57.35294117647059,58.450990768567394,56.9117069067625,,-0.140938413850259
cell:hinf_tinf_v0.500_c2,204,1940.4001960784312,8119.967708325218,0.23896649171264353,1.0897277895218553,6.254021059869759,56.86274509803921,59.44342170975408,52.31078529077303,,-0.1353086949147485
cell:hinf_tinf_v0.500_c3,204,1777.554705882353,6972.4779580767,0.25493873434526804,1.1218139809995653,6.202122542651111,58.333333333333336,60.06147906133338,52.744795458056885,,-0.11766370003214004
cell:hinf_tinf_v0.500_c4,204,1411.0717647058825,5806.218436609363,0.24302767457193722,0.48398011077387876,3.903823228637311,58.82352941176471,59.60080205932159,56.53502669229318,,-0.09429133966206033
cell:hinf_tinf_v0.625_c2,204,1748.2452941176473,7586.962019300271,0.23042757953319556,1.5127837531795854,11.637840656907576,52.450980392156865,59.112023383962274,49.13892725356317,,-0.0891442327126353
cell:hinf_tinf_v0.625_c3,204,1568.6423529411763,6680.818154802543,0.2347979418978122,1.200403085674441,8.091654859895822,54.90196078431373,59.28172173892896,51.395036156004316,,-0.08297038265673731
cell:hinf_tinf_v0.625_c4,204,1219.1213725490197,5419.880705932919,0.22493509335260792,0.38086293263433546,8.670549803359933,54.90196078431373,58.89851158946095,56.479885589587354,,-0.0732970778319058
P1,204,1474.5931372549019,4702.820324031747,0.31355506603550765,2.108670752197443,8.9733654532935,58.333333333333336,62.30705041994556,48.50836299110952,9.519607843137255,-0.08689712081854306
SHORT,204,595.3627450980391,3682.7472093202346,0.16166266953955055,0.8126553138505355,1.2299517873938637,49.50980392156863,56.42142484178787,51.049651614143535,10.906862745098039,0.0709918694799575
P1+SHORT w=0.10,204,1386.6700980392156,4306.158368881487,0.32202022760240456,2.188207357260075,9.718066608921156,59.31372549019608,62.62813146759725,48.32347823441322,9.658333333333333,-0.09061866967383136
P1+SHORT w=0.20,204,1298.7470588235294,3946.328630890188,0.3291026116419925,2.231535008086494,10.304329855872773,60.29411764705882,62.896093485200446,48.31860345819587,9.797058823529412,-0.09170758419948376
P1+SHORT w=0.30,204,1210.824019607843,3634.2878663381534,0.33316678924167026,2.211954181598636,10.501018591120229,61.76470588235294,63.0495807127054,48.60240776497495,9.93578431372549,-0.08824000570502677
P1+SHORT w=0.40,204,1122.9009803921567,3383.284764127222,0.3318966799065254,2.1023389171134133,10.020105600044403,63.23529411764706,63.00163612586604,49.26699135529721,10.074509803921568,-0.07794534778970032
P1+SHORT w=0.50,204,1034.9779411764707,3207.68018391354,0.3226562131620437,1.8925031952702043,8.675438450033617,63.725490196078425,62.65221916557109,50.28945477028678,10.213235294117647,-0.059142252437873105
"w72:X0_bmom(cached,INCUMBENT)",204,1474.5931372549019,4702.820324031747,0.31355506603550765,2.108670752197443,8.9733654532935,58.333333333333336,62.30705041994556,48.50836299110952,,-0.08689712081854309
w72:X0v_bmom,204,1469.1519607843138,4700.2162074180105,0.3125711448051385,2.114676609337709,9.00896382344027,58.333333333333336,62.2696748258604,48.43137312155779,,-0.0870232613333095
w72:X1_vwap,204,975.0919607843138,4187.262986329825,0.23287096224137355,0.6243157803036926,0.7014775140570579,57.84313725490197,59.20691963116109,55.195131952538254,,-0.04625420094490472
w72:X2_disp,204,1298.061568627451,4254.892891949232,0.30507502811258524,1.1332539075106924,2.026703516855396,55.88235294117647,61.98454950740049,54.73100803652896,,-0.05525066376294711
w72:X3_dispORvwap,204,909.6903921568629,4216.128934586557,0.2157643673309695,0.6728142272024857,0.8368545433805039,55.88235294117647,58.5414287587919,54.175722659065805,,-0.04425126481423045
w72:X4_orb30,204,900.5823529411764,4229.012167557585,0.21295336056252043,0.9258746156900689,1.4685987228773802,50.49019607843137,58.431832945141814,52.3596185554999,,-0.05877371087733651
w72:X5_pdhl,204,894.9947058823528,3891.4186173430826,0.22999188570810258,1.1552082793355816,2.466172600567633,53.92156862745098,59.09509625047124,51.50490297906652,,-0.005841153192661835
w72:X6_ema20_100,204,857.3754901960783,4442.828463173598,0.1929796518823143,0.9337691486185559,2.1932478201087013,54.41176470588235,57.65125480047424,51.49851921990588,,-0.0260398632073076
w72:X7_don60,204,938.3437254901963,4849.215840611884,0.19350421930730025,1.7552219397579438,7.7740467461568326,51.470588235294116,57.67179490124323,46.16336848886858,,-0.056771395903602834
w72:X8_openside,204,1002.3431372549022,4188.030286637745,0.23933521695221746,1.0184823290688818,1.561188550071729,53.431372549019606,59.4577170204679,52.80743634744317,,-0.06565420745159184
w72:X9a_disp_sessanchor,204,1064.1139215686278,4228.99223825884,0.2516235220159081,0.9762026644013244,1.5958982422278307,54.41176470588235,59.93339622263171,53.595502118021344,,0.004989595864635678
w72:X9b_disp_sess_allday,204,1263.87431372549,4813.405199449114,0.26257384561560254,0.887370240586871,2.180415118860531,53.92156862745098,60.35604694753348,54.64482204803463,,0.04107555139199809
