root,month,f1,f2,is_roll_month,status,n_bd,t0,t1,R_gross,R_net_base,R_net_cons,vol20,n_vol_closes,contam_flag,abs_spread_flag,era
CL,2009-01,CL 02-09,CL 03-09,False,NO_F1_DATA,0,,,,,,,0,False,False,2009-14
CL,2009-02,CL 03-09,CL 04-09,True,NO_F1_DATA,0,,,,,,,0,False,False,2009-14
CL,2009-03,CL 04-09,CL 05-09,True,NO_F1_DATA,0,,,,,,,0,False,False,2009-14
CL,2009-04,CL 05-09,CL 06-09,True,OK,14,2009-04-06,2009-04-14,0.7900000000000063,0.7700000000000062,0.7500000000000062,,6,False,False,2009-14
CL,2009-05,CL 06-09,CL 07-09,True,OK,13,2009-05-06,2009-05-13,-0.29000000000000625,-0.31000000000000627,-0.33000000000000623,0.030824688601776444,20,False,False,2009-14
CL,2009-06,CL 07-09,CL 08-09,True,OK,16,2009-06-04,2009-06-11,-0.07999999999996987,-0.09999999999996988,-0.11999999999996988,0.023208615577775902,20,False,False,2009-14
CL,2009-07,CL 08-09,CL 09-09,True,OK,15,2009-07-06,2009-07-13,-0.029999999999986926,-0.04999999999998693,-0.06999999999998693,0.02150648775291653,20,False,False,2009-14
CL,2009-08,CL 09-09,CL 10-09,True,OK,14,2009-08-06,2009-08-13,0.05999999999998806,0.03999999999998806,0.019999999999988062,0.02511369108974541,20,False,False,2009-14
CL,2009-09,CL 10-09,CL 11-09,True,OK,16,2009-09-04,2009-09-11,-0.10000000000000853,-0.12000000000000853,-0.14000000000000853,0.021794832159095973,20,False,False,2009-14
CL,2009-10,CL 11-09,CL 12-09,True,OK,14,2009-10-06,2009-10-13,0.29000000000000625,0.27000000000000624,0.2500000000000063,0.025801269095580354,20,False,False,2009-14
CL,2009-11,CL 12-09,CL 01-10,True,OK,15,2009-11-05,2009-11-12,0.060000000000002274,0.04000000000000227,0.020000000000002273,0.019464348275767165,20,False,False,2009-14
CL,2009-12,CL 01-10,CL 02-10,True,OK,15,2009-12-04,2009-12-11,0.30000000000001137,0.28000000000001135,0.2600000000000114,0.017161194145049918,20,False,False,2009-14
CL,2010-01,CL 02-10,CL 03-10,True,OK,13,2010-01-07,2010-01-14,-0.060000000000002274,-0.08000000000000228,-0.10000000000000228,0.011430758374009555,20,False,False,2009-14
CL,2010-02,CL 03-10,CL 04-10,True,OK,16,2010-02-04,2010-02-11,0.029999999999986926,0.009999999999986926,-0.010000000000013075,0.018959092057157224,20,False,False,2009-14
CL,2010-03,CL 04-10,CL 05-10,True,OK,16,2010-03-04,2010-03-11,-0.09000000000001762,-0.11000000000001763,-0.13000000000001763,0.01659331298044368,20,False,False,2009-14
CL,2010-04,CL 05-10,CL 06-10,True,OK,13,2010-04-07,2010-04-14,0.29000000000000625,0.27000000000000624,0.2500000000000063,0.01443785935837583,20,False,False,2009-14
CL,2010-05,CL 06-10,CL 07-10,True,OK,14,2010-05-06,2010-05-13,1.5400000000000063,1.5200000000000062,1.5000000000000062,0.019099284553409177,20,False,False,2009-14
CL,2010-06,CL 07-10,CL 08-10,True,OK,16,2010-06-04,2010-06-11,0.2499999999999858,0.2299999999999858,0.20999999999998578,0.02393280830158696,20,False,False,2009-14
CL,2010-07,CL 08-10,CL 09-10,True,OK,14,2010-07-06,2010-07-13,-0.09999999999999432,-0.11999999999999432,-0.13999999999999432,0.016602644741415127,20,False,False,2009-14
CL,2010-08,CL 09-10,CL 10-10,True,OK,15,2010-08-05,2010-08-12,-0.030000000000001137,-0.05000000000000114,-0.07000000000000114,0.015670007246863956,20,False,False,2009-14
CL,2010-09,CL 10-10,CL 11-10,True,OK,15,2010-09-06,2010-09-13,-0.6999999999999886,-0.7199999999999886,-0.7399999999999887,0.017763263119412356,20,False,False,2009-14
CL,2010-10,CL 11-10,CL 12-10,True,OK,14,2010-10-06,2010-10-13,-0.05000000000001137,-0.07000000000001137,-0.09000000000001138,0.013500894389050434,20,False,False,2009-14
CL,2010-11,CL 12-10,CL 01-11,True,OK,15,2010-11-04,2010-11-11,-0.22999999999998977,-0.24999999999998976,-0.26999999999998975,0.01813318762446819,20,False,False,2009-14
CL,2010-12,CL 01-11,CL 02-11,True,OK,14,2010-12-06,2010-12-13,0.1700000000000017,0.15000000000000172,0.1300000000000017,0.018602634341727226,20,False,False,2009-14
CL,2011-01,CL 02-11,CL 03-11,True,OK,14,2011-01-06,2011-01-13,-0.44000000000001194,-0.46000000000001195,-0.4800000000000119,0.011237549436547646,20,False,False,2009-14
CL,2011-02,CL 03-11,CL 04-11,True,OK,16,2011-02-04,2011-02-11,0.7700000000000244,0.7500000000000244,0.7300000000000244,0.01756923478221009,20,False,False,2009-14
CL,2011-03,CL 04-11,CL 05-11,True,OK,18,2011-03-04,2011-03-11,-0.010000000000005116,-0.030000000000005116,-0.05000000000000512,0.01827033499518515,20,False,False,2009-14
CL,2011-04,CL 05-11,CL 06-11,True,OK,15,2011-04-06,2011-04-13,-0.029999999999986926,-0.04999999999998693,-0.06999999999998693,0.01620447179025338,20,False,False,2009-14
CL,2011-05,CL 06-11,CL 07-11,True,OK,15,2011-05-05,2011-05-12,-0.03999999999997783,-0.059999999999977835,-0.07999999999997784,0.026420809182842748,20,False,False,2009-14
CL,2011-06,CL 07-11,CL 08-11,True,OK,16,2011-06-06,2011-06-13,-0.01999999999999602,-0.039999999999996025,-0.05999999999999602,0.020514207943196364,20,False,False,2009-14
CL,2011-07,CL 08-11,CL 09-11,True,OK,14,2011-07-06,2011-07-13,-0.029999999999986926,-0.04999999999998693,-0.06999999999998693,0.020951163605381393,20,False,False,2009-14
CL,2011-08,CL 09-11,CL 10-11,True,OK,16,2011-08-04,2011-08-11,-0.0899999999999892,-0.1099999999999892,-0.1299999999999892,0.01867331505195173,20,False,False,2009-14
CL,2011-09,CL 10-11,CL 11-11,True,OK,14,2011-09-06,2011-09-13,-0.23000000000000398,-0.250000000000004,-0.27000000000000396,0.02349650721003369,20,False,False,2009-14
CL,2011-10,CL 11-11,CL 12-11,True,OK,14,2011-10-06,2011-10-13,-0.009999999999990905,-0.029999999999990905,-0.049999999999990906,0.030856687060998873,20,False,False,2009-14
CL,2011-11,CL 12-11,CL 01-12,True,OK,14,2011-11-04,2011-11-11,-0.029999999999986926,-0.04999999999998693,-0.06999999999998693,0.020096642246060364,20,False,False,2009-14
CL,2011-12,CL 01-12,CL 02-12,True,OK,14,2011-12-06,2011-12-13,0.0,-0.02,-0.04,0.015149404907176254,20,False,False,2009-14
CL,2012-01,CL 02-12,CL 03-12,True,OK,14,2012-01-06,2012-01-13,-0.06999999999997897,-0.08999999999997897,-0.10999999999997898,0.021051677265670754,20,False,False,2009-14
CL,2012-02,CL 03-12,CL 04-12,True,OK,15,2012-02-06,2012-02-13,-0.1799999999999784,-0.1999999999999784,-0.2199999999999784,0.010221276338798466,20,False,False,2009-14
CL,2012-03,CL 04-12,CL 05-12,True,OK,14,2012-03-06,2012-03-13,0.009999999999990905,-0.010000000000009095,-0.030000000000009096,0.012779997618422682,20,False,False,2009-14
CL,2012-04,CL 05-12,CL 06-12,True,OK,14,2012-04-05,2012-04-13,-0.05000000000001137,-0.07000000000001137,-0.09000000000001138,0.015162079755394343,20,False,False,2009-14
CL,2012-05,CL 06-12,CL 07-12,True,OK,16,2012-05-04,2012-05-11,-0.04000000000000625,-0.06000000000000626,-0.08000000000000626,0.014108380368532345,20,False,False,2009-14
CL,2012-06,CL 07-12,CL 08-12,True,OK,14,2012-06-06,2012-06-13,0.010000000000033538,-0.009999999999966463,-0.029999999999966463,0.014187956614320221,20,False,False,2009-14
CL,2012-07,CL 08-12,CL 09-12,True,OK,15,2012-07-05,2012-07-12,0.029999999999986926,0.009999999999986926,-0.010000000000013075,0.029560697432467333,20,False,False,2009-14
CL,2012-08,CL 09-12,CL 10-12,True,OK,15,2012-08-06,2012-08-13,0.03999999999997783,0.01999999999997783,-2.2169766022983595e-14,0.01964425434059548,20,False,False,2009-14
CL,2012-09,CL 10-12,CL 11-12,True,OK,14,2012-09-06,2012-09-13,0.0899999999999892,0.0699999999999892,0.0499999999999892,0.009051345418967762,20,False,False,2009-14
CL,2012-10,CL 11-12,CL 12-12,True,OK,16,2012-10-04,2012-10-11,0.04999999999998295,0.029999999999982947,0.009999999999982946,0.018718592988629542,20,False,False,2009-14
CL,2012-11,CL 12-12,CL 01-13,True,OK,12,2012-11-06,2012-11-13,0.0,-0.02,-0.04,0.014261841752840673,20,False,False,2009-14
CL,2012-12,CL 01-13,CL 02-13,True,OK,13,2012-12-06,2012-12-13,-0.030000000000001137,-0.05000000000000114,-0.07000000000000114,0.013454407522966578,20,False,False,2009-14
CL,2013-01,CL 02-13,CL 03-13,True,OK,15,2013-01-07,2013-01-14,0.009999999999990905,-0.010000000000009095,-0.030000000000009096,0.009737005918685772,20,False,False,2009-14
CL,2013-02,CL 03-13,CL 04-13,True,OK,14,2013-02-06,2013-02-13,0.12000000000001876,0.10000000000001875,0.08000000000001875,0.008255989257036309,20,False,False,2009-14
CL,2013-03,CL 04-13,CL 05-13,True,OK,14,2013-03-06,2013-03-13,-0.11999999999999034,-0.13999999999999033,-0.15999999999999034,0.010248861095024852,20,False,False,2009-14
CL,2013-04,CL 05-13,CL 06-13,True,OK,16,2013-04-04,2013-04-11,0.05000000000002558,0.03000000000002558,0.010000000000025579,0.011053026872543815,20,False,False,2009-14
CL,2013-05,CL 06-13,CL 07-13,True,OK,15,2013-05-06,2013-05-13,-0.009999999999990905,-0.029999999999990905,-0.049999999999990906,0.018285125214699733,20,False,False,2009-14
CL,2013-06,CL 07-13,CL 08-13,True,OK,14,2013-06-06,2013-06-13,0.030000000000015348,0.010000000000015347,-0.009999999999984653,0.011209046727261356,20,False,False,2009-14
CL,2013-07,CL 08-13,CL 09-13,True,OK,16,2013-07-04,2013-07-11,-0.38000000000000966,-0.4000000000000097,-0.42000000000000964,0.01278644827335314,20,False,False,2009-14
CL,2013-08,CL 09-13,CL 10-13,True,OK,14,2013-08-06,2013-08-13,0.11999999999999034,0.09999999999999033,0.07999999999999033,0.011661891924613461,20,False,False,2009-14
CL,2013-09,CL 10-13,CL 11-13,True,OK,15,2013-09-05,2013-09-12,-0.14999999999999147,-0.16999999999999146,-0.18999999999999148,0.01227144400948054,20,False,False,2009-14
CL,2013-10,CL 11-13,CL 12-13,True,OK,16,2013-10-04,2013-10-11,0.35999999999999943,0.3399999999999994,0.31999999999999945,0.011374491547693568,20,False,False,2009-14
CL,2013-11,CL 12-13,CL 01-14,True,OK,14,2013-11-06,2013-11-13,0.2599999999999909,0.23999999999999092,0.2199999999999909,0.01049283293823622,20,False,False,2009-14
CL,2013-12,CL 01-14,CL 02-14,True,OK,14,2013-12-05,2013-12-12,0.10000000000002274,0.08000000000002273,0.06000000000002274,0.010487395265172205,20,False,False,2009-14
CL,2014-01,CL 02-14,CL 03-14,True,OK,14,2014-01-07,2014-01-14,-0.030000000000015348,-0.05000000000001535,-0.07000000000001536,0.010438124501742238,20,False,False,2009-14
CL,2014-02,CL 03-14,CL 04-14,True,OK,14,2014-02-06,2014-02-13,0.2400000000000091,0.2200000000000091,0.2000000000000091,0.008951843420594454,20,False,False,2009-14
CL,2014-03,CL 04-14,CL 05-14,True,OK,14,2014-03-06,2014-03-13,0.2799999999999869,0.2599999999999869,0.23999999999998692,0.009618411633294728,20,False,False,2009-14
CL,2014-04,CL 05-14,CL 06-14,True,OK,15,2014-04-04,2014-04-11,-0.4200000000000017,-0.4400000000000017,-0.4600000000000017,0.009237818515203727,20,False,False,2009-14
CL,2014-05,CL 06-14,CL 07-14,True,OK,14,2014-05-06,2014-05-13,0.21000000000002217,0.19000000000002218,0.17000000000002216,0.00737588008039459,20,False,False,2009-14
CL,2014-06,CL 07-14,CL 08-14,True,OK,15,2014-06-05,2014-06-12,-0.05999999999995964,-0.07999999999995965,-0.09999999999995965,0.007132456577347486,20,False,False,2009-14
CL,2014-07,CL 08-14,CL 09-14,True,OK,16,2014-07-04,2014-07-11,-0.04000000000000625,-0.06000000000000626,-0.08000000000000626,0.006475241610053409,20,False,False,2009-14
CL,2014-08,CL 09-14,CL 10-14,True,OK,14,2014-08-06,2014-08-13,-0.1700000000000017,-0.1900000000000017,-0.2100000000000017,0.00999018737013573,20,False,False,2009-14
CL,2014-09,CL 10-14,CL 11-14,True,OK,16,2014-09-04,2014-09-11,-0.20999999999999375,-0.22999999999999374,-0.24999999999999375,0.014219164376427245,20,False,False,2009-14
CL,2014-10,CL 11-14,CL 12-14,True,OK,15,2014-10-06,2014-10-13,0.2699999999999676,0.2499999999999676,0.2299999999999676,0.013261195654920607,20,False,False,2009-14
CL,2014-11,CL 12-14,CL 01-15,True,OK,14,2014-11-06,2014-11-13,-0.010000000000005116,-0.030000000000005116,-0.05000000000000512,0.016312652836627518,20,False,False,2009-14
CL,2014-12,CL 01-15,CL 02-15,True,OK,15,2014-12-04,2014-12-11,0.13999999999999346,0.11999999999999346,0.09999999999999346,0.025593440713942688,20,False,False,2009-14
CL,2015-01,CL 02-15,CL 03-15,True,OK,13,2015-01-07,2015-01-14,0.0800000000000054,0.060000000000005396,0.0400000000000054,0.026481117695209996,20,False,False,2015-20
CL,2015-02,CL 03-15,CL 04-15,True,OK,15,2015-02-05,2015-02-12,0.10999999999999943,0.08999999999999943,0.06999999999999942,0.044505809838832934,20,False,False,2015-20
CL,2015-03,CL 04-15,CL 05-15,True,OK,15,2015-03-05,2015-03-12,0.29999999999999716,0.27999999999999714,0.2599999999999972,0.02904925089543881,20,False,False,2015-20
CL,2015-04,CL 05-15,CL 06-15,True,OK,14,2015-04-07,2015-04-14,0.28999999999999915,0.26999999999999913,0.24999999999999914,0.03227369584508976,20,False,False,2015-20
CL,2015-05,CL 06-15,CL 07-15,True,OK,13,2015-05-06,2015-05-13,-0.06999999999999318,-0.08999999999999318,-0.10999999999999319,0.017093829726147862,20,False,False,2015-20
CL,2015-06,CL 07-15,CL 08-15,True,OK,16,2015-06-04,2015-06-11,0.10999999999999233,0.08999999999999232,0.06999999999999232,0.02143253218007758,20,False,False,2015-20
CL,2015-07,CL 08-15,CL 09-15,True,OK,15,2015-07-06,2015-07-13,0.18999999999999773,0.16999999999999774,0.14999999999999772,0.019521389858221955,20,False,False,2015-20
CL,2015-08,CL 09-15,CL 10-15,True,OK,14,2015-08-06,2015-08-13,0.29000000000000625,0.27000000000000624,0.2500000000000063,0.016930490107289982,20,False,False,2015-20
CL,2015-09,CL 10-15,CL 11-15,True,OK,16,2015-09-04,2015-09-11,-0.060000000000002274,-0.08000000000000228,-0.10000000000000228,0.04469511232198381,20,False,False,2015-20
CL,2015-10,CL 11-15,CL 12-15,True,OK,14,2015-10-06,2015-10-13,-4.263256414560601e-14,-0.020000000000042633,-0.04000000000004263,0.028709228268310318,20,False,False,2015-20
CL,2015-11,CL 12-15,CL 01-16,True,OK,15,2015-11-05,2015-11-12,0.21999999999999886,0.19999999999999887,0.17999999999999886,0.025972690238100633,20,False,False,2015-20
CL,2015-12,CL 01-16,CL 02-16,True,F2_WINDOW_GAP_6of6,15,2015-12-04,2015-12-11,,,,,0,False,False,2015-20
CL,2016-01,CL 02-16,CL 03-16,True,F2_WINDOW_GAP_6of6,13,2016-01-07,2016-01-14,,,,,0,False,False,2015-20
CL,2016-02,CL 03-16,CL 04-16,True,F2_WINDOW_GAP_6of6,15,2016-02-04,2016-02-11,,,,,0,False,False,2015-20
CL,2016-03,CL 04-16,CL 05-16,True,F2_WINDOW_GAP_6of6,14,2016-03-04,2016-03-11,,,,,0,False,False,2015-20
CL,2016-04,CL 05-16,CL 06-16,True,F2_WINDOW_GAP_6of6,14,2016-04-06,2016-04-13,,,,,0,False,False,2015-20
CL,2016-05,CL 06-16,CL 07-16,True,F2_WINDOW_GAP_6of6,15,2016-05-05,2016-05-12,,,,,0,False,False,2015-20
CL,2016-06,CL 07-16,CL 08-16,True,F2_WINDOW_GAP_6of6,14,2016-06-06,2016-06-13,,,,,0,False,False,2015-20
CL,2016-07,CL 08-16,CL 09-16,True,F2_WINDOW_GAP_6of6,11,2016-07-06,2016-07-13,,,,,0,False,False,2015-20
CL,2016-08,CL 09-16,CL 10-16,True,F2_WINDOW_GAP_6of6,14,2016-08-04,2016-08-11,,,,,0,False,False,2015-20
CL,2016-09,CL 10-16,CL 11-16,True,F2_WINDOW_GAP_6of6,12,2016-09-06,2016-09-13,,,,,0,False,False,2015-20
CL,2016-10,CL 11-16,CL 12-16,True,F2_WINDOW_GAP_6of6,12,2016-10-06,2016-10-13,,,,,0,False,False,2015-20
CL,2016-11,CL 12-16,CL 01-17,True,F2_WINDOW_GAP_6of6,14,2016-11-04,2016-11-11,,,,,0,False,False,2015-20
CL,2016-12,CL 01-17,CL 02-17,True,F2_WINDOW_GAP_6of6,12,2016-12-06,2016-12-13,,,,,0,False,False,2015-20
CL,2017-01,CL 02-17,CL 03-17,True,F2_WINDOW_GAP_6of6,14,2017-01-06,2017-01-13,,,,,0,False,False,2015-20
CL,2017-02,CL 03-17,CL 04-17,True,F2_WINDOW_GAP_6of6,13,2017-02-06,2017-02-13,,,,,0,False,False,2015-20
CL,2017-03,CL 04-17,CL 05-17,True,F2_WINDOW_GAP_6of6,13,2017-03-06,2017-03-13,,,,,0,False,False,2015-20
CL,2017-04,CL 05-17,CL 06-17,True,F2_WINDOW_GAP_6of6,13,2017-04-06,2017-04-13,,,,,0,False,False,2015-20
CL,2017-05,CL 06-17,CL 07-17,True,F2_WINDOW_GAP_6of6,15,2017-05-04,2017-05-11,,,,,0,False,False,2015-20
CL,2017-06,CL 07-17,CL 08-17,True,F2_WINDOW_GAP_6of6,12,2017-06-06,2017-06-13,,,,,0,False,False,2015-20
CL,2017-07,CL 08-17,CL 09-17,True,F2_WINDOW_GAP_6of6,14,2017-07-06,2017-07-13,,,,,0,False,False,2015-20
CL,2017-08,CL 09-17,CL 10-17,True,F2_WINDOW_GAP_6of6,14,2017-08-04,2017-08-11,,,,,0,False,False,2015-20
CL,2017-09,CL 10-17,CL 11-17,True,F2_WINDOW_GAP_6of6,11,2017-09-07,2017-09-14,,,,,0,False,False,2015-20
CL,2017-10,CL 11-17,CL 12-17,True,F2_WINDOW_GAP_6of6,15,2017-10-05,2017-10-12,,,,,0,False,False,2015-20
CL,2017-11,CL 12-17,CL 01-18,True,F2_WINDOW_GAP_6of6,13,2017-11-06,2017-11-13,,,,,0,False,False,2015-20
CL,2017-12,CL 01-18,CL 02-18,True,F2_WINDOW_GAP_6of6,11,2017-12-06,2017-12-13,,,,,0,False,False,2015-20
CL,2018-01,CL 02-18,CL 03-18,True,F2_WINDOW_GAP_6of6,14,2018-01-05,2018-01-12,,,,,0,False,False,2015-20
CL,2018-02,CL 03-18,CL 04-18,True,F2_WINDOW_GAP_6of6,12,2018-02-06,2018-02-13,,,,,0,False,False,2015-20
CL,2018-03,CL 04-18,CL 05-18,True,F2_WINDOW_GAP_6of6,12,2018-03-06,2018-03-13,,,,,0,False,False,2015-20
CL,2018-04,CL 05-18,CL 06-18,True,F2_WINDOW_GAP_6of6,15,2018-04-05,2018-04-12,,,,,0,False,False,2015-20
CL,2018-05,CL 06-18,CL 07-18,True,F2_WINDOW_GAP_6of6,14,2018-05-04,2018-05-11,,,,,0,False,False,2015-20
CL,2018-06,CL 07-18,CL 08-18,True,F2_WINDOW_GAP_6of6,11,2018-06-06,2018-06-13,,,,,0,False,False,2015-20
CL,2018-07,CL 08-18,CL 09-18,True,F2_WINDOW_GAP_6of6,15,2018-07-05,2018-07-12,,,,,0,False,False,2015-20
CL,2018-08,CL 09-18,CL 10-18,True,F2_WINDOW_GAP_6of6,13,2018-08-06,2018-08-13,,,,,0,False,False,2015-20
CL,2018-09,CL 10-18,CL 11-18,True,F2_WINDOW_GAP_6of6,14,2018-09-06,2018-09-13,,,,,0,False,False,2015-20
CL,2018-10,CL 11-18,CL 12-18,True,F2_WINDOW_GAP_6of6,15,2018-10-04,2018-10-11,,,,,0,False,False,2015-20
CL,2018-11,CL 12-18,CL 01-19,True,F2_WINDOW_GAP_6of6,12,2018-11-06,2018-11-13,,,,,0,False,False,2015-20
CL,2018-12,CL 01-19,CL 02-19,True,F2_WINDOW_GAP_6of6,11,2018-12-06,2018-12-13,,,,,0,False,False,2015-20
CL,2019-01,CL 02-19,CL 03-19,True,F2_WINDOW_GAP_6of6,13,2019-01-07,2019-01-14,,,,,0,False,False,2015-20
CL,2019-02,CL 03-19,CL 04-19,True,F2_WINDOW_GAP_6of6,12,2019-02-06,2019-02-13,,,,,0,False,False,2015-20
CL,2019-03,CL 04-19,CL 05-19,True,F2_WINDOW_GAP_6of6,12,2019-03-06,2019-03-13,,,,,0,False,False,2015-20
CL,2019-04,CL 05-19,CL 06-19,True,F2_WINDOW_GAP_6of6,14,2019-04-04,2019-04-11,,,,,0,False,False,2015-20
CL,2019-05,CL 06-19,CL 07-19,True,F2_WINDOW_GAP_6of6,13,2019-05-06,2019-05-13,,,,,0,False,False,2015-20
CL,2019-06,CL 07-19,CL 08-19,True,F2_WINDOW_GAP_6of6,14,2019-06-06,2019-06-13,,,,,0,False,False,2015-20
CL,2019-07,CL 08-19,CL 09-19,True,F2_WINDOW_GAP_6of6,15,2019-07-04,2019-07-11,,,,,0,False,False,2015-20
CL,2019-08,CL 09-19,CL 10-19,True,F2_WINDOW_GAP_6of6,14,2019-08-06,2019-08-13,,,,,0,False,False,2015-20
CL,2019-09,CL 10-19,CL 11-19,True,F2_WINDOW_GAP_6of6,15,2019-09-05,2019-09-12,,,,,0,False,False,2015-20
CL,2019-10,CL 11-19,CL 12-19,True,F2_WINDOW_GAP_6of6,14,2019-10-04,2019-10-11,,,,,0,False,False,2015-20
CL,2019-11,CL 12-19,CL 01-20,True,F2_WINDOW_GAP_6of6,12,2019-11-06,2019-11-13,,,,,0,False,False,2015-20
CL,2019-12,CL 01-20,CL 02-20,True,F2_WINDOW_GAP_6of6,14,2019-12-05,2019-12-12,,,,,0,False,False,2015-20
CL,2020-01,CL 02-20,CL 03-20,True,F2_WINDOW_GAP_6of6,12,2020-01-07,2020-01-14,,,,,0,False,False,2015-20
CL,2020-02,CL 03-20,CL 04-20,True,F2_WINDOW_GAP_6of6,14,2020-02-06,2020-02-13,,,,,0,False,False,2015-20
CL,2020-03,CL 04-20,CL 05-20,True,F2_WINDOW_GAP_6of6,15,2020-03-05,2020-03-12,,,,,0,False,False,2015-20
CL,2020-04,CL 05-20,CL 06-20,True,F2_WINDOW_GAP_6of6,12,2020-04-06,2020-04-14,,,,,0,False,False,2015-20
CL,2020-05,CL 06-20,CL 07-20,True,F2_WINDOW_GAP_6of6,11,2020-05-06,2020-05-13,,,,,0,False,False,2015-20
CL,2020-06,CL 07-20,CL 08-20,True,F2_WINDOW_GAP_6of6,15,2020-06-04,2020-06-11,,,,,0,False,False,2015-20
CL,2020-07,CL 08-20,CL 09-20,True,F2_WINDOW_GAP_6of6,13,2020-07-06,2020-07-13,,,,,0,False,False,2015-20
CL,2020-08,CL 09-20,CL 10-20,True,F2_WINDOW_GAP_6of6,14,2020-08-06,2020-08-13,,,,,0,False,False,2015-20
CL,2020-09,CL 10-20,CL 11-20,True,F2_WINDOW_GAP_6of6,14,2020-09-04,2020-09-11,,,,,0,False,False,2015-20
CL,2020-10,CL 11-20,CL 12-20,True,F2_WINDOW_GAP_6of6,12,2020-10-06,2020-10-13,,,,,0,False,False,2015-20
CL,2020-11,CL 12-20,CL 01-21,True,F2_WINDOW_GAP_6of6,15,2020-11-05,2020-11-12,,,,,0,False,False,2015-20
CL,2020-12,CL 01-21,CL 02-21,True,F2_WINDOW_GAP_6of6,14,2020-12-04,2020-12-11,,,,,0,False,False,2015-20
CL,2021-01,CL 02-21,CL 03-21,True,F2_WINDOW_GAP_6of6,11,2021-01-07,2021-01-14,,,,,0,False,False,2021-26
CL,2021-02,CL 03-21,CL 04-21,True,F2_WINDOW_GAP_6of6,15,2021-02-04,2021-02-11,,,,,0,False,False,2021-26
CL,2021-03,CL 04-21,CL 05-21,True,F2_WINDOW_GAP_6of6,15,2021-03-04,2021-03-11,,,,,0,False,False,2021-26
CL,2021-04,CL 05-21,CL 06-21,True,F2_WINDOW_GAP_6of6,11,2021-04-07,2021-04-14,,,,,0,False,False,2021-26
CL,2021-05,CL 06-21,CL 07-21,True,F2_WINDOW_GAP_6of6,14,2021-05-06,2021-05-13,,,,,0,False,False,2021-26
CL,2021-06,CL 07-21,CL 08-21,True,F2_WINDOW_GAP_6of6,14,2021-06-04,2021-06-11,,,,,0,False,False,2021-26
CL,2021-07,CL 08-21,CL 09-21,True,F2_WINDOW_GAP_6of6,12,2021-07-06,2021-07-13,,,,,0,False,False,2021-26
CL,2021-08,CL 09-21,CL 10-21,True,F2_WINDOW_GAP_6of6,15,2021-08-05,2021-08-12,,,,,0,False,False,2021-26
CL,2021-09,CL 10-21,CL 11-21,True,F2_WINDOW_GAP_6of6,13,2021-09-06,2021-09-13,,,,,0,False,False,2021-26
CL,2021-10,CL 11-21,CL 12-21,True,F2_WINDOW_GAP_6of6,12,2021-10-06,2021-10-13,,,,,0,False,False,2021-26
CL,2021-11,CL 12-21,CL 01-22,True,F2_WINDOW_GAP_6of6,15,2021-11-04,2021-11-11,,,,,0,False,False,2021-26
CL,2021-12,CL 01-22,CL 02-22,True,F2_WINDOW_GAP_6of6,13,2021-12-06,2021-12-13,,,,,0,False,False,2021-26
CL,2022-01,CL 02-22,CL 03-22,True,F2_WINDOW_GAP_6of6,14,2022-01-06,2022-01-13,,,,,0,False,False,2021-26
CL,2022-02,CL 03-22,CL 04-22,True,F2_WINDOW_GAP_6of6,14,2022-02-04,2022-02-11,,,,,0,False,False,2021-26
CL,2022-03,CL 04-22,CL 05-22,True,F2_WINDOW_GAP_6of6,14,2022-03-04,2022-03-11,,,,,0,False,False,2021-26
CL,2022-04,CL 05-22,CL 06-22,True,F2_WINDOW_GAP_6of6,11,2022-04-06,2022-04-13,,,,,0,False,False,2021-26
CL,2022-05,CL 06-22,CL 07-22,True,F2_WINDOW_GAP_6of6,15,2022-05-05,2022-05-12,,,,,0,False,False,2021-26
CL,2022-06,CL 07-22,CL 08-22,True,F2_WINDOW_GAP_6of6,13,2022-06-06,2022-06-13,,,,,0,False,False,2021-26
CL,2022-07,CL 08-22,CL 09-22,True,F2_WINDOW_GAP_6of6,12,2022-07-06,2022-07-13,,,,,0,False,False,2021-26
CL,2022-08,CL 09-22,CL 10-22,True,F2_WINDOW_GAP_6of6,16,2022-08-04,2022-08-11,,,,,0,False,False,2021-26
CL,2022-09,CL 10-22,CL 11-22,True,F2_WINDOW_GAP_6of6,12,2022-09-06,2022-09-13,,,,,0,False,False,2021-26
CL,2022-10,CL 11-22,CL 12-22,True,F2_WINDOW_GAP_6of6,14,2022-10-06,2022-10-13,,,,,0,False,False,2021-26
CL,2022-11,CL 12-22,CL 01-23,True,F2_WINDOW_GAP_6of6,14,2022-11-04,2022-11-11,,,,,0,False,False,2021-26
CL,2022-12,CL 01-23,CL 02-23,True,F2_WINDOW_GAP_6of6,12,2022-12-06,2022-12-13,,,,,0,False,False,2021-26
CL,2023-01,CL 02-23,CL 03-23,True,F2_WINDOW_GAP_6of6,14,2023-01-06,2023-01-13,,,,,0,False,False,2021-26
CL,2023-02,CL 03-23,CL 04-23,True,F2_WINDOW_GAP_6of6,13,2023-02-06,2023-02-13,,,,,0,False,False,2021-26
CL,2023-03,CL 04-23,CL 05-23,True,F2_WINDOW_GAP_6of6,13,2023-03-06,2023-03-13,,,,,0,False,False,2021-26
CL,2023-04,CL 05-23,CL 06-23,True,F2_WINDOW_GAP_6of6,13,2023-04-06,2023-04-14,,,,,0,False,False,2021-26
CL,2023-05,CL 06-23,CL 07-23,True,F2_WINDOW_GAP_6of6,15,2023-05-04,2023-05-11,,,,,0,False,False,2021-26
CL,2023-06,CL 07-23,CL 08-23,True,F2_WINDOW_GAP_6of6,12,2023-06-06,2023-06-13,,,,,0,False,False,2021-26
CL,2023-07,CL 08-23,CL 09-23,True,F2_WINDOW_GAP_6of6,14,2023-07-06,2023-07-13,,,,,0,False,False,2021-26
CL,2023-08,CL 09-23,CL 10-23,True,F2_WINDOW_GAP_6of6,14,2023-08-04,2023-08-11,,,,,0,False,False,2021-26
CL,2023-09,CL 10-23,CL 11-23,True,F2_WINDOW_GAP_6of6,12,2023-09-06,2023-09-13,,,,,0,False,False,2021-26
CL,2023-10,CL 11-23,CL 12-23,True,F2_WINDOW_GAP_6of6,15,2023-10-05,2023-10-12,,,,,0,False,False,2021-26
CL,2023-11,CL 12-23,CL 01-24,True,F2_WINDOW_GAP_6of6,13,2023-11-06,2023-11-13,,,,,0,False,False,2021-26
CL,2023-12,CL 01-24,CL 02-24,True,F2_WINDOW_GAP_6of6,12,2023-12-06,2023-12-13,,,,,0,False,False,2021-26
CL,2024-01,CL 02-24,CL 03-24,True,F2_WINDOW_GAP_6of6,14,2024-01-05,2024-01-12,,,,,0,False,False,2021-26
CL,2024-02,CL 03-24,CL 04-24,True,F2_WINDOW_GAP_6of6,12,2024-02-06,2024-02-13,,,,,0,False,False,2021-26
CL,2024-03,CL 04-24,CL 05-24,True,F2_WINDOW_GAP_6of6,12,2024-03-06,2024-03-13,,,,,0,False,False,2021-26
CL,2024-04,CL 05-24,CL 06-24,True,F2_WINDOW_GAP_6of6,15,2024-04-04,2024-04-11,,,,,0,False,False,2021-26
CL,2024-05,CL 06-24,CL 07-24,True,F2_WINDOW_GAP_6of6,13,2024-05-06,2024-05-13,,,,,0,False,False,2021-26
CL,2024-06,CL 07-24,CL 08-24,True,F2_WINDOW_GAP_6of6,14,2024-06-06,2024-06-13,,,,,0,False,False,2021-26
CL,2024-07,CL 08-24,CL 09-24,True,F2_WINDOW_GAP_6of6,15,2024-07-04,2024-07-11,,,,,0,False,False,2021-26
CL,2024-08,CL 09-24,CL 10-24,True,F2_WINDOW_GAP_6of6,12,2024-08-06,2024-08-13,,,,,0,False,False,2021-26
CL,2024-09,CL 10-24,CL 11-24,True,F2_WINDOW_GAP_6of6,15,2024-09-05,2024-09-12,,,,,0,False,False,2021-26
CL,2024-10,CL 11-24,CL 12-24,True,F2_WINDOW_GAP_6of6,14,2024-10-04,2024-10-11,,,,,0,False,False,2021-26
CL,2024-11,CL 12-24,CL 01-25,True,F2_WINDOW_GAP_6of6,12,2024-11-06,2024-11-13,,,,,0,False,False,2021-26
CL,2024-12,CL 01-25,CL 02-25,True,F2_WINDOW_GAP_6of6,14,2024-12-05,2024-12-12,,,,,0,False,False,2021-26
CL,2025-01,CL 02-25,CL 03-25,True,F2_WINDOW_GAP_6of6,13,2025-01-06,2025-01-13,,,,,0,False,False,2021-26
CL,2025-02,CL 03-25,CL 04-25,True,F2_WINDOW_GAP_6of6,14,2025-02-06,2025-02-13,,,,,0,False,False,2021-26
CL,2025-03,CL 04-25,CL 05-25,True,F2_WINDOW_GAP_6of6,14,2025-03-06,2025-03-13,,,,,0,False,False,2021-26
CL,2025-04,CL 05-25,CL 06-25,True,F2_WINDOW_GAP_6of6,13,2025-04-04,2025-04-11,,,,,0,False,False,2021-26
CL,2025-05,CL 06-25,CL 07-25,True,F2_WINDOW_GAP_6of6,12,2025-05-06,2025-05-13,,,,,0,False,False,2021-26
CL,2025-06,CL 07-25,CL 08-25,True,F2_WINDOW_GAP_6of6,15,2025-06-05,2025-06-12,,,,,0,False,False,2021-26
CL,2025-07,CL 08-25,CL 09-25,True,F2_WINDOW_GAP_6of6,14,2025-07-04,2025-07-11,,,,,0,False,False,2021-26
CL,2025-08,CL 09-25,CL 10-25,True,F2_WINDOW_GAP_6of6,14,2025-08-06,2025-08-13,,,,,0,False,False,2021-26
CL,2025-09,CL 10-25,CL 11-25,True,F2_WINDOW_GAP_6of6,15,2025-09-04,2025-09-11,,,,,0,False,False,2021-26
CL,2025-10,CL 11-25,CL 12-25,True,F2_WINDOW_GAP_6of6,13,2025-10-06,2025-10-13,,,,,0,False,False,2021-26
CL,2025-11,CL 12-25,CL 01-26,True,F2_WINDOW_GAP_6of6,14,2025-11-06,2025-11-13,,,,,0,False,False,2021-26
CL,2025-12,CL 01-26,CL 02-26,True,F2_WINDOW_GAP_6of6,15,2025-12-04,2025-12-11,,,,,0,False,False,2021-26
CL,2026-01,CL 02-26,CL 03-26,True,F2_WINDOW_GAP_6of6,11,2026-01-07,2026-01-14,,,,,0,False,False,2021-26
CL,2026-02,CL 03-26,CL 04-26,True,F2_WINDOW_GAP_6of6,15,2026-02-05,2026-02-12,,,,,0,False,False,2021-26
CL,2026-03,CL 04-26,CL 05-26,True,F2_WINDOW_GAP_6of6,15,2026-03-05,2026-03-12,,,,,0,False,False,2021-26
CL,2026-04,CL 05-26,CL 06-26,True,F2_WINDOW_GAP_6of6,12,2026-04-07,2026-04-14,,,,,0,False,False,2021-26
CL,2026-05,CL 06-26,CL 07-26,True,F2_WINDOW_GAP_6of6,11,2026-05-06,2026-05-13,,,,,0,False,False,2021-26
CL,2026-06,CL 07-26,CL 08-26,True,F2_WINDOW_GAP_6of6,15,2026-06-04,2026-06-11,,,,,0,False,False,2021-26
CL,2026-07,CL 08-26,CL 09-26,True,F2_WINDOW_GAP_6of6,13,2026-07-06,2026-07-13,,,,,0,False,False,2021-26
GC,2009-01,GC 02-09,GC 04-09,False,NO_F1_DATA,0,,,,,,,0,False,False,2009-14
GC,2009-02,GC 04-09,GC 06-09,True,F1_SHORT_MONTH,0,,,,,,,0,False,False,2009-14
GC,2009-03,GC 04-09,GC 06-09,False,F1_SHORT_MONTH,2,,,,,,,0,False,False,2009-14
GC,2009-04,GC 06-09,GC 08-09,True,OK,21,2009-04-06,2009-04-14,-0.39999999999997726,-0.5999999999999772,-0.7999999999999773,,6,False,False,2009-14
GC,2009-05,GC 06-09,GC 08-09,False,OK,21,2009-05-06,2009-05-13,1.1368683772161603e-13,-0.19999999999988632,-0.39999999999988634,0.011393705759367509,20,False,False,2009-14
GC,2009-06,GC 08-09,GC 12-09,True,OK,22,2009-06-04,2009-06-11,1.0,0.8,0.6,0.009289111616507027,20,False,False,2009-14
GC,2009-07,GC 08-09,GC 12-09,False,OK,23,2009-07-06,2009-07-13,0.7000000000000455,0.5000000000000455,0.30000000000004545,0.010090041207844243,20,False,False,2009-14
GC,2009-08,GC 12-09,GC 02-10,True,F2_WINDOW_GAP_6of6,20,2009-08-06,2009-08-13,,,,,0,False,False,2009-14
GC,2009-09,GC 12-09,GC 02-10,False,F1_SHORT_MONTH,0,,,,,,,0,False,False,2009-14
GC,2009-10,GC 12-09,GC 02-10,False,OK,14,2009-10-16,2009-10-23,0.2999999999999545,0.09999999999995451,-0.1000000000000455,0.025370508527601192,20,False,False,2009-14
GC,2009-11,GC 12-09,GC 02-10,False,OK,21,2009-11-05,2009-11-12,0.1999999999998181,-1.819100425848319e-13,-0.20000000000018192,0.025634794558738645,20,False,False,2009-14
GC,2009-12,GC 02-10,GC 04-10,True,OK,22,2009-12-04,2009-12-11,-0.7000000000002728,-0.9000000000002728,-1.1000000000002728,0.013727215826811124,20,False,False,2009-14
GC,2010-01,GC 02-10,GC 04-10,False,OK,20,2010-01-07,2010-01-14,-2.2737367544323206e-13,-0.20000000000022738,-0.4000000000002274,0.010795317463964704,20,False,False,2009-14
GC,2010-02,GC 04-10,GC 06-10,True,OK,20,2010-02-04,2010-02-11,3.5,3.3,3.1,0.015035343727045668,20,False,False,2009-14
GC,2010-03,GC 04-10,GC 06-10,False,OK,23,2010-03-04,2010-03-11,-0.10000000000013642,-0.30000000000013644,-0.5000000000001364,0.009006207272768022,20,False,False,2009-14
GC,2010-04,GC 06-10,GC 08-10,True,OK,21,2010-04-07,2010-04-14,-4.547473508864641e-13,-0.20000000000045476,-0.40000000000045477,0.008942618043022028,20,False,False,2009-14
GC,2010-05,GC 06-10,GC 08-10,False,OK,21,2010-05-06,2010-05-13,0.1999999999998181,-1.819100425848319e-13,-0.20000000000018192,0.00891584804758662,20,False,False,2009-14
GC,2010-06,GC 08-10,GC 12-10,True,OK,22,2010-06-04,2010-06-11,-4.547473508864641e-13,-0.20000000000045476,-0.40000000000045477,0.010384775872807029,20,False,False,2009-14
GC,2010-07,GC 08-10,GC 12-10,False,OK,22,2010-07-06,2010-07-13,0.09999999999990905,-0.10000000000009096,-0.30000000000009097,0.011150913389879932,20,False,False,2009-14
GC,2010-08,GC 12-10,GC 02-11,True,OK,22,2010-08-05,2010-08-12,1.9000000000003183,1.7000000000003184,1.5000000000003184,0.008862990265177074,20,False,False,2009-14
GC,2010-09,GC 12-10,GC 02-11,False,OK,22,2010-09-06,2010-09-13,0.20000000000004547,4.546363285840016e-14,-0.19999999999995455,0.00455016704548757,20,False,False,2009-14
GC,2010-10,GC 12-10,GC 02-11,False,OK,21,2010-10-06,2010-10-13,0.10000000000013642,-0.09999999999986359,-0.2999999999998636,0.006717335311371801,20,False,False,2009-14
GC,2010-11,GC 12-10,GC 02-11,False,OK,22,2010-11-04,2010-11-11,0.3999999999998636,0.19999999999986356,-1.3644640972643174e-13,0.013540450462779182,20,False,False,2009-14
GC,2010-12,GC 02-11,GC 04-11,True,OK,22,2010-12-06,2010-12-13,0.1999999999998181,-1.819100425848319e-13,-0.20000000000018192,0.0109776509464718,20,False,False,2009-14
GC,2011-01,GC 02-11,GC 04-11,False,OK,21,2011-01-06,2011-01-13,0.3000000000004093,0.10000000000040926,-0.09999999999959075,0.01047153983665532,20,False,False,2009-14
GC,2011-02,GC 04-11,GC 06-11,True,OK,20,2011-02-04,2011-02-11,-0.3000000000004093,-0.5000000000004092,-0.7000000000004093,0.00946832441413382,20,False,False,2009-14
GC,2011-03,GC 04-11,GC 06-11,False,OK,23,2011-03-04,2011-03-11,0.2999999999999545,0.09999999999995451,-0.1000000000000455,0.007089170672353107,20,False,False,2009-14
GC,2011-04,GC 06-11,GC 08-11,True,OK,21,2011-04-06,2011-04-13,-0.20000000000004547,-0.4000000000000455,-0.6000000000000455,0.008121004851446654,20,False,False,2009-14
GC,2011-05,GC 06-11,GC 08-11,False,OK,22,2011-05-05,2011-05-12,0.09999999999990905,-0.10000000000009096,-0.30000000000009097,0.009793929981184528,20,False,False,2009-14
GC,2011-06,GC 08-11,GC 12-11,True,OK,22,2011-06-06,2011-06-13,-0.40000000000009095,-0.6000000000000909,-0.800000000000091,0.006643553067923161,20,False,False,2009-14
GC,2011-07,GC 08-11,GC 12-11,False,OK,21,2011-07-06,2011-07-13,-0.5000000000002274,-0.7000000000002273,-0.9000000000002274,0.008996194595169791,20,False,False,2009-14
GC,2011-08,GC 12-11,GC 02-12,True,OK,23,2011-08-04,2011-08-11,0.2999999999999545,0.09999999999995451,-0.1000000000000455,0.006486076820841545,20,False,False,2009-14
GC,2011-09,GC 12-11,GC 02-12,False,OK,22,2011-09-06,2011-09-13,0.6999999999998181,0.4999999999998181,0.2999999999998181,0.019636736900111168,20,False,False,2009-14
GC,2011-10,GC 12-11,GC 02-12,False,OK,21,2011-10-06,2011-10-13,-1.5999999999996817,-1.7999999999996816,-1.9999999999996816,0.02412473646000539,20,False,False,2009-14
GC,2011-11,GC 12-11,GC 02-12,False,OK,22,2011-11-04,2011-11-11,0.4999999999997726,0.2999999999997726,0.0999999999997726,0.013229039721017227,20,False,False,2009-14
GC,2011-12,GC 02-12,GC 04-12,True,OK,21,2011-12-06,2011-12-13,-1.0,-1.2,-1.4,0.013764645799021143,20,False,False,2009-14
GC,2012-01,GC 02-12,GC 04-12,False,OK,21,2012-01-06,2012-01-13,0.6000000000001364,0.4000000000001364,0.2000000000001364,0.016244930059051654,20,False,False,2009-14
GC,2012-02,GC 04-12,GC 06-12,True,OK,21,2012-02-06,2012-02-13,-0.2999999999999545,-0.49999999999995454,-0.6999999999999545,0.00832655526095768,20,False,False,2009-14
GC,2012-03,GC 04-12,GC 06-12,False,OK,22,2012-03-06,2012-03-13,-0.4999999999993179,-0.6999999999993178,-0.8999999999993179,0.01274750519689444,20,False,False,2009-14
GC,2012-04,GC 06-12,GC 08-12,True,OK,20,2012-04-05,2012-04-13,0.0,-0.2,-0.4,0.01372975200531094,20,False,False,2009-14
GC,2012-05,GC 06-12,GC 08-12,False,OK,23,2012-05-04,2012-05-11,0.599999999999909,0.39999999999990904,0.19999999999990903,0.007237046369640898,20,False,False,2009-14
GC,2012-06,GC 08-12,GC 12-12,True,OK,21,2012-06-06,2012-06-13,-1.2999999999997272,-1.499999999999727,-1.699999999999727,0.013797109522505761,20,False,False,2009-14
GC,2012-07,GC 08-12,GC 12-12,False,OK,22,2012-07-05,2012-07-12,0.5000000000009095,0.3000000000009095,0.10000000000090947,0.013309883931551561,20,False,False,2009-14
GC,2012-08,GC 12-12,GC 02-13,True,OK,23,2012-08-06,2012-08-13,0.1999999999998181,-1.819100425848319e-13,-0.20000000000018192,0.008398062936966096,20,False,False,2009-14
GC,2012-09,GC 12-12,GC 02-13,False,OK,20,2012-09-06,2012-09-13,-0.7000000000002728,-0.9000000000002728,-1.1000000000002728,0.007389183263367991,20,False,False,2009-14
GC,2012-10,GC 12-12,GC 02-13,False,OK,23,2012-10-04,2012-10-11,-0.5,-0.7,-0.9,0.007390198209876107,20,False,False,2009-14
GC,2012-11,GC 12-12,GC 02-13,False,OK,21,2012-11-06,2012-11-13,0.40000000000009095,0.20000000000009094,9.092726571680032e-14,0.009059458596364072,20,False,False,2009-14
GC,2012-12,GC 02-13,GC 04-13,True,OK,20,2012-12-06,2012-12-13,-0.4000000000003183,-0.6000000000003183,-0.8000000000003183,0.00773027627134289,20,False,False,2009-14
GC,2013-01,GC 02-13,GC 04-13,False,OK,21,2013-01-07,2013-01-14,0.20000000000004547,4.546363285840016e-14,-0.19999999999995455,0.00809703778820162,20,False,False,2009-14
GC,2013-02,GC 04-13,GC 06-13,True,OK,20,2013-02-06,2013-02-13,-0.5,-0.7,-0.9,0.006524742158672736,20,False,False,2009-14
GC,2013-03,GC 04-13,GC 06-13,False,OK,20,2013-03-06,2013-03-13,0.20000000000050022,5.002109837448643e-13,-0.1999999999994998,0.008247369640470065,20,False,False,2009-14
GC,2013-04,GC 06-13,GC 08-13,True,OK,22,2013-04-04,2013-04-11,0.4000000000003183,0.2000000000003183,3.183009411600324e-13,0.006586844248551734,20,False,False,2009-14
GC,2013-05,GC 06-13,GC 08-13,False,OK,23,2013-05-06,2013-05-13,-0.3999999999996362,-0.5999999999996362,-0.7999999999996362,0.027538197910795488,20,False,False,2009-14
GC,2013-06,GC 08-13,GC 12-13,True,OK,20,2013-06-06,2013-06-13,-0.09999999999968168,-0.2999999999996817,-0.4999999999996817,0.011397511856144018,20,False,False,2009-14
GC,2013-07,GC 08-13,GC 12-13,False,OK,23,2013-07-04,2013-07-11,1.5000000000004547,1.3000000000004548,1.1000000000004548,0.019614914005494994,20,False,False,2009-14
GC,2013-08,GC 12-13,GC 02-14,True,OK,22,2013-08-06,2013-08-13,-1.1000000000003638,-1.3000000000003638,-1.5000000000003637,0.0119899099270742,20,False,False,2009-14
GC,2013-09,GC 12-13,GC 02-14,False,OK,21,2013-09-05,2013-09-12,0.10000000000013642,-0.09999999999986359,-0.2999999999998636,0.011480868989416481,20,False,False,2009-14
GC,2013-10,GC 12-13,GC 02-14,False,OK,23,2013-10-04,2013-10-11,-0.6999999999998181,-0.8999999999998181,-1.099999999999818,0.018590678583784187,20,False,False,2009-14
GC,2013-11,GC 12-13,GC 02-14,False,OK,19,2013-11-06,2013-11-13,0.0,-0.2,-0.4,0.012271328797622832,20,False,False,2009-14
GC,2013-12,GC 02-14,GC 04-14,True,OK,21,2013-12-05,2013-12-12,0.1999999999998181,-1.819100425848319e-13,-0.20000000000018192,0.010117795704560959,20,False,False,2009-14
GC,2014-01,GC 02-14,GC 04-14,False,OK,17,2014-01-07,2014-01-14,0.20000000000027285,2.728373083016322e-13,-0.19999999999972717,0.013595354608329275,20,False,False,2009-14
GC,2014-02,GC 04-14,GC 06-14,True,OK,20,2014-02-06,2014-02-13,-0.2999999999999545,-0.49999999999995454,-0.6999999999999545,0.008770134322558479,20,False,False,2009-14
GC,2014-03,GC 04-14,GC 06-14,False,OK,21,2014-03-06,2014-03-13,-0.3999999999998636,-0.5999999999998635,-0.7999999999998636,0.008418322103435846,20,False,False,2009-14
GC,2014-04,GC 06-14,GC 08-14,True,OK,21,2014-04-04,2014-04-11,0.3000000000004093,0.10000000000040926,-0.09999999999959075,0.009191212792397253,20,False,False,2009-14
GC,2014-05,GC 06-14,GC 08-14,False,OK,22,2014-05-06,2014-05-13,2.2737367544323206e-13,-0.19999999999977264,-0.39999999999977265,0.008125071536011453,20,False,False,2009-14
GC,2014-06,GC 08-14,GC 12-14,True,OK,21,2014-06-05,2014-06-12,2.2737367544323206e-13,-0.19999999999977264,-0.39999999999977265,0.006865284329622325,20,False,False,2009-14
GC,2014-07,GC 08-14,GC 12-14,False,OK,23,2014-07-04,2014-07-11,0.7999999999999545,0.5999999999999546,0.3999999999999545,0.008036841950978577,20,False,False,2009-14
GC,2014-08,GC 12-14,GC 02-15,True,OK,21,2014-08-06,2014-08-13,0.29999999999972715,0.09999999999972714,-0.10000000000027287,0.009416755101175636,20,False,False,2009-14
GC,2014-09,GC 12-14,GC 02-15,False,OK,22,2014-09-04,2014-09-11,-2.2737367544323206e-13,-0.20000000000022738,-0.4000000000002274,0.006247703666656298,20,False,False,2009-14
GC,2014-10,GC 12-14,GC 02-15,False,OK,23,2014-10-06,2014-10-13,0.0,-0.2,-0.4,0.0063737796062229455,20,False,False,2009-14
GC,2014-11,GC 12-14,GC 02-15,False,OK,20,2014-11-06,2014-11-13,0.3999999999998636,0.19999999999986356,-1.3644640972643174e-13,0.009299246099723274,20,False,False,2009-14
GC,2014-12,GC 02-15,GC 04-15,True,OK,22,2014-12-04,2014-12-11,0.3000000000001819,0.10000000000018189,-0.09999999999981812,0.013318118948661726,20,False,False,2009-14
GC,2015-01,GC 02-15,GC 04-15,False,OK,21,2015-01-07,2015-01-14,-0.40000000000009095,-0.6000000000000909,-0.800000000000091,0.010059843712650448,20,False,False,2015-20
GC,2015-02,GC 04-15,GC 06-15,True,OK,20,2015-02-05,2015-02-12,0.6000000000003638,0.4000000000003638,0.20000000000036378,0.011488559787665107,20,False,False,2015-20
GC,2015-03,GC 04-15,GC 06-15,False,OK,22,2015-03-05,2015-03-12,-0.20000000000004547,-0.4000000000000455,-0.6000000000000455,0.006381691147021038,20,False,False,2015-20
GC,2015-04,GC 06-15,GC 08-15,True,OK,21,2015-04-07,2015-04-14,0.4000000000003183,0.2000000000003183,3.183009411600324e-13,0.008893266285706277,20,False,False,2015-20
GC,2015-05,GC 06-15,GC 08-15,False,OK,21,2015-05-06,2015-05-13,0.40000000000009095,0.20000000000009094,9.092726571680032e-14,0.011014667181151152,20,False,False,2015-20
GC,2015-06,GC 08-15,GC 12-15,True,OK,22,2015-06-04,2015-06-11,0.09999999999990905,-0.10000000000009096,-0.30000000000009097,0.008600117490671693,20,False,False,2015-20
GC,2015-07,GC 08-15,GC 12-15,False,OK,23,2015-07-06,2015-07-13,0.09999999999990905,-0.10000000000009096,-0.30000000000009097,0.00744812444543341,20,False,False,2015-20
GC,2015-08,GC 12-15,GC 02-16,True,F2_WINDOW_GAP_6of6,21,2015-08-06,2015-08-13,,,,,0,False,False,2015-20
GC,2015-09,GC 12-15,GC 02-16,False,F2_WINDOW_GAP_6of6,22,2015-09-04,2015-09-11,,,,,0,False,False,2015-20
GC,2015-10,GC 12-15,GC 02-16,False,F2_WINDOW_GAP_6of6,22,2015-10-06,2015-10-13,,,,,0,False,False,2015-20
GC,2015-11,GC 12-15,GC 02-16,False,F2_WINDOW_GAP_6of6,21,2015-11-05,2015-11-12,,,,,0,False,False,2015-20
GC,2015-12,GC 02-16,GC 04-16,True,F1_SHORT_MONTH,0,,,,,,,0,False,False,2015-20
GC,2016-01,GC 02-16,GC 04-16,False,F2_WINDOW_GAP_6of6,20,2016-01-07,2016-01-14,,,,,0,False,False,2015-20
GC,2016-02,GC 04-16,GC 06-16,True,F2_WINDOW_GAP_6of6,21,2016-02-04,2016-02-11,,,,,0,False,False,2015-20
GC,2016-03,GC 04-16,GC 06-16,False,F2_WINDOW_GAP_6of6,22,2016-03-04,2016-03-11,,,,,0,False,False,2015-20
GC,2016-04,GC 06-16,GC 08-16,True,F2_WINDOW_GAP_6of6,21,2016-04-06,2016-04-13,,,,,0,False,False,2015-20
GC,2016-05,GC 06-16,GC 08-16,False,F2_WINDOW_GAP_6of6,22,2016-05-05,2016-05-12,,,,,0,False,False,2015-20
GC,2016-06,GC 08-16,GC 12-16,True,OK,22,2016-06-06,2016-06-13,0.3000000000001819,0.10000000000018189,-0.09999999999981812,,5,False,False,2015-20
GC,2016-07,GC 08-16,GC 12-16,False,F2_WINDOW_GAP_3of6,21,2016-07-06,2016-07-13,,,,,0,False,False,2015-20
GC,2016-08,GC 12-16,GC 02-17,True,F2_WINDOW_GAP_6of6,23,2016-08-04,2016-08-11,,,,,0,False,False,2015-20
GC,2016-09,GC 12-16,GC 02-17,False,F2_WINDOW_GAP_6of6,22,2016-09-06,2016-09-13,,,,,0,False,False,2015-20
GC,2016-10,GC 12-16,GC 02-17,False,F2_WINDOW_GAP_6of6,21,2016-10-06,2016-10-13,,,,,0,False,False,2015-20
GC,2016-11,GC 12-16,GC 02-17,False,F2_WINDOW_GAP_6of6,22,2016-11-04,2016-11-11,,,,,0,False,False,2015-20
GC,2016-12,GC 02-17,GC 04-17,True,OK,21,2016-12-06,2016-12-13,0.09999999999990905,-0.10000000000009096,-0.30000000000009097,0.007089244529145261,17,False,False,2015-20
GC,2017-01,GC 02-17,GC 04-17,False,OK,21,2017-01-06,2017-01-13,0.0,-0.2,-0.4,0.009877194365909258,20,False,False,2015-20
GC,2017-02,GC 04-17,GC 06-17,True,OK,20,2017-02-06,2017-02-13,-0.09999999999990905,-0.29999999999990906,-0.4999999999999091,0.006843813208949349,20,False,False,2015-20
GC,2017-03,GC 04-17,GC 06-17,False,OK,23,2017-03-06,2017-03-13,0.10000000000013642,-0.09999999999986359,-0.2999999999998636,0.006112251563114262,20,False,False,2015-20
GC,2017-04,GC 06-17,GC 08-17,True,OK,19,2017-04-06,2017-04-13,-0.09999999999990905,-0.29999999999990906,-0.4999999999999091,0.006312574146320784,20,False,False,2015-20
GC,2017-05,GC 06-17,GC 08-17,False,OK,22,2017-05-04,2017-05-11,0.09999999999990905,-0.10000000000009096,-0.30000000000009097,0.007424382315611126,20,False,False,2015-20
GC,2017-06,GC 08-17,GC 12-17,True,F2_WINDOW_GAP_4of6,22,2017-06-06,2017-06-13,,,,,0,False,False,2015-20
GC,2017-07,GC 08-17,GC 12-17,False,OK,21,2017-07-06,2017-07-13,-0.2999999999999545,-0.49999999999995454,-0.6999999999999545,0.006675053028620314,20,False,False,2015-20
GC,2017-08,GC 12-17,GC 02-18,True,F2_WINDOW_GAP_6of6,23,2017-08-04,2017-08-11,,,,,0,False,False,2015-20
GC,2017-09,GC 12-17,GC 02-18,False,OK,20,2017-09-07,2017-09-14,0.20000000000004547,4.546363285840016e-14,-0.19999999999995455,0.005670085854622957,20,False,False,2015-20
GC,2017-10,GC 12-17,GC 02-18,False,OK,22,2017-10-05,2017-10-12,0.20000000000004547,4.546363285840016e-14,-0.19999999999995455,0.006453443327408244,20,False,False,2015-20
GC,2017-11,GC 12-17,GC 02-18,False,OK,22,2017-11-06,2017-11-13,0.09999999999968168,-0.10000000000031833,-0.30000000000031835,0.005920421819646334,20,False,False,2015-20
GC,2017-12,GC 02-18,GC 04-18,True,OK,20,2017-12-06,2017-12-13,0.09999999999990905,-0.10000000000009096,-0.30000000000009097,0.007524090015471227,20,False,False,2015-20
GC,2018-01,GC 02-18,GC 04-18,False,OK,22,2018-01-05,2018-01-12,0.09999999999990905,-0.10000000000009096,-0.30000000000009097,0.003775636229730335,20,False,False,2015-20
GC,2018-02,GC 04-18,GC 06-18,True,OK,20,2018-02-06,2018-02-13,-0.20000000000004547,-0.4000000000000455,-0.6000000000000455,0.0063928766333242555,20,False,False,2015-20
GC,2018-03,GC 04-18,GC 06-18,False,OK,21,2018-03-06,2018-03-13,0.10000000000013642,-0.09999999999986359,-0.2999999999998636,0.008356065735905631,20,False,False,2015-20
GC,2018-04,GC 06-18,GC 08-18,True,OK,21,2018-04-05,2018-04-12,-0.10000000000013642,-0.30000000000013644,-0.5000000000001364,0.007860795616922874,20,False,False,2015-20
GC,2018-05,GC 06-18,GC 08-18,False,OK,23,2018-05-04,2018-05-11,0.0,-0.2,-0.4,0.006573215463309086,20,False,False,2015-20
GC,2018-06,GC 08-18,GC 12-18,True,F2_WINDOW_GAP_3of6,21,2018-06-06,2018-06-13,,,,,0,False,False,2015-20
GC,2018-07,GC 08-18,GC 12-18,False,OK,22,2018-07-05,2018-07-12,-0.2999999999999545,-0.49999999999995454,-0.6999999999999545,0.006775426967043969,20,False,False,2015-20
GC,2018-08,GC 12-18,GC 02-19,True,F2_WINDOW_GAP_6of6,23,2018-08-06,2018-08-13,,,,,0,False,False,2015-20
GC,2018-09,GC 12-18,GC 02-19,False,F2_WINDOW_GAP_6of6,20,2018-09-06,2018-09-13,,,,,0,False,False,2015-20
GC,2018-10,GC 12-18,GC 02-19,False,F2_WINDOW_GAP_6of6,23,2018-10-04,2018-10-11,,,,,0,False,False,2015-20
GC,2018-11,GC 12-18,GC 02-19,False,F2_WINDOW_GAP_6of6,22,2018-11-06,2018-11-13,,,,,0,False,False,2015-20
GC,2018-12,GC 02-19,GC 04-19,True,F1_SHORT_MONTH,0,,,,,,,0,False,False,2015-20
GC,2019-01,GC 02-19,GC 04-19,False,F2_WINDOW_GAP_6of6,22,2019-01-07,2019-01-14,,,,,0,False,False,2015-20
GC,2019-02,GC 04-19,GC 06-19,True,F2_WINDOW_GAP_6of6,20,2019-02-06,2019-02-13,,,,,0,False,False,2015-20
GC,2019-03,GC 04-19,GC 06-19,False,F2_WINDOW_GAP_6of6,21,2019-03-06,2019-03-13,,,,,0,False,False,2015-20
GC,2019-04,GC 06-19,GC 08-19,True,F2_WINDOW_GAP_6of6,21,2019-04-04,2019-04-11,,,,,0,False,False,2015-20
GC,2019-05,GC 06-19,GC 08-19,False,F2_WINDOW_GAP_6of6,23,2019-05-06,2019-05-13,,,,,0,False,False,2015-20
GC,2019-06,GC 08-19,GC 12-19,True,F2_WINDOW_GAP_2of6,20,2019-06-06,2019-06-13,,,,,0,False,False,2015-20
GC,2019-07,GC 08-19,GC 12-19,False,OK,23,2019-07-04,2019-07-11,0.3999999999998636,0.19999999999986356,-1.3644640972643174e-13,0.010746407029925508,20,False,False,2015-20
GC,2019-08,GC 12-19,GC 02-20,True,F2_WINDOW_GAP_6of6,22,2019-08-06,2019-08-13,,,,,0,False,False,2015-20
GC,2019-09,GC 12-19,GC 02-20,False,F2_WINDOW_GAP_6of6,21,2019-09-05,2019-09-12,,,,,0,False,False,2015-20
GC,2019-10,GC 12-19,GC 02-20,False,OK,23,2019-10-04,2019-10-11,0.0,-0.2,-0.4,0.009327579469629543,20,False,False,2015-20
GC,2019-11,GC 12-19,GC 02-20,False,OK,21,2019-11-06,2019-11-13,-0.2999999999999545,-0.49999999999995454,-0.6999999999999545,0.007191860845152655,20,False,False,2015-20
GC,2019-12,GC 02-20,GC 04-20,True,OK,21,2019-12-05,2019-12-12,0.10000000000013642,-0.09999999999986359,-0.2999999999998636,0.004656519718430297,20,False,False,2015-20
GC,2020-01,GC 02-20,GC 04-20,False,OK,22,2020-01-07,2020-01-14,0.10000000000013642,-0.09999999999986359,-0.2999999999998636,0.004693720260961461,20,False,False,2015-20
GC,2020-02,GC 04-20,GC 06-20,True,OK,20,2020-02-06,2020-02-13,-0.09999999999990905,-0.29999999999990906,-0.4999999999999091,0.005969134923193677,20,False,False,2015-20
GC,2020-03,GC 04-20,GC 06-20,False,OK,22,2020-03-05,2020-03-12,-1.099999999999909,-1.299999999999909,-1.499999999999909,0.016143097230546813,20,False,False,2015-20
GC,2020-04,GC 06-20,GC 08-20,True,OK,21,2020-04-06,2020-04-14,2.2000000000000455,2.0000000000000453,1.8000000000000456,0.028705848138825492,20,False,False,2015-20
GC,2020-05,GC 06-20,GC 08-20,False,OK,21,2020-05-06,2020-05-13,2.5,2.3,2.1,0.014702357938911855,20,False,False,2015-20
GC,2020-06,GC 08-20,GC 12-20,True,F2_WINDOW_GAP_6of6,22,2020-06-04,2020-06-11,,,,,0,False,False,2015-20
GC,2020-07,GC 08-20,GC 12-20,False,OK,23,2020-07-06,2020-07-13,7.0,6.8,6.6,0.006440709501655247,20,False,False,2015-20
GC,2020-08,GC 12-20,GC 02-21,True,F2_WINDOW_GAP_2of6,21,2020-08-06,2020-08-13,,,,,0,False,False,2015-20
GC,2020-09,GC 12-20,GC 02-21,False,OK,22,2020-09-04,2020-09-11,0.40000000000009095,0.20000000000009094,9.092726571680032e-14,0.016275551501705114,20,False,False,2015-20
GC,2020-10,GC 12-20,GC 02-21,False,OK,22,2020-10-06,2020-10-13,0.599999999999909,0.39999999999990904,0.19999999999990903,0.010291862340461595,20,False,False,2015-20
GC,2020-11,GC 12-20,GC 02-21,False,OK,21,2020-11-05,2020-11-12,-0.10000000000013642,-0.30000000000013644,-0.5000000000001364,0.010011640047464207,20,False,False,2015-20
GC,2020-12,GC 02-21,GC 04-21,True,OK,22,2020-12-04,2020-12-11,2.0,1.8,1.6,0.010073098053185405,20,False,False,2015-20
GC,2021-01,GC 02-21,GC 04-21,False,OK,20,2021-01-07,2021-01-14,-0.40000000000009095,-0.6000000000000909,-0.800000000000091,0.010076666526638023,20,False,False,2021-26
GC,2021-02,GC 04-21,GC 06-21,True,OK,20,2021-02-04,2021-02-11,0.40000000000009095,0.20000000000009094,9.092726571680032e-14,0.008916357305843687,20,False,False,2021-26
GC,2021-03,GC 04-21,GC 06-21,False,OK,23,2021-03-04,2021-03-11,-0.3999999999998636,-0.5999999999998635,-0.7999999999998636,0.009931945820472687,20,False,False,2021-26
GC,2021-04,GC 06-21,GC 08-21,True,OK,21,2021-04-07,2021-04-14,-0.09999999999990905,-0.29999999999990906,-0.4999999999999091,0.007592354407318653,20,False,False,2021-26
GC,2021-05,GC 06-21,GC 08-21,False,OK,21,2021-05-06,2021-05-13,-0.10000000000013642,-0.30000000000013644,-0.5000000000001364,0.008195212372662453,20,False,False,2021-26
GC,2021-06,GC 08-21,GC 12-21,True,F2_WINDOW_GAP_6of6,22,2021-06-04,2021-06-11,,,,,0,False,False,2021-26
GC,2021-07,GC 08-21,GC 12-21,False,OK,22,2021-07-06,2021-07-13,0.09999999999990905,-0.10000000000009096,-0.30000000000009097,0.011897517982304819,20,False,False,2021-26
GC,2021-08,GC 12-21,GC 02-22,True,F2_WINDOW_GAP_6of6,22,2021-08-05,2021-08-12,,,,,0,False,False,2021-26
GC,2021-09,GC 12-21,GC 02-22,False,F2_WINDOW_GAP_6of6,22,2021-09-06,2021-09-13,,,,,0,False,False,2021-26
GC,2021-10,GC 12-21,GC 02-22,False,F2_WINDOW_GAP_6of6,21,2021-10-06,2021-10-13,,,,,0,False,False,2021-26
GC,2021-11,GC 12-21,GC 02-22,False,F2_WINDOW_GAP_6of6,22,2021-11-04,2021-11-11,,,,,0,False,False,2021-26
GC,2021-12,GC 02-22,GC 04-22,True,F1_SHORT_MONTH,0,,,,,,,0,False,False,2021-26
GC,2022-01,GC 02-22,GC 04-22,False,F2_WINDOW_GAP_6of6,20,2022-01-06,2022-01-13,,,,,0,False,False,2021-26
GC,2022-02,GC 04-22,GC 06-22,True,F2_WINDOW_GAP_6of6,20,2022-02-04,2022-02-11,,,,,0,False,False,2021-26
GC,2022-03,GC 04-22,GC 06-22,False,F2_WINDOW_GAP_6of6,23,2022-03-04,2022-03-11,,,,,0,False,False,2021-26
GC,2022-04,GC 06-22,GC 08-22,True,F2_WINDOW_GAP_6of6,20,2022-04-06,2022-04-13,,,,,0,False,False,2021-26
GC,2022-05,GC 06-22,GC 08-22,False,F2_WINDOW_GAP_6of6,21,2022-05-05,2022-05-12,,,,,0,False,False,2021-26
GC,2022-06,GC 08-22,GC 12-22,True,F2_WINDOW_GAP_5of6,21,2022-06-06,2022-06-13,,,,,0,False,False,2021-26
GC,2022-07,GC 08-22,GC 12-22,False,OK,21,2022-07-06,2022-07-13,0.5,0.3,0.09999999999999998,0.010049581968851773,20,False,False,2021-26
GC,2022-08,GC 12-22,GC 02-23,True,F2_WINDOW_GAP_6of6,23,2022-08-04,2022-08-11,,,,,0,False,False,2021-26
GC,2022-09,GC 12-22,GC 02-23,False,OK,22,2022-09-06,2022-09-13,0.6000000000001364,0.4000000000001364,0.2000000000001364,0.006012720391060045,20,False,False,2021-26
GC,2022-10,GC 12-22,GC 02-23,False,OK,21,2022-10-06,2022-10-13,0.3000000000001819,0.10000000000018189,-0.09999999999981812,0.010872616764411614,20,False,False,2021-26
GC,2022-11,GC 12-22,GC 02-23,False,OK,22,2022-11-04,2022-11-11,0.09999999999990905,-0.10000000000009096,-0.30000000000009097,0.010343728814802142,20,False,False,2021-26
GC,2022-12,GC 02-23,GC 04-23,True,OK,21,2022-12-06,2022-12-13,-0.20000000000004547,-0.4000000000000455,-0.6000000000000455,0.010693333301606808,20,False,False,2021-26
GC,2023-01,GC 02-23,GC 04-23,False,OK,21,2023-01-06,2023-01-13,0.599999999999909,0.39999999999990904,0.19999999999990903,0.01041774947601417,20,False,False,2021-26
GC,2023-02,GC 04-23,GC 06-23,True,OK,20,2023-02-06,2023-02-13,0.0,-0.2,-0.4,0.009770797723226041,20,False,False,2021-26
GC,2023-03,GC 04-23,GC 06-23,False,OK,23,2023-03-06,2023-03-13,-0.2999999999999545,-0.49999999999995454,-0.6999999999999545,0.005081192178237218,20,False,False,2021-26
GC,2023-04,GC 06-23,GC 08-23,True,OK,13,2023-04-17,2023-04-24,0.09999999999990905,-0.10000000000009096,-0.30000000000009097,0.013633419673786899,20,False,False,2021-26
GC,2023-05,GC 06-23,GC 08-23,False,OK,23,2023-05-04,2023-05-11,0.1000000000003638,-0.09999999999963621,-0.2999999999996362,0.008757436597478456,20,False,False,2021-26
GC,2023-06,GC 08-23,GC 12-23,True,F2_WINDOW_GAP_4of6,22,2023-06-06,2023-06-13,,,,,0,False,False,2021-26
GC,2023-07,GC 08-23,GC 12-23,False,OK,21,2023-07-06,2023-07-13,1.4999999999997726,1.2999999999997727,1.0999999999997727,0.004314910626738665,20,False,False,2021-26
GC,2023-08,GC 12-23,GC 02-24,True,F2_WINDOW_GAP_5of6,23,2023-08-04,2023-08-11,,,,,0,False,False,2021-26
GC,2023-09,GC 12-23,GC 02-24,False,OK,21,2023-09-06,2023-09-13,0.0,-0.2,-0.4,0.0048660255106939936,20,False,False,2021-26
GC,2023-10,GC 12-23,GC 02-24,False,OK,22,2023-10-05,2023-10-12,0.5,0.3,0.09999999999999998,0.006341416590265906,20,False,False,2021-26
GC,2023-11,GC 12-23,GC 02-24,False,OK,22,2023-11-06,2023-11-13,-0.3999999999998636,-0.5999999999998635,-0.7999999999998636,0.008550372019311123,20,False,False,2021-26
GC,2023-12,GC 02-24,GC 04-24,True,OK,20,2023-12-06,2023-12-13,-2.2737367544323206e-13,-0.20000000000022738,-0.4000000000002274,0.009644338910428782,20,False,False,2021-26
GC,2024-01,GC 02-24,GC 04-24,False,OK,22,2024-01-05,2024-01-12,-0.09999999999990905,-0.29999999999990906,-0.4999999999999091,0.009024980677367038,20,False,False,2021-26
GC,2024-02,GC 04-24,GC 06-24,True,OK,21,2024-02-06,2024-02-13,0.09999999999990905,-0.10000000000009096,-0.30000000000009097,0.007181883936731998,20,False,False,2021-26
GC,2024-03,GC 04-24,GC 06-24,False,OK,20,2024-03-06,2024-03-13,1.0,0.8,0.6,0.007470656914219556,20,False,False,2021-26
GC,2024-04,GC 06-24,GC 08-24,True,OK,22,2024-04-04,2024-04-11,0.9999999999995453,0.7999999999995453,0.5999999999995452,0.007463716148453541,20,False,False,2021-26
GC,2024-05,GC 06-24,GC 08-24,False,OK,23,2024-05-06,2024-05-13,0.5000000000004547,0.30000000000045474,0.10000000000045473,0.01020335536484862,20,False,False,2021-26
GC,2024-06,GC 08-24,GC 12-24,True,OK,20,2024-06-06,2024-06-13,-0.7000000000002728,-0.9000000000002728,-1.1000000000002728,0.01060601007091795,20,False,False,2021-26
GC,2024-07,GC 08-24,GC 12-24,False,OK,23,2024-07-04,2024-07-11,0.599999999999909,0.39999999999990904,0.19999999999990903,0.009352018659517314,20,False,False,2021-26
GC,2024-08,GC 12-24,GC 02-25,True,F2_WINDOW_GAP_6of6,22,2024-08-06,2024-08-13,,,,,0,False,False,2021-26
GC,2024-09,GC 12-24,GC 02-25,False,F2_WINDOW_GAP_6of6,21,2024-09-05,2024-09-12,,,,,0,False,False,2021-26
GC,2024-10,GC 12-24,GC 02-25,False,F2_WINDOW_GAP_6of6,23,2024-10-04,2024-10-11,,,,,0,False,False,2021-26
GC,2024-11,GC 12-24,GC 02-25,False,F2_WINDOW_GAP_6of6,21,2024-11-06,2024-11-13,,,,,0,False,False,2021-26
GC,2024-12,GC 02-25,GC 04-25,True,F1_SHORT_MONTH,0,,,,,,,0,False,False,2021-26
GC,2025-01,GC 02-25,GC 04-25,False,F2_WINDOW_GAP_6of6,22,2025-01-07,2025-01-14,,,,,0,False,False,2021-26
GC,2025-02,GC 04-25,GC 06-25,True,F2_WINDOW_GAP_6of6,20,2025-02-06,2025-02-13,,,,,0,False,False,2021-26
GC,2025-03,GC 04-25,GC 06-25,False,F2_WINDOW_GAP_6of6,20,2025-03-06,2025-03-13,,,,,0,False,False,2021-26
GC,2025-04,GC 06-25,GC 08-25,True,F2_WINDOW_GAP_6of6,21,2025-04-04,2025-04-11,,,,,0,False,False,2021-26
GC,2025-05,GC 06-25,GC 08-25,False,F2_WINDOW_GAP_6of6,22,2025-05-06,2025-05-13,,,,,0,False,False,2021-26
GC,2025-06,GC 08-25,GC 12-25,True,F2_WINDOW_GAP_6of6,21,2025-06-05,2025-06-12,,,,,0,False,False,2021-26
GC,2025-07,GC 08-25,GC 12-25,False,OK,23,2025-07-04,2025-07-11,0.3999999999996362,0.1999999999996362,-3.638200851696638e-13,0.009412678409459066,20,False,True,2021-26
GC,2025-08,GC 12-25,GC 02-26,True,F2_WINDOW_GAP_6of6,21,2025-08-06,2025-08-13,,,,,0,False,False,2021-26
GC,2025-09,GC 12-25,GC 02-26,False,F2_WINDOW_GAP_6of6,22,2025-09-04,2025-09-11,,,,,0,False,False,2021-26
GC,2025-10,GC 12-25,GC 02-26,False,OK,23,2025-10-06,2025-10-13,1.3000000000006366,1.1000000000006367,0.9000000000006366,0.008634414100507096,20,False,False,2021-26
GC,2025-11,GC 12-25,GC 02-26,False,OK,20,2025-11-06,2025-11-13,3.099999999999909,2.899999999999909,2.699999999999909,0.021920844770548335,20,False,False,2021-26
GC,2025-12,GC 02-26,GC 04-26,True,OK,22,2025-12-04,2025-12-11,1.0,0.8,0.6,0.011848152279705655,20,False,False,2021-26
GC,2026-01,GC 02-26,GC 04-26,False,OK,21,2026-01-07,2026-01-14,1.6000000000003638,1.4000000000003638,1.2000000000003639,0.015473332022993778,20,False,False,2021-26
GC,2026-02,GC 04-26,GC 06-26,True,OK,20,2026-02-05,2026-02-12,2.199999999999818,1.9999999999998181,1.7999999999998182,0.03542648229658652,20,False,False,2021-26
GC,2026-03,GC 04-26,GC 06-26,False,OK,22,2026-03-05,2026-03-12,-0.2999999999992724,-0.4999999999992724,-0.6999999999992724,0.018472058095203032,20,False,False,2021-26
GC,2026-04,GC 06-26,GC 08-26,True,F2_WINDOW_GAP_6of6,21,2026-04-07,2026-04-14,,,,,0,False,False,2021-26
GC,2026-05,GC 06-26,GC 08-26,False,F2_WINDOW_GAP_6of6,21,2026-05-06,2026-05-13,,,,,0,False,False,2021-26
GC,2026-06,GC 08-26,GC 12-26,True,F1_SHORT_MONTH,0,,,,,,,0,False,False,2021-26
GC,2026-07,GC 08-26,GC 12-26,False,OK,11,2026-07-15,2026-07-22,0.8999999999996362,0.6999999999996362,0.4999999999996362,,4,False,True,2021-26
SI,2009-01,SI 03-09,SI 05-09,False,NO_F1_DATA,0,,,,,,,0,False,False,2009-14
SI,2009-02,SI 03-09,SI 05-09,False,NO_F1_DATA,0,,,,,,,0,False,False,2009-14
SI,2009-03,SI 05-09,SI 07-09,True,F1_SHORT_MONTH,2,,,,,,,0,False,False,2009-14
SI,2009-04,SI 05-09,SI 07-09,False,OK,21,2009-04-06,2009-04-14,0.0049999999999954525,-0.005000000000004548,-0.015000000000004548,,6,False,False,2009-14
SI,2009-05,SI 07-09,SI 09-09,True,OK,21,2009-05-06,2009-05-13,0.009999999999999787,-2.1337098754514727e-16,-0.010000000000000214,0.027821419915176157,20,False,False,2009-14
SI,2009-06,SI 07-09,SI 09-09,False,OK,22,2009-06-04,2009-06-11,1.7763568394002505e-15,-0.009999999999998224,-0.019999999999998224,0.018247601347806525,20,False,False,2009-14
SI,2009-07,SI 09-09,SI 12-09,True,OK,23,2009-07-06,2009-07-13,-0.025000000000000355,-0.03500000000000036,-0.04500000000000036,0.02085126196612135,20,False,False,2009-14
SI,2009-08,SI 09-09,SI 12-09,False,OK,20,2009-08-06,2009-08-13,0.009999999999999787,-2.1337098754514727e-16,-0.010000000000000214,0.017015795936171144,20,False,False,2009-14
SI,2009-09,SI 12-09,SI 03-10,True,F1_SHORT_MONTH,0,,,,,,,0,False,False,2009-14
SI,2009-10,SI 12-09,SI 03-10,False,OK,18,2009-10-12,2009-10-19,0.0400000000000027,0.030000000000002698,0.0200000000000027,0.04241005752017028,20,False,False,2009-14
SI,2009-11,SI 12-09,SI 03-10,False,OK,21,2009-11-05,2009-11-12,-3.552713678800501e-15,-0.010000000000003553,-0.020000000000003553,0.02051258120891739,20,False,False,2009-14
SI,2009-12,SI 03-10,SI 05-10,True,OK,22,2009-12-04,2009-12-11,0.03000000000000469,0.020000000000004688,0.01000000000000469,0.020378838447852796,20,False,False,2009-14
SI,2010-01,SI 03-10,SI 05-10,False,OK,20,2010-01-07,2010-01-14,7.105427357601002e-15,-0.009999999999992895,-0.019999999999992895,0.01689924201751737,20,False,False,2009-14
SI,2010-02,SI 03-10,SI 05-10,False,OK,20,2010-02-04,2010-02-11,0.0,-0.01,-0.02,0.022112609282439886,20,False,False,2009-14
SI,2010-03,SI 05-10,SI 07-10,True,OK,23,2010-03-04,2010-03-11,-3.552713678800501e-15,-0.010000000000003553,-0.020000000000003553,0.016431063259075656,20,False,False,2009-14
SI,2010-04,SI 05-10,SI 07-10,False,OK,21,2010-04-07,2010-04-14,-0.010000000000001563,-0.020000000000001565,-0.030000000000001564,0.013447337041001494,20,False,False,2009-14
SI,2010-05,SI 07-10,SI 09-10,True,OK,21,2010-05-06,2010-05-13,0.0449999999999946,0.0349999999999946,0.0249999999999946,0.018166473989386346,20,False,False,2009-14
SI,2010-06,SI 07-10,SI 09-10,False,OK,22,2010-06-04,2010-06-11,0.05000000000000071,0.04000000000000071,0.03000000000000071,0.020298658508757783,20,False,False,2009-14
SI,2010-07,SI 09-10,SI 12-10,True,OK,22,2010-07-06,2010-07-13,3.552713678800501e-15,-0.009999999999996447,-0.019999999999996448,0.016817513312968244,20,False,False,2009-14
SI,2010-08,SI 09-10,SI 12-10,False,OK,22,2010-08-05,2010-08-12,-0.0049999999999954525,-0.014999999999995453,-0.024999999999995453,0.015594904386317717,20,False,False,2009-14
SI,2010-09,SI 12-10,SI 03-11,True,OK,22,2010-09-06,2010-09-13,-0.014999999999997016,-0.024999999999997018,-0.03499999999999702,0.013244817835972287,20,False,False,2009-14
SI,2010-10,SI 12-10,SI 03-11,False,OK,21,2010-10-06,2010-10-13,0.019999999999999574,0.009999999999999573,-4.2674197509029455e-16,0.009229051857440237,20,False,False,2009-14
SI,2010-11,SI 12-10,SI 03-11,False,OK,22,2010-11-04,2010-11-11,0.015000000000000568,0.005000000000000568,-0.004999999999999432,0.023147161751952274,20,False,False,2009-14
SI,2010-12,SI 03-11,SI 05-11,True,OK,22,2010-12-06,2010-12-13,-0.09499999999999531,-0.1049999999999953,-0.11499999999999531,0.025360165610203413,20,False,False,2009-14
SI,2011-01,SI 03-11,SI 05-11,False,OK,21,2011-01-06,2011-01-13,0.020000000000003126,0.010000000000003126,3.1259717037102064e-15,0.01647371644594442,20,False,False,2009-14
SI,2011-02,SI 03-11,SI 05-11,False,OK,20,2011-02-04,2011-02-11,-0.05999999999999872,-0.06999999999999872,-0.07999999999999872,0.01767817498177695,20,False,False,2009-14
SI,2011-03,SI 05-11,SI 07-11,True,OK,23,2011-03-04,2011-03-11,0.06500000000000483,0.05500000000000483,0.04500000000000483,0.018729277774618885,20,False,False,2009-14
SI,2011-04,SI 05-11,SI 07-11,False,OK,21,2011-04-06,2011-04-13,0.05499999999999261,0.04499999999999261,0.034999999999992606,0.016381712715430388,20,False,False,2009-14
SI,2011-05,SI 07-11,SI 09-11,True,OK,22,2011-05-05,2011-05-12,-0.05999999999999517,-0.06999999999999516,-0.07999999999999517,0.043107603959699065,20,False,False,2009-14
SI,2011-06,SI 07-11,SI 09-11,False,OK,22,2011-06-06,2011-06-13,0.07000000000000028,0.06000000000000028,0.05000000000000028,0.03162573030132582,20,False,False,2009-14
SI,2011-07,SI 09-11,SI 12-11,True,OK,21,2011-07-06,2011-07-13,-0.015000000000000568,-0.02500000000000057,-0.03500000000000057,0.0236473136221178,20,False,False,2009-14
SI,2011-08,SI 09-11,SI 12-11,False,OK,23,2011-08-04,2011-08-11,0.03999999999999204,0.02999999999999204,0.01999999999999204,0.02725260348939532,20,False,False,2009-14
SI,2011-09,SI 12-11,SI 03-12,True,OK,22,2011-09-06,2011-09-13,0.08499999999998664,0.07499999999998665,0.06499999999998664,0.02651773312600598,20,False,False,2009-14
SI,2011-10,SI 12-11,SI 03-12,False,OK,21,2011-10-06,2011-10-13,0.06499999999999062,0.05499999999999062,0.04499999999999062,0.05907533057328601,20,False,False,2009-14
SI,2011-11,SI 12-11,SI 03-12,False,OK,22,2011-11-04,2011-11-11,0.029999999999986926,0.019999999999986924,0.009999999999986926,0.025787241881955022,20,False,False,2009-14
SI,2011-12,SI 03-12,SI 05-12,True,OK,21,2011-12-06,2011-12-13,-0.06500000000000483,-0.07500000000000483,-0.08500000000000484,0.028628695468717703,20,False,False,2009-14
SI,2012-01,SI 03-12,SI 05-12,False,OK,21,2012-01-06,2012-01-13,-0.10000000000000142,-0.11000000000000142,-0.12000000000000142,0.03024902850929609,20,False,False,2009-14
SI,2012-02,SI 03-12,SI 05-12,False,OK,21,2012-02-06,2012-02-13,0.030000000000001137,0.020000000000001135,0.010000000000001136,0.014828659356005662,20,False,False,2009-14
SI,2012-03,SI 05-12,SI 07-12,True,OK,22,2012-03-06,2012-03-13,-0.10000000000000853,-0.11000000000000852,-0.12000000000000853,0.022443635560668716,20,False,False,2009-14
SI,2012-04,SI 05-12,SI 07-12,False,OK,20,2012-04-05,2012-04-13,0.06999999999999318,0.05999999999999318,0.049999999999993175,0.022567835915615158,20,False,False,2009-14
SI,2012-05,SI 07-12,SI 09-12,True,OK,23,2012-05-04,2012-05-11,-0.05500000000000327,-0.06500000000000326,-0.07500000000000327,0.014300956755133893,20,False,False,2009-14
SI,2012-06,SI 07-12,SI 09-12,False,OK,21,2012-06-06,2012-06-13,0.14500000000000668,0.13500000000000667,0.1250000000000067,0.021104217446983924,20,False,False,2009-14
SI,2012-07,SI 09-12,SI 12-12,True,OK,22,2012-07-05,2012-07-12,0.035000000000003695,0.025000000000003693,0.015000000000003694,0.020034127943424518,20,False,False,2009-14
SI,2012-08,SI 09-12,SI 12-12,False,OK,23,2012-08-06,2012-08-13,0.050000000000007816,0.040000000000007814,0.030000000000007816,0.012209269662720616,20,False,False,2009-14
SI,2012-09,SI 12-12,SI 03-13,True,OK,20,2012-09-06,2012-09-13,0.03999999999999915,0.029999999999999145,0.019999999999999147,0.013389468310358112,20,False,False,2009-14
SI,2012-10,SI 12-12,SI 03-13,False,OK,23,2012-10-04,2012-10-11,-0.00999999999999801,-0.019999999999998012,-0.02999999999999801,0.013406260692631924,20,False,False,2009-14
SI,2012-11,SI 12-12,SI 03-13,False,OK,21,2012-11-06,2012-11-13,-0.07000000000000739,-0.08000000000000738,-0.0900000000000074,0.01586965623750354,20,False,False,2009-14
SI,2012-12,SI 03-13,SI 05-13,True,OK,20,2012-12-06,2012-12-13,-0.12000000000000455,-0.13000000000000456,-0.14000000000000454,0.014067040837197486,20,False,False,2009-14
SI,2013-01,SI 03-13,SI 05-13,False,OK,22,2013-01-07,2013-01-14,0.05500000000000327,0.04500000000000327,0.035000000000003265,0.01737817074575241,20,False,False,2009-14
SI,2013-02,SI 03-13,SI 05-13,False,OK,20,2013-02-06,2013-02-13,-0.03499999999999659,-0.04499999999999659,-0.05499999999999659,0.01414530692587759,20,False,False,2009-14
SI,2013-03,SI 05-13,SI 07-13,True,OK,20,2013-03-06,2013-03-13,0.045000000000001705,0.0350000000000017,0.025000000000001705,0.013110737171114637,20,False,False,2009-14
SI,2013-04,SI 05-13,SI 07-13,False,OK,22,2013-04-04,2013-04-11,0.010000000000001563,1.5629858518551032e-15,-0.009999999999998437,0.009974119591601225,20,False,False,2009-14
SI,2013-05,SI 07-13,SI 09-13,True,OK,23,2013-05-06,2013-05-13,0.13999999999999702,0.129999999999997,0.11999999999999701,0.033910186664240505,20,False,False,2009-14
SI,2013-06,SI 07-13,SI 09-13,False,OK,20,2013-06-06,2013-06-13,-3.552713678800501e-15,-0.010000000000003553,-0.020000000000003553,0.014853707272941693,20,False,False,2009-14
SI,2013-07,SI 09-13,SI 12-13,True,OK,23,2013-07-04,2013-07-11,-0.00999999999999801,-0.019999999999998012,-0.02999999999999801,0.028380391622243865,20,False,False,2009-14
SI,2013-08,SI 09-13,SI 12-13,False,OK,22,2013-08-06,2013-08-13,0.03499999999999304,0.024999999999993035,0.014999999999993036,0.0177310007414997,20,False,False,2009-14
SI,2013-09,SI 12-13,SI 03-14,True,OK,21,2013-09-05,2013-09-12,0.23999999999999488,0.22999999999999488,0.2199999999999949,0.024782345988832943,20,False,False,2009-14
SI,2013-10,SI 12-13,SI 03-14,False,OK,23,2013-10-04,2013-10-11,0.010000000000001563,1.5629858518551032e-15,-0.009999999999998437,0.0236739134838068,20,False,False,2009-14
SI,2013-11,SI 12-13,SI 03-14,False,OK,19,2013-11-06,2013-11-13,-0.010000000000005116,-0.020000000000005118,-0.030000000000005116,0.013958430822046853,20,False,False,2009-14
SI,2013-12,SI 03-14,SI 05-14,True,OK,21,2013-12-05,2013-12-12,-0.10999999999999233,-0.11999999999999232,-0.12999999999999232,0.01701919668042135,20,False,False,2009-14
SI,2014-01,SI 03-14,SI 05-14,False,OK,17,2014-01-07,2014-01-14,-0.02499999999999858,-0.03499999999999858,-0.04499999999999858,0.021367176763341142,20,False,False,2009-14
SI,2014-02,SI 03-14,SI 05-14,False,OK,20,2014-02-06,2014-02-13,0.010000000000001563,1.5629858518551032e-15,-0.009999999999998437,0.014571159926717722,20,False,False,2009-14
SI,2014-03,SI 05-14,SI 07-14,True,OK,21,2014-03-06,2014-03-13,0.029999999999997584,0.019999999999997582,0.009999999999997584,0.015323883711817332,20,False,False,2009-14
SI,2014-04,SI 05-14,SI 07-14,False,OK,21,2014-04-04,2014-04-11,0.0,-0.01,-0.02,0.00982771822506707,20,False,False,2009-14
SI,2014-05,SI 07-14,SI 09-14,True,OK,22,2014-05-06,2014-05-13,0.00999999999999801,-1.9897278269453977e-15,-0.01000000000000199,0.010683059795935246,20,False,False,2009-14
SI,2014-06,SI 07-14,SI 09-14,False,OK,21,2014-06-05,2014-06-12,3.552713678800501e-15,-0.009999999999996447,-0.019999999999996448,0.010269155456875116,20,False,False,2009-14
SI,2014-07,SI 09-14,SI 12-14,True,OK,23,2014-07-04,2014-07-11,-0.005000000000006111,-0.015000000000006111,-0.02500000000000611,0.011872173571243805,20,False,False,2009-14
SI,2014-08,SI 09-14,SI 12-14,False,OK,21,2014-08-06,2014-08-13,-0.02500000000000213,-0.035000000000002134,-0.045000000000002136,0.011808183744151081,20,False,False,2009-14
SI,2014-09,SI 12-14,SI 03-15,True,F2_WINDOW_GAP_2of6,22,2014-09-04,2014-09-11,,,,,0,False,False,2009-14
SI,2014-10,SI 12-14,SI 03-15,False,OK,23,2014-10-06,2014-10-13,-0.014999999999997016,-0.024999999999997018,-0.03499999999999702,0.013617535130795978,20,False,False,2009-14
SI,2014-11,SI 12-14,SI 03-15,False,OK,20,2014-11-06,2014-11-13,-0.010000000000001563,-0.020000000000001565,-0.030000000000001564,0.014235373378037219,20,False,False,2009-14
SI,2014-12,SI 03-15,SI 05-15,True,OK,22,2014-12-04,2014-12-11,-0.060000000000005826,-0.07000000000000582,-0.08000000000000583,0.02396359817798497,20,False,False,2009-14
SI,2015-01,SI 03-15,SI 05-15,False,OK,21,2015-01-07,2015-01-14,-0.125,-0.135,-0.145,0.02277568409517612,20,False,False,2015-20
SI,2015-02,SI 03-15,SI 05-15,False,OK,20,2015-02-05,2015-02-12,-0.02500000000000213,-0.035000000000002134,-0.045000000000002136,0.02192001625999571,20,False,False,2015-20
SI,2015-03,SI 05-15,SI 07-15,True,OK,22,2015-03-05,2015-03-12,-0.015000000000000568,-0.02500000000000057,-0.03500000000000057,0.015449391231623387,20,False,False,2015-20
SI,2015-04,SI 05-15,SI 07-15,False,OK,21,2015-04-07,2015-04-14,-0.019999999999992468,-0.02999999999999247,-0.03999999999999247,0.015406713974293905,20,False,False,2015-20
SI,2015-05,SI 07-15,SI 09-15,True,OK,21,2015-05-06,2015-05-13,0.030000000000001137,0.020000000000001135,0.010000000000001136,0.015562409205455425,20,False,False,2015-20
SI,2015-06,SI 07-15,SI 09-15,False,OK,22,2015-06-04,2015-06-11,-0.025000000000003908,-0.03500000000000391,-0.04500000000000391,0.016082510333182847,20,False,False,2015-20
SI,2015-07,SI 09-15,SI 12-15,True,OK,23,2015-07-06,2015-07-13,0.0,-0.01,-0.02,0.009108447005530085,20,False,False,2015-20
SI,2015-08,SI 09-15,SI 12-15,False,OK,21,2015-08-06,2015-08-13,0.009999999999996234,-3.766084666345648e-15,-0.010000000000003766,0.007821397954612631,20,False,False,2015-20
SI,2015-09,SI 12-15,SI 03-16,True,F2_WINDOW_GAP_6of6,22,2015-09-04,2015-09-11,,,,,0,False,False,2015-20
SI,2015-10,SI 12-15,SI 03-16,False,F2_WINDOW_GAP_6of6,17,2015-10-06,2015-10-20,,,,,0,False,False,2015-20
SI,2015-11,SI 12-15,SI 03-16,False,F2_WINDOW_GAP_6of6,21,2015-11-05,2015-11-12,,,,,0,False,False,2015-20
SI,2015-12,SI 03-16,SI 05-16,True,F1_SHORT_MONTH,0,,,,,,,0,False,False,2015-20
SI,2016-01,SI 03-16,SI 05-16,False,F2_WINDOW_GAP_6of6,20,2016-01-07,2016-01-14,,,,,0,False,False,2015-20
SI,2016-02,SI 03-16,SI 05-16,False,F2_WINDOW_GAP_6of6,20,2016-02-04,2016-02-11,,,,,0,False,False,2015-20
SI,2016-03,SI 05-16,SI 07-16,True,F2_WINDOW_GAP_6of6,22,2016-03-04,2016-03-11,,,,,0,False,False,2015-20
SI,2016-04,SI 05-16,SI 07-16,False,F2_WINDOW_GAP_6of6,21,2016-04-06,2016-04-13,,,,,0,False,False,2015-20
SI,2016-05,SI 07-16,SI 09-16,True,F2_WINDOW_GAP_6of6,22,2016-05-05,2016-05-12,,,,,0,False,False,2015-20
SI,2016-06,SI 07-16,SI 09-16,False,F2_WINDOW_GAP_6of6,22,2016-06-06,2016-06-13,,,,,0,False,False,2015-20
SI,2016-07,SI 09-16,SI 12-16,True,F2_WINDOW_GAP_3of6,21,2016-07-06,2016-07-13,,,,,0,False,False,2015-20
SI,2016-08,SI 09-16,SI 12-16,False,F2_WINDOW_GAP_6of6,20,2016-08-04,2016-08-11,,,,,0,False,False,2015-20
SI,2016-09,SI 12-16,SI 03-17,True,F2_WINDOW_GAP_6of6,22,2016-09-06,2016-09-13,,,,,0,False,False,2015-20
SI,2016-10,SI 12-16,SI 03-17,False,F2_WINDOW_GAP_6of6,21,2016-10-06,2016-10-13,,,,,0,False,False,2015-20
SI,2016-11,SI 12-16,SI 03-17,False,F2_WINDOW_GAP_6of6,22,2016-11-04,2016-11-11,,,,,0,False,False,2015-20
SI,2016-12,SI 03-17,SI 05-17,True,OK,21,2016-12-06,2016-12-13,-3.552713678800501e-15,-0.010000000000003553,-0.020000000000003553,0.00984996821476232,17,False,False,2015-20
SI,2017-01,SI 03-17,SI 05-17,False,OK,21,2017-01-06,2017-01-13,0.004999999999999005,-0.005000000000000995,-0.015000000000000995,0.021266024219074926,20,False,False,2015-20
SI,2017-02,SI 03-17,SI 05-17,False,OK,20,2017-02-06,2017-02-13,0.004999999999999005,-0.005000000000000995,-0.015000000000000995,0.009834418226727242,20,False,False,2015-20
SI,2017-03,SI 05-17,SI 07-17,True,OK,23,2017-03-06,2017-03-13,0.0,-0.01,-0.02,0.010966241671995397,20,False,False,2015-20
SI,2017-04,SI 05-17,SI 07-17,False,OK,19,2017-04-06,2017-04-13,0.0,-0.01,-0.02,0.007873478859462964,20,False,False,2015-20
SI,2017-05,SI 07-17,SI 09-17,True,OK,22,2017-05-04,2017-05-11,0.0,-0.01,-0.02,0.01021472440718259,20,False,False,2015-20
SI,2017-06,SI 07-17,SI 09-17,False,OK,22,2017-06-06,2017-06-13,0.0,-0.01,-0.02,0.008172776841014832,20,False,False,2015-20
SI,2017-07,SI 09-17,SI 12-17,True,OK,21,2017-07-06,2017-07-13,-0.005000000000000782,-0.015000000000000782,-0.025000000000000782,0.01247596467157527,20,False,False,2015-20
SI,2017-08,SI 09-17,SI 12-17,False,OK,23,2017-08-04,2017-08-11,-0.00999999999999801,-0.019999999999998012,-0.02999999999999801,0.009077797959002057,20,False,False,2015-20
SI,2017-09,SI 12-17,SI 03-18,True,F2_WINDOW_GAP_2of6,20,2017-09-07,2017-09-14,,,,,0,False,False,2015-20
SI,2017-10,SI 12-17,SI 03-18,False,OK,22,2017-10-05,2017-10-12,0.00999999999999801,-1.9897278269453977e-15,-0.01000000000000199,0.009549831728997501,20,False,False,2015-20
SI,2017-11,SI 12-17,SI 03-18,False,OK,22,2017-11-06,2017-11-13,0.0,-0.01,-0.02,0.012358428477697268,20,False,False,2015-20
SI,2017-12,SI 03-18,SI 05-18,True,OK,20,2017-12-06,2017-12-13,1.7763568394002505e-15,-0.009999999999998224,-0.019999999999998224,0.011659491817924117,20,False,False,2015-20
SI,2018-01,SI 03-18,SI 05-18,False,OK,22,2018-01-05,2018-01-12,0.005000000000002558,-0.004999999999997442,-0.014999999999997442,0.006015354344508703,20,False,False,2015-20
SI,2018-02,SI 03-18,SI 05-18,False,OK,20,2018-02-06,2018-02-13,-0.005000000000002558,-0.015000000000002558,-0.02500000000000256,0.013011140965654184,20,False,False,2015-20
SI,2018-03,SI 05-18,SI 07-18,True,OK,21,2018-03-06,2018-03-13,0.004999999999999005,-0.005000000000000995,-0.015000000000000995,0.011754107474303225,20,False,False,2015-20
SI,2018-04,SI 05-18,SI 07-18,False,OK,21,2018-04-05,2018-04-12,-0.015000000000000568,-0.02500000000000057,-0.03500000000000057,0.010780985896636262,20,False,False,2015-20
SI,2018-05,SI 07-18,SI 09-18,True,OK,23,2018-05-04,2018-05-11,0.004999999999999005,-0.005000000000000995,-0.015000000000000995,0.01352630221146636,20,False,False,2015-20
SI,2018-06,SI 07-18,SI 09-18,False,OK,21,2018-06-06,2018-06-13,3.552713678800501e-15,-0.009999999999996447,-0.019999999999996448,0.00899028016053006,20,False,False,2015-20
SI,2018-07,SI 09-18,SI 12-18,True,OK,22,2018-07-05,2018-07-12,0.004999999999997229,-0.005000000000002771,-0.015000000000002772,0.014345848563444633,20,False,False,2015-20
SI,2018-08,SI 09-18,SI 12-18,False,OK,23,2018-08-06,2018-08-13,0.004999999999999005,-0.005000000000000995,-0.015000000000000995,0.007693904348915652,20,False,False,2015-20
SI,2018-09,SI 12-18,SI 03-19,True,F2_WINDOW_GAP_6of6,20,2018-09-06,2018-09-13,,,,,0,False,False,2015-20
SI,2018-10,SI 12-18,SI 03-19,False,F2_WINDOW_GAP_6of6,23,2018-10-04,2018-10-11,,,,,0,False,False,2015-20
SI,2018-11,SI 12-18,SI 03-19,False,F2_WINDOW_GAP_6of6,22,2018-11-06,2018-11-13,,,,,0,False,False,2015-20
SI,2018-12,SI 03-19,SI 05-19,True,F1_SHORT_MONTH,0,,,,,,,0,False,False,2015-20
SI,2019-01,SI 03-19,SI 05-19,False,F2_WINDOW_GAP_6of6,22,2019-01-07,2019-01-14,,,,,0,False,False,2015-20
SI,2019-02,SI 03-19,SI 05-19,False,F2_WINDOW_GAP_6of6,20,2019-02-06,2019-02-13,,,,,0,False,False,2015-20
SI,2019-03,SI 05-19,SI 07-19,True,F2_WINDOW_GAP_6of6,21,2019-03-06,2019-03-13,,,,,0,False,False,2015-20
SI,2019-04,SI 05-19,SI 07-19,False,F2_WINDOW_GAP_6of6,19,2019-04-04,2019-04-11,,,,,0,False,False,2015-20
SI,2019-05,SI 07-19,SI 09-19,True,F2_WINDOW_GAP_6of6,23,2019-05-06,2019-05-13,,,,,0,False,False,2015-20
SI,2019-06,SI 07-19,SI 09-19,False,F2_WINDOW_GAP_6of6,20,2019-06-06,2019-06-13,,,,,0,False,False,2015-20
SI,2019-07,SI 09-19,SI 12-19,True,OK,23,2019-07-04,2019-07-11,-0.004999999999999005,-0.014999999999999005,-0.024999999999999006,,8,False,False,2015-20
SI,2019-08,SI 09-19,SI 12-19,False,OK,22,2019-08-06,2019-08-13,0.010000000000001563,1.5629858518551032e-15,-0.009999999999998437,0.009588003968533045,20,False,False,2015-20
SI,2019-09,SI 12-19,SI 03-20,True,F2_WINDOW_GAP_6of6,21,2019-09-05,2019-09-12,,,,,0,False,False,2015-20
SI,2019-10,SI 12-19,SI 03-20,False,OK,23,2019-10-04,2019-10-11,0.004999999999999005,-0.005000000000000995,-0.015000000000000995,0.020551618390503578,20,False,False,2015-20
SI,2019-11,SI 12-19,SI 03-20,False,OK,21,2019-11-06,2019-11-13,-0.00999999999999801,-0.019999999999998012,-0.02999999999999801,0.00983123956375331,20,False,False,2015-20
SI,2019-12,SI 03-20,SI 05-20,True,OK,21,2019-12-05,2019-12-12,0.004999999999999005,-0.005000000000000995,-0.015000000000000995,0.008763923402778595,20,False,False,2015-20
SI,2020-01,SI 03-20,SI 05-20,False,OK,22,2020-01-07,2020-01-14,0.0,-0.01,-0.02,0.006151092831111591,20,False,False,2015-20
SI,2020-02,SI 03-20,SI 05-20,False,OK,20,2020-02-06,2020-02-13,0.0,-0.01,-0.02,0.014010838795303918,20,False,False,2015-20
SI,2020-03,SI 05-20,SI 07-20,True,OK,22,2020-03-05,2020-03-12,-0.015000000000000568,-0.02500000000000057,-0.03500000000000057,0.023346308146062165,20,False,False,2015-20
SI,2020-04,SI 05-20,SI 07-20,False,OK,21,2020-04-06,2020-04-14,0.16999999999999993,0.15999999999999992,0.14999999999999994,0.05247058009009747,20,False,False,2015-20
SI,2020-05,SI 07-20,SI 09-20,True,OK,21,2020-05-06,2020-05-13,-0.02999999999999936,-0.03999999999999936,-0.049999999999999364,0.02752470915148387,20,False,False,2015-20
SI,2020-06,SI 07-20,SI 09-20,False,OK,22,2020-06-04,2020-06-11,0.02499999999999858,0.014999999999998579,0.0049999999999985785,0.0219084580612705,20,False,False,2015-20
SI,2020-07,SI 09-20,SI 12-20,True,OK,23,2020-07-06,2020-07-13,-0.01699999999999946,-0.026999999999999462,-0.036999999999999464,0.014995175279218845,20,False,False,2015-20
SI,2020-08,SI 09-20,SI 12-20,False,OK,21,2020-08-06,2020-08-13,-0.07000000000000028,-0.08000000000000028,-0.09000000000000029,0.03289706892493357,20,False,False,2015-20
SI,2020-09,SI 12-20,SI 03-21,True,F2_WINDOW_GAP_5of6,22,2020-09-04,2020-09-11,,,,,0,False,False,2015-20
SI,2020-10,SI 12-20,SI 03-21,False,OK,22,2020-10-06,2020-10-13,0.029999999999997584,0.019999999999997582,0.009999999999997584,0.033819040490324366,20,False,False,2015-20
SI,2020-11,SI 12-20,SI 03-21,False,OK,21,2020-11-05,2020-11-12,0.0,-0.01,-0.02,0.023750474457770485,20,False,False,2015-20
SI,2020-12,SI 03-21,SI 05-21,True,OK,22,2020-12-04,2020-12-11,0.04900000000000304,0.03900000000000304,0.02900000000000304,0.021624428071694374,20,False,False,2015-20
SI,2021-01,SI 03-21,SI 05-21,False,OK,20,2021-01-07,2021-01-14,-0.00999999999999801,-0.019999999999998012,-0.02999999999999801,0.01875894323043577,20,False,False,2021-26
SI,2021-02,SI 03-21,SI 05-21,False,OK,20,2021-02-04,2021-02-11,0.00999999999999801,-1.9897278269453977e-15,-0.01000000000000199,0.03734423640395696,20,False,False,2021-26
SI,2021-03,SI 05-21,SI 07-21,True,OK,23,2021-03-04,2021-03-11,-0.015000000000000568,-0.02500000000000057,-0.03500000000000057,0.018291718878856594,20,False,False,2021-26
SI,2021-04,SI 05-21,SI 07-21,False,OK,21,2021-04-07,2021-04-14,0.0,-0.01,-0.02,0.013476221350539781,20,False,False,2021-26
SI,2021-05,SI 07-21,SI 09-21,True,OK,21,2021-05-06,2021-05-13,-0.0049999999999954525,-0.014999999999995453,-0.024999999999995453,0.017173282973634678,20,False,False,2021-26
SI,2021-06,SI 07-21,SI 09-21,False,OK,22,2021-06-04,2021-06-11,0.004999999999999005,-0.005000000000000995,-0.015000000000000995,0.013612084861281846,20,False,False,2021-26
SI,2021-07,SI 09-21,SI 12-21,True,OK,22,2021-07-06,2021-07-13,0.0,-0.01,-0.02,0.01871643255583786,20,False,False,2021-26
SI,2021-08,SI 09-21,SI 12-21,False,OK,22,2021-08-05,2021-08-12,0.005000000000002558,-0.004999999999997442,-0.014999999999997442,0.01416855101227027,20,False,False,2021-26
SI,2021-09,SI 12-21,SI 03-22,True,F2_WINDOW_GAP_6of6,22,2021-09-06,2021-09-13,,,,,0,False,False,2021-26
SI,2021-10,SI 12-21,SI 03-22,False,F2_WINDOW_GAP_6of6,21,2021-10-06,2021-10-13,,,,,0,False,False,2021-26
SI,2021-11,SI 12-21,SI 03-22,False,F2_WINDOW_GAP_6of6,22,2021-11-04,2021-11-11,,,,,0,False,False,2021-26
SI,2021-12,SI 03-22,SI 05-22,True,F1_SHORT_MONTH,0,,,,,,,0,False,False,2021-26
SI,2022-01,SI 03-22,SI 05-22,False,F2_WINDOW_GAP_6of6,21,2022-01-06,2022-01-13,,,,,0,False,False,2021-26
SI,2022-02,SI 03-22,SI 05-22,False,F2_WINDOW_GAP_6of6,19,2022-02-04,2022-02-11,,,,,0,False,False,2021-26
SI,2022-03,SI 05-22,SI 07-22,True,F2_WINDOW_GAP_6of6,23,2022-03-04,2022-03-11,,,,,0,False,False,2021-26
SI,2022-04,SI 05-22,SI 07-22,False,F2_WINDOW_GAP_6of6,20,2022-04-06,2022-04-13,,,,,0,False,False,2021-26
SI,2022-05,SI 07-22,SI 09-22,True,F2_WINDOW_GAP_6of6,22,2022-05-05,2022-05-12,,,,,0,False,False,2021-26
SI,2022-06,SI 07-22,SI 09-22,False,F2_WINDOW_GAP_6of6,21,2022-06-06,2022-06-13,,,,,0,False,False,2021-26
SI,2022-07,SI 09-22,SI 12-22,True,OK,21,2022-07-06,2022-07-13,0.013999999999999346,0.003999999999999346,-0.006000000000000654,,8,False,False,2021-26
SI,2022-08,SI 09-22,SI 12-22,False,OK,23,2022-08-04,2022-08-11,-0.0030000000000036664,-0.013000000000003667,-0.023000000000003667,0.02233018116981665,20,False,False,2021-26
SI,2022-09,SI 12-22,SI 03-23,True,F2_WINDOW_GAP_6of6,22,2022-09-06,2022-09-13,,,,,0,False,False,2021-26
SI,2022-10,SI 12-22,SI 03-23,False,F2_WINDOW_GAP_2of6,21,2022-10-06,2022-10-13,,,,,0,False,False,2021-26
SI,2022-11,SI 12-22,SI 03-23,False,OK,22,2022-11-04,2022-11-11,0.03899999999999437,0.02899999999999437,0.018999999999994372,0.02455912107471755,20,False,False,2021-26
SI,2022-12,SI 03-23,SI 05-23,True,OK,21,2022-12-06,2022-12-13,0.003999999999997783,-0.006000000000002217,-0.016000000000002217,0.020122788997711576,20,False,False,2021-26
SI,2023-01,SI 03-23,SI 05-23,False,OK,21,2023-01-06,2023-01-13,0.006999999999997897,-0.0030000000000021034,-0.013000000000002104,0.020070509764408287,20,False,False,2021-26
SI,2023-02,SI 03-23,SI 05-23,False,OK,20,2023-02-06,2023-02-13,-0.008999999999996788,-0.01899999999999679,-0.02899999999999679,0.01698349724222861,20,False,False,2021-26
SI,2023-03,SI 05-23,SI 07-23,True,OK,23,2023-03-06,2023-03-13,-0.017000000000003013,-0.027000000000003015,-0.03700000000000302,0.010609244942443634,20,False,False,2021-26
SI,2023-04,SI 05-23,SI 07-23,False,OK,13,2023-04-17,2023-04-24,-0.006000000000000227,-0.01600000000000023,-0.026000000000000228,0.020079511773384854,20,False,False,2021-26
SI,2023-05,SI 07-23,SI 09-23,True,OK,23,2023-05-04,2023-05-11,0.007999999999999119,-0.0020000000000008813,-0.012000000000000881,0.013423039492608913,20,False,False,2021-26
SI,2023-06,SI 07-23,SI 09-23,False,OK,22,2023-06-06,2023-06-13,-0.001999999999995339,-0.011999999999995339,-0.02199999999999534,0.015998474829317273,20,False,False,2021-26
SI,2023-07,SI 09-23,SI 12-23,True,OK,21,2023-07-06,2023-07-13,0.0329999999999977,0.022999999999997696,0.012999999999997697,0.013551272261384927,20,False,False,2021-26
SI,2023-08,SI 09-23,SI 12-23,False,OK,23,2023-08-04,2023-08-11,-0.027000000000001023,-0.037000000000001025,-0.04700000000000103,0.017401168799577725,20,False,False,2021-26
SI,2023-09,SI 12-23,SI 03-24,True,F2_WINDOW_GAP_3of6,21,2023-09-06,2023-09-13,,,,,0,False,False,2021-26
SI,2023-10,SI 12-23,SI 03-24,False,OK,22,2023-10-05,2023-10-12,0.01699999999999946,0.00699999999999946,-0.0030000000000005404,0.01449368713783198,20,False,False,2021-26
SI,2023-11,SI 12-23,SI 03-24,False,OK,22,2023-11-06,2023-11-13,-0.004999999999999005,-0.014999999999999005,-0.024999999999999006,0.01450267238634364,20,False,False,2021-26
SI,2023-12,SI 03-24,SI 05-24,True,OK,20,2023-12-06,2023-12-13,-0.015999999999998238,-0.02599999999999824,-0.03599999999999824,0.017451665684198498,20,False,False,2021-26
SI,2024-01,SI 03-24,SI 05-24,False,OK,22,2024-01-05,2024-01-12,0.0,-0.01,-0.02,0.019635988834265088,20,False,False,2021-26
SI,2024-02,SI 03-24,SI 05-24,False,OK,21,2024-02-06,2024-02-13,-0.007999999999995566,-0.017999999999995568,-0.027999999999995567,0.01334606770177907,20,False,False,2021-26
SI,2024-03,SI 05-24,SI 07-24,True,OK,20,2024-03-06,2024-03-13,0.01300000000000523,0.0030000000000052294,-0.006999999999994771,0.015750801902222677,20,False,False,2021-26
SI,2024-04,SI 05-24,SI 07-24,False,OK,22,2024-04-04,2024-04-11,0.013000000000001677,0.0030000000000016767,-0.0069999999999983235,0.015129911836898331,20,False,False,2021-26
SI,2024-05,SI 07-24,SI 09-24,True,OK,23,2024-05-06,2024-05-13,0.009000000000000341,-0.0009999999999996591,-0.01099999999999966,0.01894657520888878,20,False,False,2021-26
SI,2024-06,SI 07-24,SI 09-24,False,OK,20,2024-06-06,2024-06-13,-0.015999999999998238,-0.02599999999999824,-0.03599999999999824,0.027291403591783784,20,False,False,2021-26
SI,2024-07,SI 09-24,SI 12-24,True,OK,23,2024-07-04,2024-07-11,0.019999999999999574,0.009999999999999573,-4.2674197509029455e-16,0.021848688079539217,20,False,False,2021-26
SI,2024-08,SI 09-24,SI 12-24,False,OK,22,2024-08-06,2024-08-13,0.012999999999998124,0.002999999999998124,-0.007000000000001876,0.02029615119538875,20,False,False,2021-26
SI,2024-09,SI 12-24,SI 03-25,True,F2_WINDOW_GAP_6of6,21,2024-09-05,2024-09-12,,,,,0,False,False,2021-26
SI,2024-10,SI 12-24,SI 03-25,False,F2_WINDOW_GAP_6of6,23,2024-10-04,2024-10-11,,,,,0,False,False,2021-26
SI,2024-11,SI 12-24,SI 03-25,False,F2_WINDOW_GAP_6of6,21,2024-11-06,2024-11-13,,,,,0,False,False,2021-26
SI,2024-12,SI 03-25,SI 05-25,True,F1_SHORT_MONTH,0,,,,,,,0,False,False,2021-26
SI,2025-01,SI 03-25,SI 05-25,False,F2_WINDOW_GAP_6of6,22,2025-01-07,2025-01-14,,,,,0,False,False,2021-26
SI,2025-02,SI 03-25,SI 05-25,False,F2_WINDOW_GAP_6of6,20,2025-02-06,2025-02-13,,,,,0,False,False,2021-26
SI,2025-03,SI 05-25,SI 07-25,True,F2_WINDOW_GAP_6of6,21,2025-03-06,2025-03-13,,,,,0,False,False,2021-26
SI,2025-04,SI 05-25,SI 07-25,False,F2_WINDOW_GAP_6of6,19,2025-04-04,2025-04-11,,,,,0,False,False,2021-26
SI,2025-05,SI 07-25,SI 09-25,True,F2_WINDOW_GAP_6of6,22,2025-05-06,2025-05-13,,,,,0,False,False,2021-26
SI,2025-06,SI 07-25,SI 09-25,False,F2_WINDOW_GAP_6of6,20,2025-06-05,2025-06-12,,,,,0,False,False,2021-26
SI,2025-07,SI 09-25,SI 12-25,True,OK,23,2025-07-04,2025-07-11,0.027000000000001023,0.01700000000000102,0.007000000000001023,,8,False,False,2021-26
SI,2025-08,SI 09-25,SI 12-25,False,OK,21,2025-08-06,2025-08-13,0.01899999999999835,0.008999999999998351,-0.0010000000000016489,0.015966447562837754,20,False,False,2021-26
SI,2025-09,SI 12-25,SI 03-26,True,F2_WINDOW_GAP_6of6,22,2025-09-04,2025-09-11,,,,,0,False,False,2021-26
SI,2025-10,SI 12-25,SI 03-26,False,OK,23,2025-10-06,2025-10-13,-0.014000000000002899,-0.0240000000000029,-0.0340000000000029,0.01675677266578097,20,False,False,2021-26
SI,2025-11,SI 12-25,SI 03-26,False,OK,20,2025-11-06,2025-11-13,0.08200000000000074,0.07200000000000074,0.062000000000000735,0.032296250095906094,20,False,False,2021-26
SI,2025-12,SI 03-26,SI 05-26,True,OK,22,2025-12-04,2025-12-11,0.055999999999997385,0.04599999999999738,0.03599999999999738,0.026504907734954942,20,False,False,2021-26
SI,2026-01,SI 03-26,SI 05-26,False,OK,21,2026-01-07,2026-01-14,0.09799999999999898,0.08799999999999898,0.07799999999999897,0.054486391830037784,20,False,False,2021-26
SI,2026-02,SI 03-26,SI 05-26,False,OK,20,2026-02-05,2026-02-12,0.006999999999990791,-0.003000000000009209,-0.013000000000009209,0.10688062451450164,20,False,False,2021-26
SI,2026-03,SI 05-26,SI 07-26,True,OK,22,2026-03-05,2026-03-12,0.006000000000014438,-0.003999999999985562,-0.013999999999985562,0.05071633435802398,20,False,False,2021-26
SI,2026-04,SI 05-26,SI 07-26,False,OK,21,2026-04-07,2026-04-14,0.03999999999999204,0.02999999999999204,0.01999999999999204,0.03617011364924712,20,False,False,2021-26
SI,2026-05,SI 07-26,SI 09-26,True,OK,21,2026-05-06,2026-05-13,0.08599999999999852,0.07599999999999853,0.06599999999999852,0.029273629723986207,20,False,False,2021-26
SI,2026-06,SI 07-26,SI 09-26,False,OK,22,2026-06-04,2026-06-11,-0.0799999999999983,-0.08999999999999829,-0.0999999999999983,0.033668622824463826,20,False,False,2021-26
SI,2026-07,SI 09-26,SI 12-26,True,OK,23,2026-07-06,2026-07-13,-0.036999999999999034,-0.046999999999999036,-0.05699999999999904,0.03261290565426635,20,False,False,2021-26
