sess,net
2022-01-03,971.280000000021
2022-01-04,4470.640000000014
2022-01-05,6506.280000000028
2022-01-06,700.640000000014
2022-01-07,745.640000000014
2022-01-10,5660.640000000014
2022-01-11,-2884.359999999986
2022-01-12,-894.359999999986
2022-01-13,5365.640000000014
2022-01-14,1061.280000000028
2022-01-17,0.0
2022-01-18,636.9200000000419
2022-01-19,-3378.719999999972
2022-01-20,-794.359999999986
2022-01-21,-2878.079999999958
2022-01-24,2126.920000000042
2022-01-25,-233.71999999997206
2022-01-26,2030.640000000014
2022-01-27,2806.280000000028
2022-01-28,376.28000000002794
2022-01-31,0.0
2022-02-01,-2704.359999999986
2022-02-02,4900.640000000014
2022-02-03,-3608.719999999972
2022-02-04,1240.640000000014
2022-02-07,-3338.719999999972
2022-02-08,2445.640000000014
2022-02-09,0.0
2022-02-10,3781.280000000028
2022-02-11,3121.280000000028
2022-02-14,180.64000000001397
2022-02-15,0.0
2022-02-16,-2654.359999999986
2022-02-17,7065.640000000014
2022-02-18,-4128.079999999958
2022-02-21,86.92000000004191
2022-02-22,-388.71999999997206
2022-02-23,6870.640000000014
2022-02-24,14280.640000000014
2022-02-25,-3814.359999999986
2022-02-28,-6319.359999999986
2022-03-01,-2388.719999999972
2022-03-02,-679.359999999986
2022-03-03,4030.640000000014
2022-03-04,-5798.079999999958
2022-03-07,4501.280000000028
2022-03-08,-5963.719999999972
2022-03-09,6180.640000000014
2022-03-10,-319.35999999998603
2022-03-11,6360.640000000014
2022-03-14,-4859.359999999986
2022-03-15,5760.640000000014
2022-03-16,-1279.359999999986
2022-03-17,-3128.719999999972
2022-03-18,6235.640000000014
2022-03-21,-3413.719999999972
2022-03-22,3820.640000000014
2022-03-23,1530.640000000014
2022-03-24,2596.280000000028
2022-03-25,-634.359999999986
2022-03-28,646.2800000000279
2022-03-29,-2764.359999999986
2022-03-30,795.640000000014
2022-03-31,141.28000000002794
2022-04-01,-773.7199999999721
2022-04-04,4680.640000000014
2022-04-05,5000.640000000014
2022-04-06,-2953.079999999958
2022-04-07,-7233.079999999958
2022-04-08,2155.640000000014
2022-04-11,-1649.359999999986
2022-04-12,2760.640000000014
2022-04-13,3465.640000000014
2022-04-14,5480.640000000014
2022-04-18,2770.640000000014
2022-04-19,2056.920000000049
2022-04-20,396.9200000000419
2022-04-21,5131.280000000028
2022-04-22,-1219.359999999986
2022-04-25,3950.640000000014
2022-04-26,10700.640000000014
2022-04-27,3650.640000000014
2022-04-28,-8392.439999999944
2022-04-29,1806.280000000028
2022-05-02,2855.640000000014
2022-05-03,-2549.359999999986
2022-05-04,-2433.719999999972
2022-05-05,10705.640000000014
2022-05-06,-4308.079999999958
2022-05-09,-3028.719999999972
2022-05-10,-2248.079999999958
2022-05-11,-8557.439999999944
2022-05-12,-2658.719999999972
2022-05-13,7535.640000000014
2022-05-16,-1798.719999999972
2022-05-17,-633.0799999999581
2022-05-18,12180.640000000014
2022-05-19,-1103.719999999972
2022-05-20,961.9200000000419
2022-05-23,-2689.359999999986
2022-05-24,705.640000000014
2022-05-25,-918.0799999999581
2022-05-26,3076.280000000028
2022-05-27,4440.640000000014
2022-05-30,-1339.359999999986
2022-05-31,621.2800000000279
2022-06-01,-4408.719999999972
2022-06-02,3161.280000000028
2022-06-03,5445.640000000014
2022-06-06,-3778.079999999958
2022-06-07,3470.640000000014
2022-06-08,-2248.719999999972
2022-06-09,-2903.079999999958
2022-06-10,0.0
2022-06-13,-7578.079999999958
2022-06-14,-9607.439999999944
2022-06-15,3195.640000000014
2022-06-16,1436.920000000042
2022-06-17,400.64000000001397
2022-06-20,0.0
2022-06-21,-259.35999999998603
2022-06-22,377.5600000000559
2022-06-23,-2063.079999999958
2022-06-24,4035.640000000014
2022-06-27,670.640000000014
2022-06-28,2511.280000000028
2022-06-29,-2008.719999999972
2022-06-30,-4318.079999999958
2022-07-01,1000.640000000014
2022-07-04,0.0
2022-07-05,3376.920000000042
2022-07-06,-3158.719999999972
2022-07-07,2510.640000000014
2022-07-08,-4042.439999999944
2022-07-11,3320.640000000014
2022-07-12,-1198.079999999958
2022-07-13,-4373.719999999972
2022-07-14,-1223.719999999972
2022-07-15,-1838.719999999972
2022-07-18,3210.640000000014
2022-07-19,7050.640000000014
2022-07-20,-2593.079999999958
2022-07-21,-3893.079999999958
2022-07-22,-128.71999999997206
2022-07-25,-1383.719999999972
2022-07-26,1680.640000000014
2022-07-27,6376.280000000028
2022-07-28,3491.920000000042
2022-07-29,-274.35999999998603
2022-08-01,-4522.439999999944
2022-08-02,-509.35999999998603
2022-08-03,5880.640000000014
2022-08-04,-5268.719999999972
2022-08-05,-1158.719999999972
2022-08-08,-763.7199999999721
2022-08-09,265.64000000001397
2022-08-10,-2908.079999999958
2022-08-11,2665.640000000014
2022-08-12,3870.640000000014
2022-08-15,-1609.359999999986
2022-08-16,-1069.359999999986
2022-08-17,-1313.079999999958
2022-08-18,-4058.079999999958
2022-08-19,3815.640000000014
2022-08-22,2695.640000000014
2022-08-23,-2088.719999999972
2022-08-24,-99.35999999998603
2022-08-25,-2083.079999999958
2022-08-26,9706.280000000028
2022-08-29,130.64000000001397
2022-08-30,2226.280000000028
2022-08-31,-2023.079999999958
2022-09-01,-1073.719999999972
2022-09-02,4045.640000000014
2022-09-05,0.0
2022-09-06,1951.280000000028
2022-09-07,3925.640000000014
2022-09-08,-3423.079999999958
2022-09-09,2610.640000000014
2022-09-12,-2793.719999999972
2022-09-13,8515.640000000014
2022-09-14,-1193.719999999972
2022-09-15,806.2800000000279
2022-09-16,15.64000000001397
2022-09-19,1036.280000000028
2022-09-20,-1403.079999999958
2022-09-21,-3652.439999999944
2022-09-22,-2034.359999999986
2022-09-23,635.640000000014
2022-09-26,-6447.439999999944
2022-09-27,-1813.719999999972
2022-09-28,1836.280000000028
2022-09-29,4915.640000000014
2022-09-30,-4543.079999999958
2022-10-03,5235.640000000014
2022-10-04,76.28000000002794
2022-10-05,35.64000000001397
2022-10-06,-2978.079999999958
2022-10-07,0.0
2022-10-10,545.640000000014
2022-10-11,-2778.079999999958
2022-10-12,-3533.719999999972
2022-10-13,7866.280000000028
2022-10-14,3216.280000000028
2022-10-17,4550.640000000014
2022-10-18,1500.640000000014
2022-10-19,-208.71999999997206
2022-10-20,-1924.359999999986
2022-10-21,5350.640000000014
2022-10-24,-1374.359999999986
2022-10-25,1491.280000000028
2022-10-26,-3557.439999999944
2022-10-27,2141.280000000028
2022-10-28,6426.280000000028
2022-10-31,825.640000000014
2022-11-01,3306.280000000028
2022-11-02,-4503.719999999972
2022-11-03,-1924.359999999986
2022-11-04,-1727.4399999999441
2022-11-07,-4548.719999999972
2022-11-08,-3913.719999999972
2022-11-09,3890.640000000014
2022-11-10,7226.280000000028
2022-11-11,-914.359999999986
2022-11-14,-2508.719999999972
2022-11-15,427.5600000000559
2022-11-16,770.640000000014
2022-11-17,635.640000000014
2022-11-18,960.640000000014
2022-11-21,790.640000000014
2022-11-22,-1633.079999999958
2022-11-23,0.0
2022-11-24,0.0
2022-11-25,1385.640000000014
2022-11-28,-3743.079999999958
2022-11-29,506.28000000002794
2022-11-30,9870.640000000014
2022-12-01,-2578.719999999972
2022-12-02,-808.7199999999721
2022-12-05,935.640000000014
2022-12-06,4245.640000000014
2022-12-07,-1439.359999999986
2022-12-08,-4597.439999999944
2022-12-09,-3273.079999999958
2022-12-12,1920.640000000014
2022-12-13,5520.640000000014
2022-12-14,-4828.719999999972
2022-12-15,6905.640000000014
2022-12-16,-2583.719999999972
2022-12-19,196.28000000002794
2022-12-20,-1988.719999999972
2022-12-21,1350.640000000014
2022-12-22,4015.640000000014
2022-12-23,-3443.719999999972
2022-12-27,2850.640000000014
2022-12-28,-3863.079999999958
2022-12-29,3930.640000000014
2022-12-30,-1538.079999999958
2023-01-03,-633.0799999999581
2023-01-04,-4563.079999999958
2023-01-05,1135.640000000014
2023-01-06,2011.280000000028
2023-01-09,226.28000000002794
2023-01-10,136.28000000002794
2023-01-11,0.0
2023-01-12,-4273.079999999958
2023-01-13,-363.71999999997206
2023-01-16,-779.359999999986
2023-01-17,-1338.719999999972
2023-01-18,2945.640000000014
2023-01-19,-1658.719999999972
2023-01-20,3730.640000000014
2023-01-23,0.0
2023-01-24,-3333.079999999958
2023-01-25,3301.280000000028
2023-01-26,-2984.359999999986
2023-01-27,2840.640000000014
2023-01-30,-198.0799999999581
2023-01-31,3140.640000000014
2023-02-01,-1728.079999999958
2023-02-02,-728.0799999999581
2023-02-03,-2343.719999999972
2023-02-06,-1019.359999999986
2023-02-07,3170.640000000014
2023-02-08,1170.640000000014
2023-02-09,1806.280000000028
2023-02-10,-2938.719999999972
2023-02-13,911.2800000000279
2023-02-14,-528.7199999999721
2023-02-15,-63.71999999997206
2023-02-16,2581.280000000028
2023-02-17,-1378.719999999972
2023-02-20,0.0
2023-02-21,11.92000000004191
2023-02-22,-2513.079999999958
2023-02-23,-179.35999999998603
2023-02-24,951.2800000000279
2023-02-27,665.640000000014
2023-02-28,-1283.719999999972
2023-03-01,-2128.079999999958
2023-03-02,2391.280000000028
2023-03-03,2795.640000000014
2023-03-06,95.64000000001397
2023-03-07,-5843.079999999958
2023-03-08,-2778.079999999958
2023-03-09,1031.920000000042
2023-03-10,-4612.439999999944
2023-03-13,-1873.079999999958
2023-03-14,1550.640000000014
2023-03-15,235.64000000001397
2023-03-16,-879.359999999986
2023-03-17,-494.35999999998603
2023-03-20,-3693.719999999972
2023-03-21,121.28000000002794
2023-03-22,1060.640000000014
2023-03-23,2100.640000000014
2023-03-24,-1759.359999999986
2023-03-27,405.64000000001397
2023-03-28,791.2800000000279
2023-03-29,0.0
2023-03-30,-1149.359999999986
2023-03-31,2291.280000000028
2023-04-03,-513.7199999999721
2023-04-04,-308.71999999997206
2023-04-05,2395.640000000014
2023-04-06,651.2800000000279
2023-04-07,0.0
2023-04-10,-23.71999999997206
2023-04-11,1300.640000000014
2023-04-12,-4166.79999999993
2023-04-13,3955.640000000014
2023-04-14,-1318.079999999958
2023-04-17,-2114.359999999986
2023-04-18,815.640000000014
2023-04-19,600.640000000014
2023-04-20,311.9200000000419
2023-04-21,-2318.719999999972
2023-04-24,-2883.079999999958
2023-04-25,2040.640000000014
2023-04-26,-629.359999999986
2023-04-27,5335.640000000014
2023-04-28,-1363.079999999958
2023-05-01,-1113.719999999972
2023-05-02,-193.71999999997206
2023-05-03,-918.7199999999721
2023-05-04,-1233.719999999972
2023-05-05,3670.640000000014
2023-05-08,-1379.359999999986
2023-05-09,-954.359999999986
2023-05-10,-5251.159999999916
2023-05-11,-1349.359999999986
2023-05-12,930.640000000014
2023-05-15,-2222.439999999944
2023-05-16,-953.7199999999721
2023-05-17,416.28000000002794
2023-05-18,3371.280000000028
2023-05-19,41.28000000002794
2023-05-22,-453.71999999997206
2023-05-23,991.2800000000279
2023-05-24,1256.280000000028
2023-05-25,-1564.359999999986
2023-05-26,5620.640000000014
2023-05-29,0.0
2023-05-30,630.640000000014
2023-05-31,-1033.719999999972
2023-06-01,1326.280000000028
2023-06-02,-3353.719999999972
2023-06-05,-1388.079999999958
2023-06-06,-3058.719999999972
2023-06-07,2301.280000000028
2023-06-08,3890.640000000014
2023-06-09,-1438.719999999972
2023-06-12,4335.640000000014
2023-06-13,-3103.719999999972
2023-06-14,-5453.079999999958
2023-06-15,-544.359999999986
2023-06-16,1780.640000000014
2023-06-19,0.0
2023-06-20,-2033.079999999958
2023-06-21,1706.280000000028
2023-06-22,4025.640000000014
2023-06-23,716.2800000000279
2023-06-26,-903.0799999999581
2023-06-27,3275.640000000014
2023-06-28,-2188.079999999958
2023-06-29,-549.359999999986
2023-06-30,2955.640000000014
2023-07-03,0.0
2023-07-04,0.0
2023-07-05,-252.43999999994412
2023-07-06,1856.280000000028
2023-07-07,-1588.079999999958
2023-07-10,-1528.079999999958
2023-07-11,-1819.359999999986
2023-07-12,-2049.359999999986
2023-07-13,2110.640000000014
2023-07-14,61.28000000002794
2023-07-17,2025.640000000014
2023-07-18,561.2800000000279
2023-07-19,-228.71999999997206
2023-07-20,1766.280000000028
2023-07-21,-393.0799999999581
2023-07-24,-2213.719999999972
2023-07-25,2160.640000000014
2023-07-26,-694.359999999986
2023-07-27,5216.280000000028
2023-07-28,2676.280000000028
2023-07-31,-2498.719999999972
2023-08-01,-839.359999999986
2023-08-02,4011.280000000028
2023-08-03,580.640000000014
2023-08-04,-7147.439999999944
2023-08-07,-668.7199999999721
2023-08-08,1210.640000000014
2023-08-09,2455.640000000014
2023-08-10,-3468.079999999958
2023-08-11,-544.359999999986
2023-08-14,746.2800000000279
2023-08-15,2445.640000000014
2023-08-16,-778.0799999999581
2023-08-17,-264.35999999998603
2023-08-18,1790.640000000014
2023-08-21,766.2800000000279
2023-08-22,1925.640000000014
2023-08-23,3856.280000000028
2023-08-24,10240.640000000014
2023-08-25,-1708.719999999972
2023-08-28,-919.359999999986
2023-08-29,4061.280000000028
2023-08-30,-1913.719999999972
2023-08-31,0.0
2023-09-01,1996.280000000028
2023-09-04,-579.359999999986
2023-09-05,26.28000000002794
2023-09-06,1335.640000000014
2023-09-07,1816.280000000028
2023-09-08,-3413.079999999958
2023-09-11,-1188.719999999972
2023-09-12,2265.640000000014
2023-09-13,1270.640000000014
2023-09-14,-1833.719999999972
2023-09-15,4575.640000000014
2023-09-18,390.64000000001397
2023-09-19,-833.7199999999721
2023-09-20,4555.640000000014
2023-09-21,-1474.359999999986
2023-09-22,-2543.719999999972
2023-09-25,-1008.0799999999581
2023-09-26,2940.640000000014
2023-09-27,-1413.719999999972
2023-09-28,-2577.439999999944
2023-09-29,-423.71999999997206
2023-10-02,-3963.079999999958
2023-10-03,2036.280000000028
2023-10-04,3655.640000000014
2023-10-05,270.64000000001397
2023-10-06,2666.920000000042
2023-10-09,-488.71999999997206
2023-10-10,266.28000000002794
2023-10-11,1460.640000000014
2023-10-12,-2143.719999999972
2023-10-13,2246.280000000028
2023-10-16,1985.640000000014
2023-10-17,1036.920000000042
2023-10-18,-3423.079999999958
2023-10-19,-3331.79999999993
2023-10-20,0.0
2023-10-23,971.2800000000279
2023-10-24,-1338.719999999972
2023-10-25,5880.640000000014
2023-10-26,416.28000000002794
2023-10-27,-1334.359999999986
2023-10-30,1250.640000000014
2023-10-31,-3793.719999999972
2023-11-01,3700.640000000014
2023-11-02,-1074.359999999986
2023-11-03,1660.640000000014
2023-11-06,-494.35999999998603
2023-11-07,-2793.719999999972
2023-11-08,-1514.359999999986
2023-11-09,-768.0799999999581
2023-11-10,5516.280000000028
2023-11-13,-509.35999999998603
2023-11-14,-813.7199999999721
2023-11-15,1330.640000000014
2023-11-16,-2613.079999999958
2023-11-17,-1264.359999999986
2023-11-20,3595.640000000014
2023-11-21,601.2800000000279
2023-11-22,1016.2800000000279
2023-11-23,0.0
2023-11-24,135.64000000001397
2023-11-27,-828.7199999999721
2023-11-28,246.28000000002794
2023-11-29,396.28000000002794
2023-11-30,1176.280000000028
2023-12-01,-1369.359999999986
2023-12-04,1965.640000000014
2023-12-05,-1358.079999999958
2023-12-06,1651.920000000042
2023-12-07,3045.640000000014
2023-12-08,-2747.439999999944
2023-12-11,851.2800000000279
2023-12-12,-1184.359999999986
2023-12-13,-914.359999999986
2023-12-14,-588.7200000000303
2023-12-15,-1698.719999999972
2023-12-18,655.640000000014
2023-12-19,531.2800000000279
2023-12-20,1996.2799999999115
2023-12-21,-33.07999999995809
2023-12-22,-963.7200000000885
2023-12-26,1575.640000000014
2023-12-27,-409.35999999998603
2023-12-28,685.6399999998976
2023-12-29,411.28000000002794
2024-01-02,5150.639999999898
2024-01-03,2515.6399999998976
2024-01-04,-839.359999999986
2024-01-05,665.640000000014
2024-01-08,6085.640000000014
2024-01-09,-9.35999999998603
2024-01-10,-238.72000000008848
2024-01-11,-4658.079999999958
2024-01-12,-1583.719999999972
2024-01-15,-1264.359999999986
2024-01-16,-2472.439999999944
2024-01-17,430.64000000001397
2024-01-18,0.0
2024-01-19,0.0
2024-01-22,-114.36000000010245
2024-01-23,-2938.079999999958
2024-01-24,-1298.7200000000885
2024-01-25,501.28000000002794
2024-01-26,-3403.719999999972
2024-01-29,2405.640000000014
2024-01-30,3000.640000000014
2024-01-31,-4723.079999999958
2024-02-01,5105.640000000014
2024-02-02,-249.36000000010245
2024-02-05,-749.3600000001024
2024-02-06,225.63999999989755
2024-02-07,810.640000000014
2024-02-08,-1044.359999999986
2024-02-09,776.2799999999115
2024-02-12,-433.7200000000885
2024-02-13,66.28000000002794
2024-02-14,-4273.720000000205
2024-02-15,-774.3600000001024
2024-02-16,4310.639999999898
2024-02-19,-69.35999999998603
2024-02-20,337.55999999982305
2024-02-21,-119.35999999998603
2024-02-22,-1399.3600000001024
2024-02-23,91.28000000002794
2024-02-26,-454.35999999998603
2024-02-27,-2907.440000000177
2024-02-28,1001.2799999999115
2024-02-29,-73.07999999995809
2024-03-01,2226.280000000028
2024-03-04,320.64000000001397
2024-03-05,1507.5599999999395
2024-03-06,430.64000000001397
2024-03-07,3370.640000000014
2024-03-08,436.9200000000419
2024-03-11,-549.3600000001024
2024-03-12,-1368.079999999958
2024-03-13,1335.640000000014
2024-03-14,-2971.800000000163
2024-03-15,2585.640000000014
2024-03-18,1605.640000000014
2024-03-19,406.28000000002794
2024-03-20,-3244.359999999986
2024-03-21,945.6399999998976
2024-03-22,-614.359999999986
2024-03-25,-638.7199999999721
2024-03-26,565.640000000014
2024-03-27,681.9200000000419
2024-03-28,-1053.7200000000885
2024-04-01,-3567.439999999944
2024-04-02,2076.2799999999115
2024-04-03,-2163.7200000000885
2024-04-04,8731.280000000028
2024-04-05,3615.640000000014
2024-04-08,-1993.7200000000885
2024-04-09,-1802.4400000000605
2024-04-10,-679.359999999986
2024-04-11,681.2799999999115
2024-04-12,4125.640000000014
2024-04-15,7276.280000000028
2024-04-16,-119.35999999998603
2024-04-17,1961.2799999999115
2024-04-18,-2783.0800000000745
2024-04-19,2865.640000000014
2024-04-22,-3133.0800000000745
2024-04-23,4570.640000000014
2024-04-24,3080.6399999998976
2024-04-25,5761.280000000028
2024-04-26,-1044.3600000001024
2024-04-29,-694.3600000001024
2024-04-30,3581.279999999795
2024-05-01,-4298.719999999972
2024-05-02,-978.0799999999581
2024-05-03,0.0
2024-05-06,0.0
2024-05-07,0.0
2024-05-08,1116.920000000042
2024-05-09,-2992.439999999944
2024-05-10,-764.3600000001024
2024-05-13,6.28000000002794
2024-05-14,-732.4400000000605
2024-05-15,651.2800000000279
2024-05-16,241.27999999991152
2024-05-17,-2647.4400000000605
2024-05-20,-129.35999999998603
2024-05-21,1331.2799999999115
2024-05-22,-973.7200000000885
2024-05-23,4271.9199999999255
2024-05-24,2430.640000000014
2024-05-27,895.640000000014
2024-05-28,-718.7200000002049
2024-05-29,1281.279999999795
2024-05-30,-424.35999999998603
2024-05-31,6376.9199999999255
2024-06-03,895.640000000014
2024-06-04,-2589.3600000001024
2024-06-05,3410.640000000014
2024-06-06,-79.35999999998603
2024-06-07,-4807.440000000177
2024-06-10,805.640000000014
2024-06-11,-1873.719999999972
2024-06-12,-1499.359999999986
2024-06-13,-2243.720000000205
2024-06-14,-113.72000000008848
2024-06-17,-2673.7200000000885
2024-06-18,-499.35999999998603
2024-06-19,0.0
2024-06-20,4765.640000000014
2024-06-21,-564.3600000001024
2024-06-24,961.2799999997951
2024-06-25,3000.640000000014
2024-06-26,-248.72000000008848
2024-06-27,1760.640000000014
2024-06-28,-93.72000000008848
2024-07-01,391.2799999999115
2024-07-02,-1579.359999999986
2024-07-03,0.0
2024-07-04,0.0
2024-07-05,2300.640000000014
2024-07-08,0.0
2024-07-09,-734.359999999986
2024-07-10,-923.7200000000885
2024-07-11,8760.640000000014
2024-07-12,2011.280000000028
2024-07-15,545.640000000014
2024-07-16,-344.35999999998603
2024-07-17,9820.639999999898
2024-07-18,-588.7199999999721
2024-07-19,-5293.0800000000745
2024-07-22,3295.640000000014
2024-07-23,-3923.079999999958
2024-07-24,11205.639999999898
2024-07-25,-8611.800000000047
2024-07-26,-2063.079999999958
2024-07-29,-4218.719999999972
2024-07-30,-6611.79999999993
2024-07-31,8741.280000000028
2024-08-01,8171.279999999795
2024-08-02,-5938.719999999972
2024-08-05,1751.280000000028
2024-08-06,-8428.079999999958
2024-08-07,-1879.359999999986
2024-08-08,11585.640000000014
2024-08-09,-929.359999999986
2024-08-12,-1254.3600000001024
2024-08-13,1995.640000000014
2024-08-14,-874.359999999986
2024-08-15,-2224.3600000001024
2024-08-16,735.6399999998976
2024-08-19,0.0
2024-08-20,-524.3600000001024
2024-08-21,-1993.719999999972
2024-08-22,5555.639999999898
2024-08-23,2005.640000000014
2024-08-26,2310.640000000014
2024-08-27,-1593.7200000000885
2024-08-28,1416.919999999809
2024-08-29,1850.640000000014
2024-08-30,-2628.0800000000745
2024-09-02,-1534.359999999986
2024-09-03,10321.279999999795
2024-09-04,-1498.7200000000885
2024-09-05,-6438.079999999958
2024-09-06,5071.280000000028
2024-09-09,4300.640000000014
2024-09-10,-4338.7200000000885
2024-09-11,-4448.080000000191
2024-09-12,-3864.359999999986
2024-09-13,1490.640000000014
2024-09-16,-1044.359999999986
2024-09-17,140.63999999989755
2024-09-18,-1638.0800000003073
2024-09-19,7051.280000000028
2024-09-20,-1853.7200000000885
2024-09-23,-3907.4400000002934
2024-09-24,-2683.719999999972
2024-09-25,-2703.7200000000885
2024-09-26,1865.640000000014
2024-09-27,851.2799999997951
2024-09-30,-5347.439999999944
2024-10-01,2796.279999999795
2024-10-02,-5038.080000000191
2024-10-03,-1208.7200000000885
2024-10-04,-1388.079999999958
2024-10-07,1980.640000000014
2024-10-08,4080.640000000014
2024-10-09,1670.640000000014
2024-10-10,-2368.7200000000885
2024-10-11,-544.359999999986
2024-10-14,1451.280000000028
2024-10-15,3121.279999999795
2024-10-16,-2588.719999999972
2024-10-17,1746.280000000028
2024-10-18,1100.640000000014
2024-10-21,-73.07999999995809
2024-10-22,-48.72000000020489
2024-10-23,5706.2799999999115
2024-10-24,-1424.359999999986
2024-10-25,686.2800000000279
2024-10-28,-509.35999999998603
2024-10-29,1051.280000000028
2024-10-30,2960.640000000014
2024-10-31,-1724.359999999986
2024-11-01,660.640000000014
2024-11-04,-4878.0800000000745
2024-11-05,3605.640000000014
2024-11-06,-5278.7200000000885
2024-11-07,0.0
2024-11-08,-1819.3600000001024
2024-11-11,-189.36000000010245
2024-11-12,-2163.720000000205
2024-11-13,-2963.720000000205
2024-11-14,1910.6399999998976
2024-11-15,3981.2799999999115
2024-11-18,-428.71999999997206
2024-11-19,1946.9199999999255
2024-11-20,-2163.7200000000885
2024-11-21,-3913.720000000205
2024-11-22,90.64000000001397
2024-11-25,550.640000000014
2024-11-26,-3118.7200000000885
2024-11-27,1520.640000000014
2024-11-28,0.0
2024-11-29,-789.3600000001024
2024-12-02,-28.720000000088476
2024-12-03,1180.640000000014
2024-12-04,0.0
2024-12-05,375.63999999989755
2024-12-06,2845.640000000014
2024-12-09,2880.640000000014
2024-12-10,26.28000000002794
2024-12-11,5165.640000000014
2024-12-12,1020.640000000014
2024-12-13,-1938.079999999958
2024-12-16,3460.640000000014
2024-12-17,-763.7200000002049
2024-12-18,1578.2000000000698
2024-12-19,-63.07999999995809
2024-12-20,6740.640000000014
2024-12-23,-5923.0800000000745
2024-12-24,2300.640000000014
2024-12-26,-3198.720000000205
2024-12-27,5116.2799999999115
2024-12-30,1811.2799999999115
2024-12-31,-238.71999999997206
2025-01-02,-478.71999999997206
2025-01-03,2455.640000000014
2025-01-06,-2099.359999999986
2025-01-07,5301.279999999795
2025-01-08,-6883.080000000191
2025-01-09,-754.359999999986
2025-01-10,-1982.4400000004098
2025-01-13,2496.2799999999115
2025-01-14,-2823.7200000000885
2025-01-15,1145.640000000014
2025-01-16,4505.640000000014
2025-01-17,3246.280000000028
2025-01-20,0.0
2025-01-21,-4402.4400000000605
2025-01-22,0.0
2025-01-23,-1418.719999999972
2025-01-24,1475.640000000014
2025-01-27,3650.640000000014
2025-01-28,-4743.0800000000745
2025-01-29,-1104.359999999986
2025-01-30,-7653.0800000000745
2025-01-31,66.28000000002794
2025-02-03,6416.280000000028
2025-02-04,-2964.3600000001024
2025-02-05,-913.7200000000885
2025-02-06,-4893.080000000191
2025-02-07,691.2800000000279
2025-02-10,3820.640000000014
2025-02-11,-2308.079999999958
2025-02-12,2896.2799999999115
2025-02-13,-2189.359999999986
2025-02-14,-1649.3600000001024
2025-02-17,-804.3600000001024
2025-02-18,-734.3600000001024
2025-02-19,-114.36000000010245
2025-02-20,1161.2799999999115
2025-02-21,8960.640000000014
2025-02-24,-899.359999999986
2025-02-25,-2918.079999999958
2025-02-26,-6003.719999999972
2025-02-27,9816.279999999795
2025-02-28,4950.640000000014
2025-03-03,6076.2799999999115
2025-03-04,-10432.440000000177
2025-03-05,-3893.7200000000885
2025-03-06,2371.2799999999115
2025-03-07,-11127.44000000006
2025-03-10,11770.640000000014
2025-03-11,-15772.440000000177
2025-03-12,-8548.719999999972
2025-03-13,2960.6399999998976
2025-03-14,4250.640000000014
2025-03-17,-1313.719999999972
2025-03-18,3155.640000000014
2025-03-19,2135.640000000014
2025-03-20,-3418.719999999972
2025-03-21,3420.640000000014
2025-03-24,0.0
2025-03-25,0.0
2025-03-26,6110.639999999898
2025-03-27,-7468.079999999958
2025-03-28,8720.640000000014
2025-03-31,3075.640000000014
2025-04-01,-9093.080000000075
2025-04-02,9477.55999999994
2025-04-03,-8268.079999999958
2025-04-04,-6718.719999999972
2025-04-07,5702.560000000056
2025-04-08,16305.640000000014
2025-04-09,33341.92000000004
2025-04-10,12170.640000000014
2025-04-11,-8567.439999999944
2025-04-14,3165.6399999998976
2025-04-15,-1909.359999999986
2025-04-16,2916.2799999999115
2025-04-17,445.63999999989755
2025-04-21,1455.6399999998976
2025-04-22,5670.640000000014
2025-04-23,-1773.079999999958
2025-04-24,7891.2799999999115
2025-04-25,-4638.7200000000885
2025-04-28,-4368.720000000205
2025-04-29,-1463.7200000000885
2025-04-30,171.27999999991152
2025-05-01,-1928.720000000205
2025-05-02,5755.640000000014
2025-05-05,-1078.079999999958
2025-05-06,-619.359999999986
2025-05-07,-8312.44000000006
2025-05-08,-6958.7200000000885
2025-05-09,-5338.079999999958
2025-05-12,3022.5599999999395
2025-05-13,0.0
2025-05-14,250.64000000001397
2025-05-15,-1509.3600000001024
2025-05-16,-1534.3600000001024
2025-05-19,4551.2799999999115
2025-05-20,20.64000000001397
2025-05-21,-1483.0800000000745
2025-05-22,-4483.719999999972
2025-05-23,191.27999999991152
2025-05-26,3910.640000000014
2025-05-27,-1683.720000000205
2025-05-28,-1468.720000000205
2025-05-29,6900.639999999898
2025-05-30,-388.7200000000885
2025-06-02,-3623.079999999958
2025-06-03,-1849.3600000001024
2025-06-04,-719.359999999986
2025-06-05,-3903.079999999958
2025-06-06,3700.640000000014
2025-06-09,-844.359999999986
2025-06-10,-1497.4399999999441
2025-06-11,-1748.720000000205
2025-06-12,-2003.080000000191
2025-06-13,-2967.4400000000605
2025-06-16,3895.640000000014
2025-06-17,-2763.080000000191
2025-06-18,-849.359999999986
2025-06-19,-144.35999999998603
2025-06-20,2596.280000000028
2025-06-23,1791.280000000028
2025-06-24,0.0
2025-06-25,-3483.719999999972
2025-06-26,-2339.3600000001024
2025-06-27,-398.71999999997206
2025-06-30,-1484.3600000001024
2025-07-01,331.2799999997951
2025-07-02,-673.0799999999581
2025-07-03,0.0
2025-07-04,785.640000000014
2025-07-07,-4297.4400000000605
2025-07-08,-109.35999999998603
2025-07-09,446.28000000002794
2025-07-10,-1248.720000000205
2025-07-11,-2103.080000000191
2025-07-14,-4638.0800000000745
2025-07-15,1426.2799999999115
2025-07-16,246.28000000002794
2025-07-17,0.0
2025-07-18,700.6399999998976
2025-07-21,521.2800000000279
2025-07-22,-1423.079999999958
2025-07-23,-4286.800000000047
2025-07-24,-1224.359999999986
2025-07-25,-1343.7200000000885
2025-07-28,-1708.7200000000885
2025-07-29,1466.280000000028
2025-07-30,-78.07999999995809
2025-07-31,8345.640000000014
2025-08-01,-3672.439999999944
2025-08-04,6680.640000000014
2025-08-05,3415.640000000014
2025-08-06,5200.640000000014
2025-08-07,185.64000000001397
2025-08-08,0.0
2025-08-11,1060.6399999998976
2025-08-12,-543.0799999999581
2025-08-13,1085.640000000014
2025-08-14,-2972.4400000000605
2025-08-15,-2838.080000000191
2025-08-18,-1484.359999999986
2025-08-19,5390.640000000014
2025-08-20,4161.920000000042
2025-08-21,610.640000000014
2025-08-22,6200.640000000014
2025-08-25,-2068.7200000000885
2025-08-26,2890.640000000014
2025-08-27,-1638.080000000191
2025-08-28,-1448.079999999958
2025-08-29,4825.640000000014
2025-09-01,-1694.359999999986
2025-09-02,7146.920000000042
2025-09-03,-1464.3600000001024
2025-09-04,3200.640000000014
2025-09-05,3365.640000000014
2025-09-08,-199.36000000010245
2025-09-09,-118.71999999997206
2025-09-10,1340.6399999998976
2025-09-11,-113.71999999997206
2025-09-12,-1933.7200000000885
2025-09-15,1550.640000000014
2025-09-16,185.63999999989755
2025-09-17,-2136.800000000163
2025-09-18,-3998.719999999972
2025-09-19,1380.640000000014
2025-09-22,-2948.720000000205
2025-09-23,2215.6399999998976
2025-09-24,876.2800000000279
2025-09-25,-4408.0800000000745
2025-09-26,-2264.3600000001024
2025-09-29,-1244.359999999986
2025-09-30,-3308.719999999972
2025-10-01,3656.280000000028
2025-10-02,510.64000000001397
2025-10-03,2570.6399999998976
2025-10-06,2331.280000000028
2025-10-07,1205.6399999998976
2025-10-08,4675.640000000014
2025-10-09,505.64000000001397
2025-10-10,13326.279999999795
2025-10-13,1061.280000000028
2025-10-14,2131.9199999999255
2025-10-15,-758.0799999999581
2025-10-16,576.2799999999115
2025-10-17,7565.640000000014
2025-10-20,0.0
2025-10-21,-1569.359999999986
2025-10-22,2980.6399999998976
2025-10-23,-1709.3600000001024
2025-10-24,0.0
2025-10-27,0.0
2025-10-28,0.0
2025-10-29,-3583.720000000205
2025-10-30,-2743.0800000000745
2025-10-31,2965.6399999998976
2025-11-03,801.2800000000279
2025-11-04,-4458.0800000000745
2025-11-05,5935.640000000014
2025-11-06,6490.640000000014
2025-11-07,1916.2799999999115
2025-11-10,0.0
2025-11-11,-1489.359999999986
2025-11-12,1280.6399999998976
2025-11-13,5891.279999999795
2025-11-14,6620.640000000014
2025-11-17,-5363.080000000191
2025-11-18,-5243.080000000307
2025-11-19,-6027.4400000000605
2025-11-20,19695.640000000014
2025-11-21,-773.7199999999721
2025-11-24,5210.640000000014
2025-11-25,-7559.359999999986
2025-11-26,0.0
2025-11-27,0.0
2025-11-28,0.0
2025-12-01,-208.7200000002049
2025-12-02,161.28000000002794
2025-12-03,-2019.3600000001024
2025-12-04,-449.36000000010245
2025-12-05,-3193.0800000000745
2025-12-08,-723.7199999999721
2025-12-09,-1804.3600000001024
2025-12-10,-7203.080000000191
2025-12-11,1432.5600000000559
2025-12-12,9690.640000000014
2025-12-15,146.9199999999255
2025-12-16,2025.640000000014
2025-12-17,8165.640000000014
2025-12-18,-2253.719999999972
2025-12-19,4605.640000000014
2025-12-22,-54.35999999998603
2025-12-23,1056.280000000028
2025-12-24,0.0
2025-12-26,0.0
2025-12-29,-6037.4400000000605
2025-12-30,-184.35999999998603
2025-12-31,1196.9199999999255
2026-01-02,1691.280000000028
2026-01-05,265.63999999989755
2026-01-06,1845.640000000014
2026-01-07,-1588.7200000000885
2026-01-08,-1618.719999999972
2026-01-09,-4827.440000000293
2026-01-12,2121.280000000028
2026-01-13,-7443.079999999958
2026-01-14,3231.2799999999115
2026-01-15,3610.640000000014
2026-01-16,-653.7199999999721
2026-01-19,-2899.3600000001024
2026-01-20,691.9199999999255
2026-01-21,3261.280000000028
2026-01-22,-2899.3600000001024
2026-01-23,380.64000000001397
2026-01-26,536.2800000000279
2026-01-27,-3054.359999999986
2026-01-28,-414.36000000010245
2026-01-29,3225.6399999998976
2026-01-30,-268.7200000002049
2026-02-02,8325.640000000014
2026-02-03,8645.640000000014
2026-02-04,7135.639999999898
2026-02-05,10510.639999999898
2026-02-06,11215.640000000014
2026-02-09,-1438.719999999972
2026-02-10,1390.640000000014
2026-02-11,-2682.4400000000605
2026-02-12,8725.640000000014
2026-02-13,-8698.719999999972
2026-02-16,-1334.3600000001024
2026-02-17,-7178.079999999958
2026-02-18,40.64000000001397
2026-02-19,-2343.720000000205
2026-02-20,1966.280000000028
2026-02-23,3370.6399999998976
2026-02-24,-1363.7200000000885
2026-02-25,2990.640000000014
2026-02-26,5300.639999999898
2026-02-27,235.63999999989755
2026-03-02,4851.2799999999115
2026-03-03,2101.9199999999255
2026-03-04,-2278.719999999972
2026-03-05,-10097.44000000006
2026-03-06,-4053.0800000000745
2026-03-09,9041.280000000028
2026-03-10,-8153.0800000000745
2026-03-11,-6693.0800000000745
2026-03-12,-793.7199999999721
2026-03-13,-2159.359999999986
2026-03-16,3240.640000000014
2026-03-17,-3198.7200000000885
2026-03-18,7050.640000000014
2026-03-19,-3683.079999999958
2026-03-20,5575.640000000014
2026-03-23,-12846.800000000047
2026-03-24,-3398.7200000000885
2026-03-25,-5678.719999999972
2026-03-26,3596.2799999999115
2026-03-27,5765.639999999898
2026-03-30,1775.640000000014
2026-03-31,13260.640000000014
2026-04-01,-199.36000000010245
2026-04-02,8961.279999999912
2026-04-03,0.0
2026-04-06,-5673.0800000000745
2026-04-07,-6088.080000000191
2026-04-08,-2348.720000000205
2026-04-09,305.64000000001397
2026-04-10,-1034.359999999986
2026-04-13,2271.2799999999115
2026-04-14,0.0
2026-04-15,0.0
2026-04-16,-1599.359999999986
2026-04-17,3546.280000000028
2026-04-20,-5753.720000000205
2026-04-21,5.6399999998975545
2026-04-22,2370.640000000014
2026-04-23,-3928.7200000000885
2026-04-24,-2318.7200000000885
2026-04-27,-1274.359999999986
2026-04-28,-1573.0800000000745
2026-04-29,-7532.440000000177
2026-04-30,-552.4400000000605
2026-05-01,0.0
2026-05-04,-2533.7200000000885
2026-05-05,7080.640000000014
2026-05-06,806.2800000000279
2026-05-07,-1818.7200000000885
2026-05-08,11475.640000000014
2026-05-11,0.0
2026-05-12,646.2799999999115
2026-05-13,-2973.7200000000885
2026-05-14,-1609.359999999986
2026-05-15,-2428.0800000000745
2026-05-18,-1293.719999999972
2026-05-19,-16952.44000000006
2026-05-20,3935.640000000014
2026-05-21,-1034.359999999986
2026-05-22,-1569.359999999986
2026-05-25,3390.640000000014
2026-05-26,-1822.4400000000605
2026-05-27,365.63999999989755
2026-05-28,-2723.080000000191
2026-05-29,0.0
