obj,year,weekly,wkpos
SOLAR,2022,442.0469471633169,38.46153846153847
SOLAR,2023,201.13413323412968,50.0
SOLAR,2024,467.3628926186505,49.056603773584904
SOLAR,2025,1069.3127724162455,52.83018867924528
SOLAR,2026,357.9067596224802,41.935483870967744
P1,2022,997.654236186349,42.30769230769231
P1,2023,140.44654387865654,53.84615384615385
P1,2024,1753.2210576667553,54.71698113207547
P1,2025,2103.485963327133,56.60377358490566
P1,2026,250.85835529304862,51.61290322580645
X9a,2022,634.9114821899077,42.30769230769231
X9a,2023,-0.005870296893097413,48.07692307692308
X9a,2024,1981.2962141917324,62.264150943396224
X9a,2025,622.8126366933647,49.056603773584904
X9a,2026,1429.9249120337458,54.83870967741935
BMOM_std,2022,1264.7838122067276,53.84615384615385
BMOM_std,2023,657.1900145610184,55.769230769230774
BMOM_std,2024,878.0642478568084,58.490566037735846
BMOM_std,2025,1448.664598284896,66.0377358490566
BMOM_std,2026,5.8047951993324265,45.16129032258064
BMOM_L_std,2022,987.7838953729529,46.15384615384615
BMOM_L_std,2023,1151.8340260903203,57.692307692307686
BMOM_L_std,2024,663.9000097994834,64.15094339622641
BMOM_L_std,2025,1018.5847988473719,50.943396226415096
BMOM_L_std,2026,-670.9417856583884,45.16129032258064
PORT_SB  (Solar+BMOM),2022,930.0515333092662,50.0
PORT_SB  (Solar+BMOM),2023,471.64268959328996,57.692307692307686
PORT_SB  (Solar+BMOM),2024,710.9695102484593,56.60377358490566
PORT_SB  (Solar+BMOM),2025,1294.3244847296023,60.37735849056604
PORT_SB  (Solar+BMOM),2026,149.05824349280877,45.16129032258064
PORT_SBL (Solar+BMOM_L),2022,703.8773054052544,46.15384615384615
PORT_SBL (Solar+BMOM_L),2023,657.2551533404842,57.692307692307686
PORT_SBL (Solar+BMOM_L),2024,561.6562769462364,52.83018867924528
PORT_SBL (Solar+BMOM_L),2025,1044.9748133757234,52.83018867924528
PORT_SBL (Solar+BMOM_L),2026,-135.70794627444704,54.83870967741935
PORT_XB  (X9a+BMOM 2:3),2022,920.5600548809405,46.15384615384615
PORT_XB  (X9a+BMOM 2:3),2023,298.03399832707044,50.0
PORT_XB  (X9a+BMOM 2:3),2024,1480.9779409278826,69.81132075471697
PORT_XB  (X9a+BMOM 2:3),2025,997.3384300020042,64.15094339622641
PORT_XB  (X9a+BMOM 2:3),2026,784.0831131036766,48.38709677419355
